id,occurredAt,amount,currency,type,accountingTreatment,merchant,category,subcategory,source,accountHint,reviewStatus,excludedFromSpending,parseConfidence,notes
13425,2026-05-06 18:03:55,2.92,USD,UNKNOWN,UNKNOWN,,,,"Multiple: Capital One, Chase",5944,NEEDS_REVIEW,true,0.55,Accounting treatment: UNKNOWN. Retained in activity; not counted in Spending Summary. Merchant/payee not confidently extracted. Could not confidently classify accounting treatment.
13426,2026-05-06 17:56:33,1.57,USD,UNKNOWN,UNKNOWN,,,,"Multiple: Capital One, Chase",5944,NEEDS_REVIEW,true,0.55,Accounting treatment: UNKNOWN. Retained in activity; not counted in Spending Summary. Merchant/payee not confidently extracted. Could not confidently classify accounting treatment.
13427,2026-05-06 14:26:13,4211.84,USD,UNKNOWN,UNKNOWN,,,,"Multiple: Capital One, Chase",5944,NEEDS_REVIEW,true,0.55,Accounting treatment: UNKNOWN. Retained in activity; not counted in Spending Summary. Merchant/payee not confidently extracted. Could not confidently classify accounting treatment.
14830,2026-05-05 19:24:58,23.96,USD,EXPENSE,EXPENSE,COSTCO WHSE #1739 on May 5,Groceries,General,Chase,3039,AUTO_PARSED,false,0.90,Accounting treatment: EXPENSE. Merchant extracted by action merchant. Suggested category: Groceries/General.
13428,2026-05-05 18:56:23,8.77,USD,UNKNOWN,UNKNOWN,,,,"Multiple: Capital One, Chase",5944,NEEDS_REVIEW,true,0.55,Accounting treatment: UNKNOWN. Retained in activity; not counted in Spending Summary. Merchant/payee not confidently extracted. Could not confidently classify accounting treatment.
14831,2026-05-05 12:57:35,4211.84,USD,TRANSFER,TRANSFER,1:57 PM ET was more than the $1,,,Chase,3039,AUTO_PARSED,true,0.86,Accounting treatment: TRANSFER. Merchant extracted by generic at. Retained in activity; not counted in Spending Summary.
14832,2026-05-05 10:56:02,62.54,USD,TRANSFER,TRANSFER,5:07 AM ET was more than the $1,,,Chase,3039,AUTO_PARSED,true,0.86,Accounting treatment: TRANSFER. Merchant extracted by generic at. Retained in activity; not counted in Spending Summary.
14833,2026-05-05 10:27:34,155.00,USD,TRANSFER,TRANSFER,5:07 AM ET was more than the $1,,,Chase,3039,AUTO_PARSED,true,0.86,Accounting treatment: TRANSFER. Merchant extracted by generic at. Retained in activity; not counted in Spending Summary.
13429,2026-05-05 07:59:47,4211.84,USD,EXPENSE,EXPENSE,,,,"Multiple: Capital One, Chase",5944,NEEDS_REVIEW,false,0.55,Accounting treatment: EXPENSE. Merchant/payee not confidently extracted.
13430,2026-05-05 04:34:50,93.41,USD,UNKNOWN,UNKNOWN,,,,"Multiple: Capital One, Chase",5944,NEEDS_REVIEW,true,0.55,Accounting treatment: UNKNOWN. Retained in activity; not counted in Spending Summary. Merchant/payee not confidently extracted. Could not confidently classify accounting treatment.
13431,2026-05-04 21:07:05,74.69,USD,UNKNOWN,UNKNOWN,,,,"Multiple: Capital One, Chase",5944,NEEDS_REVIEW,true,0.55,Accounting treatment: UNKNOWN. Retained in activity; not counted in Spending Summary. Merchant/payee not confidently extracted. Could not confidently classify accounting treatment.
13432,2026-05-02 11:45:12,6.77,USD,UNKNOWN,UNKNOWN,,,,"Multiple: Capital One, Chase",5944,NEEDS_REVIEW,true,0.55,Accounting treatment: UNKNOWN. Retained in activity; not counted in Spending Summary. Merchant/payee not confidently extracted. Could not confidently classify accounting treatment.
13433,2026-05-02 11:29:36,7.10,USD,UNKNOWN,UNKNOWN,,,,"Multiple: Capital One, Chase",5944,NEEDS_REVIEW,true,0.55,Accounting treatment: UNKNOWN. Retained in activity; not counted in Spending Summary. Merchant/payee not confidently extracted. Could not confidently classify accounting treatment.
13434,2026-05-01 13:13:21,47.86,USD,UNKNOWN,UNKNOWN,,,,"Multiple: Capital One, Chase",5944,NEEDS_REVIEW,true,0.55,Accounting treatment: UNKNOWN. Retained in activity; not counted in Spending Summary. Merchant/payee not confidently extracted. Could not confidently classify accounting treatment.
14834,2026-05-01 10:27:06,2052.24,USD,TRANSFER,TRANSFER,3:54 AM ET was more than the $1,,,Chase,3039,AUTO_PARSED,true,0.86,Accounting treatment: TRANSFER. Merchant extracted by generic at. Retained in activity; not counted in Spending Summary.
13435,2026-04-30 19:46:15,23.82,USD,UNKNOWN,UNKNOWN,,,,"Multiple: Capital One, Chase",5944,NEEDS_REVIEW,true,0.55,Accounting treatment: UNKNOWN. Retained in activity; not counted in Spending Summary. Merchant/payee not confidently extracted. Could not confidently classify accounting treatment.
14835,2026-04-30 10:06:34,3121.48,USD,INCOME,INCOME,3:52 AM ET was more than the $1,,,Chase,3039,AUTO_PARSED,true,0.86,Accounting treatment: INCOME. Merchant extracted by generic at. Retained in activity; not counted in Spending Summary.
13436,2026-04-29 18:15:32,2.69,USD,UNKNOWN,UNKNOWN,,,,"Multiple: Capital One, Chase",5944,NEEDS_REVIEW,true,0.55,Accounting treatment: UNKNOWN. Retained in activity; not counted in Spending Summary. Merchant/payee not confidently extracted. Could not confidently classify accounting treatment.
13437,2026-04-29 17:38:19,29.90,USD,UNKNOWN,UNKNOWN,,,,"Multiple: Capital One, Chase",5944,NEEDS_REVIEW,true,0.55,Accounting treatment: UNKNOWN. Retained in activity; not counted in Spending Summary. Merchant/payee not confidently extracted. Could not confidently classify accounting treatment.
14836,2026-04-28 10:41:06,155.00,USD,TRANSFER,TRANSFER,4:36 AM ET was more than the $1,,,Chase,3039,AUTO_PARSED,true,0.86,Accounting treatment: TRANSFER. Merchant extracted by generic at. Retained in activity; not counted in Spending Summary.
13438,2026-04-28 07:10:42,16.74,USD,UNKNOWN,UNKNOWN,,,,"Multiple: Capital One, Chase",5944,NEEDS_REVIEW,true,0.55,Accounting treatment: UNKNOWN. Retained in activity; not counted in Spending Summary. Merchant/payee not confidently extracted. Could not confidently classify accounting treatment.
13439,2026-04-28 04:03:08,9.86,USD,UNKNOWN,UNKNOWN,,,,"Multiple: Capital One, Chase",5944,NEEDS_REVIEW,true,0.55,Accounting treatment: UNKNOWN. Retained in activity; not counted in Spending Summary. Merchant/payee not confidently extracted. Could not confidently classify accounting treatment.
13440,2026-04-28 01:55:34,51.15,USD,UNKNOWN,UNKNOWN,,,,"Multiple: Capital One, Chase",5944,NEEDS_REVIEW,true,0.55,Accounting treatment: UNKNOWN. Retained in activity; not counted in Spending Summary. Merchant/payee not confidently extracted. Could not confidently classify accounting treatment.
13441,2026-04-27 20:44:01,11.72,USD,UNKNOWN,UNKNOWN,,,,"Multiple: Capital One, Chase",5944,NEEDS_REVIEW,true,0.55,Accounting treatment: UNKNOWN. Retained in activity; not counted in Spending Summary. Merchant/payee not confidently extracted. Could not confidently classify accounting treatment.
13442,2026-04-27 04:10:11,40.00,USD,UNKNOWN,UNKNOWN,,,,"Multiple: Capital One, Chase",5944,NEEDS_REVIEW,true,0.55,Accounting treatment: UNKNOWN. Retained in activity; not counted in Spending Summary. Merchant/payee not confidently extracted. Could not confidently classify accounting treatment.
13443,2026-04-26 15:30:50,10.00,USD,UNKNOWN,UNKNOWN,,,,"Multiple: Capital One, Chase",5944,NEEDS_REVIEW,true,0.55,Accounting treatment: UNKNOWN. Retained in activity; not counted in Spending Summary. Merchant/payee not confidently extracted. Could not confidently classify accounting treatment.
13444,2026-04-26 12:30:01,3888.17,USD,UNKNOWN,UNKNOWN,,,,"Multiple: Capital One, Chase",5944,NEEDS_REVIEW,true,0.55,Accounting treatment: UNKNOWN. Retained in activity; not counted in Spending Summary. Merchant/payee not confidently extracted. Could not confidently classify accounting treatment.
13445,2026-04-25 17:19:05,2.00,USD,UNKNOWN,UNKNOWN,,,,"Multiple: Capital One, Chase",5944,NEEDS_REVIEW,true,0.55,Accounting treatment: UNKNOWN. Retained in activity; not counted in Spending Summary. Merchant/payee not confidently extracted. Could not confidently classify accounting treatment.
13446,2026-04-25 16:52:31,8.75,USD,UNKNOWN,UNKNOWN,,,,"Multiple: Capital One, Chase",5944,NEEDS_REVIEW,true,0.55,Accounting treatment: UNKNOWN. Retained in activity; not counted in Spending Summary. Merchant/payee not confidently extracted. Could not confidently classify accounting treatment.
13447,2026-04-25 16:17:38,5.00,USD,UNKNOWN,UNKNOWN,,,,"Multiple: Capital One, Chase",5944,NEEDS_REVIEW,true,0.55,Accounting treatment: UNKNOWN. Retained in activity; not counted in Spending Summary. Merchant/payee not confidently extracted. Could not confidently classify accounting treatment.
13448,2026-04-24 19:39:50,30.31,USD,UNKNOWN,UNKNOWN,,,,"Multiple: Capital One, Chase",5944,NEEDS_REVIEW,true,0.55,Accounting treatment: UNKNOWN. Retained in activity; not counted in Spending Summary. Merchant/payee not confidently extracted. Could not confidently classify accounting treatment.
13449,2026-04-24 15:42:59,20.00,USD,UNKNOWN,UNKNOWN,,,,"Multiple: Capital One, Chase",5944,NEEDS_REVIEW,true,0.55,Accounting treatment: UNKNOWN. Retained in activity; not counted in Spending Summary. Merchant/payee not confidently extracted. Could not confidently classify accounting treatment.
13450,2026-04-23 21:35:59,42.29,USD,UNKNOWN,UNKNOWN,,,,"Multiple: Capital One, Chase",5944,NEEDS_REVIEW,true,0.55,Accounting treatment: UNKNOWN. Retained in activity; not counted in Spending Summary. Merchant/payee not confidently extracted. Could not confidently classify accounting treatment.
14837,2026-04-23 10:18:13,283.12,USD,TRANSFER,TRANSFER,3:48 AM ET was more than the $1,,,Chase,3039,AUTO_PARSED,true,0.86,Accounting treatment: TRANSFER. Merchant extracted by generic at. Retained in activity; not counted in Spending Summary.
13451,2026-04-23 07:30:22,60.00,USD,UNKNOWN,UNKNOWN,,,,"Multiple: Capital One, Chase",5944,NEEDS_REVIEW,true,0.55,Accounting treatment: UNKNOWN. Retained in activity; not counted in Spending Summary. Merchant/payee not confidently extracted. Could not confidently classify accounting treatment.
13452,2026-04-22 21:16:19,18.88,USD,UNKNOWN,UNKNOWN,,,,"Multiple: Capital One, Chase",5944,NEEDS_REVIEW,true,0.55,Accounting treatment: UNKNOWN. Retained in activity; not counted in Spending Summary. Merchant/payee not confidently extracted. Could not confidently classify accounting treatment.
13453,2026-04-22 18:24:58,13.99,USD,UNKNOWN,UNKNOWN,,,,"Multiple: Capital One, Chase",5944,NEEDS_REVIEW,true,0.55,Accounting treatment: UNKNOWN. Retained in activity; not counted in Spending Summary. Merchant/payee not confidently extracted. Could not confidently classify accounting treatment.
13454,2026-04-21 23:17:45,44.53,USD,UNKNOWN,UNKNOWN,,,,"Multiple: Capital One, Chase",5944,NEEDS_REVIEW,true,0.55,Accounting treatment: UNKNOWN. Retained in activity; not counted in Spending Summary. Merchant/payee not confidently extracted. Could not confidently classify accounting treatment.
13455,2026-04-21 19:02:59,6.08,USD,UNKNOWN,UNKNOWN,,,,"Multiple: Capital One, Chase",5944,NEEDS_REVIEW,true,0.55,Accounting treatment: UNKNOWN. Retained in activity; not counted in Spending Summary. Merchant/payee not confidently extracted. Could not confidently classify accounting treatment.
14838,2026-04-21 10:15:30,155.00,USD,TRANSFER,TRANSFER,4:35 AM ET was more than the $1,,,Chase,3039,AUTO_PARSED,true,0.86,Accounting treatment: TRANSFER. Merchant extracted by generic at. Retained in activity; not counted in Spending Summary.
13456,2026-04-20 23:03:05,7.97,USD,UNKNOWN,UNKNOWN,,,,"Multiple: Capital One, Chase",5944,NEEDS_REVIEW,true,0.55,Accounting treatment: UNKNOWN. Retained in activity; not counted in Spending Summary. Merchant/payee not confidently extracted. Could not confidently classify accounting treatment.
14839,2026-04-20 20:25:47,387.00,USD,PERSON_TO_PERSON,PERSON_TO_PERSON,,,,Chase,3039,NEEDS_REVIEW,true,0.55,Accounting treatment: PERSON_TO_PERSON. Zelle detected; user review recommended. Retained in activity; not counted in Spending Summary. Merchant/payee not confidently extracted.
13457,2026-04-20 20:24:18,386.96,USD,UNKNOWN,UNKNOWN,,,,"Multiple: Capital One, Chase",5944,NEEDS_REVIEW,true,0.55,Accounting treatment: UNKNOWN. Retained in activity; not counted in Spending Summary. Merchant/payee not confidently extracted. Could not confidently classify accounting treatment.
13458,2026-04-18 22:59:34,2.00,USD,UNKNOWN,UNKNOWN,,,,"Multiple: Capital One, Chase",5944,NEEDS_REVIEW,true,0.55,Accounting treatment: UNKNOWN. Retained in activity; not counted in Spending Summary. Merchant/payee not confidently extracted. Could not confidently classify accounting treatment.
13459,2026-04-18 22:56:42,0.22,USD,UNKNOWN,UNKNOWN,,,,"Multiple: Capital One, Chase",5944,NEEDS_REVIEW,true,0.55,Accounting treatment: UNKNOWN. Retained in activity; not counted in Spending Summary. Merchant/payee not confidently extracted. Could not confidently classify accounting treatment.
13460,2026-04-18 20:57:45,27.71,USD,UNKNOWN,UNKNOWN,,,,"Multiple: Capital One, Chase",5944,NEEDS_REVIEW,true,0.55,Accounting treatment: UNKNOWN. Retained in activity; not counted in Spending Summary. Merchant/payee not confidently extracted. Could not confidently classify accounting treatment.
13461,2026-04-18 20:25:03,25.87,USD,UNKNOWN,UNKNOWN,,,,"Multiple: Capital One, Chase",5944,NEEDS_REVIEW,true,0.55,Accounting treatment: UNKNOWN. Retained in activity; not counted in Spending Summary. Merchant/payee not confidently extracted. Could not confidently classify accounting treatment.
13462,2026-04-18 10:21:06,66.24,USD,UNKNOWN,UNKNOWN,,,,"Multiple: Capital One, Chase",5944,NEEDS_REVIEW,true,0.55,Accounting treatment: UNKNOWN. Retained in activity; not counted in Spending Summary. Merchant/payee not confidently extracted. Could not confidently classify accounting treatment.
14840,2026-04-18 10:17:17,60.93,USD,EXPENSE,EXPENSE,COSTCO WHSE #0655 on Apr 18,Groceries,General,Chase,3039,AUTO_PARSED,false,0.90,Accounting treatment: EXPENSE. Merchant extracted by action merchant. Suggested category: Groceries/General.
13463,2026-04-18 09:54:40,15.91,USD,UNKNOWN,UNKNOWN,,,,"Multiple: Capital One, Chase",5944,NEEDS_REVIEW,true,0.55,Accounting treatment: UNKNOWN. Retained in activity; not counted in Spending Summary. Merchant/payee not confidently extracted. Could not confidently classify accounting treatment.
14841,2026-04-17 10:20:11,16.24,USD,TRANSFER,TRANSFER,3:54 AM ET was more than the $1,,,Chase,3039,AUTO_PARSED,true,0.86,Accounting treatment: TRANSFER. Merchant extracted by generic at. Retained in activity; not counted in Spending Summary.
13464,2026-04-16 18:33:30,11.90,USD,UNKNOWN,UNKNOWN,,,,"Multiple: Capital One, Chase",5944,NEEDS_REVIEW,true,0.55,Accounting treatment: UNKNOWN. Retained in activity; not counted in Spending Summary. Merchant/payee not confidently extracted. Could not confidently classify accounting treatment.
14842,2026-04-16 17:31:44,43.31,USD,EXPENSE,EXPENSE,COSTCO GAS #1739 on Apr 16,Groceries,General,Chase,3039,AUTO_PARSED,false,0.90,Accounting treatment: EXPENSE. Merchant extracted by action merchant. Suggested category: Groceries/General.
13465,2026-04-16 12:14:21,23.32,USD,UNKNOWN,UNKNOWN,,,,"Multiple: Capital One, Chase",5944,NEEDS_REVIEW,true,0.55,Accounting treatment: UNKNOWN. Retained in activity; not counted in Spending Summary. Merchant/payee not confidently extracted. Could not confidently classify accounting treatment.
14843,2026-04-16 10:20:24,1837.00,USD,TRANSFER,TRANSFER,4:13 AM ET was more than the $1,,,Chase,3039,AUTO_PARSED,true,0.86,Accounting treatment: TRANSFER. Merchant extracted by generic at. Retained in activity; not counted in Spending Summary.
14844,2026-04-16 10:10:43,2000.00,USD,TRANSFER,TRANSFER,4:13 AM ET was more than the $1,,,Chase,3039,AUTO_PARSED,true,0.86,Accounting treatment: TRANSFER. Merchant extracted by generic at. Retained in activity; not counted in Spending Summary.
14845,2026-04-16 10:10:13,113.00,USD,TRANSFER,TRANSFER,4:13 AM ET was more than the $1,,,Chase,3039,AUTO_PARSED,true,0.86,Accounting treatment: TRANSFER. Merchant extracted by generic at. Retained in activity; not counted in Spending Summary.
14846,2026-04-16 10:09:20,1400.00,USD,TRANSFER,TRANSFER,4:13 AM ET was more than the $1,,,Chase,3039,AUTO_PARSED,true,0.86,Accounting treatment: TRANSFER. Merchant extracted by generic at. Retained in activity; not counted in Spending Summary.
13466,2026-04-15 18:50:30,22.37,USD,UNKNOWN,UNKNOWN,,,,"Multiple: Capital One, Chase",5944,NEEDS_REVIEW,true,0.55,Accounting treatment: UNKNOWN. Retained in activity; not counted in Spending Summary. Merchant/payee not confidently extracted. Could not confidently classify accounting treatment.
14847,2026-04-15 10:22:37,3121.48,USD,INCOME,INCOME,3:54 AM ET was more than the $1,,,Chase,3039,AUTO_PARSED,true,0.86,Accounting treatment: INCOME. Merchant extracted by generic at. Retained in activity; not counted in Spending Summary.
13467,2026-04-15 03:50:34,8.65,USD,UNKNOWN,UNKNOWN,,,,"Multiple: Capital One, Chase",5944,NEEDS_REVIEW,true,0.55,Accounting treatment: UNKNOWN. Retained in activity; not counted in Spending Summary. Merchant/payee not confidently extracted. Could not confidently classify accounting treatment.
14848,2026-04-14 10:28:33,155.00,USD,TRANSFER,TRANSFER,4:37 AM ET was more than the $1,,,Chase,3039,AUTO_PARSED,true,0.86,Accounting treatment: TRANSFER. Merchant extracted by generic at. Retained in activity; not counted in Spending Summary.
13468,2026-04-14 10:00:10,55.01,USD,UNKNOWN,UNKNOWN,,,,"Multiple: Capital One, Chase",5944,NEEDS_REVIEW,true,0.55,Accounting treatment: UNKNOWN. Retained in activity; not counted in Spending Summary. Merchant/payee not confidently extracted. Could not confidently classify accounting treatment.
13469,2026-04-14 08:55:29,4.92,USD,UNKNOWN,UNKNOWN,,,,"Multiple: Capital One, Chase",5944,NEEDS_REVIEW,true,0.55,Accounting treatment: UNKNOWN. Retained in activity; not counted in Spending Summary. Merchant/payee not confidently extracted. Could not confidently classify accounting treatment.
13470,2026-04-13 18:53:17,5.41,USD,UNKNOWN,UNKNOWN,,,,"Multiple: Capital One, Chase",5944,NEEDS_REVIEW,true,0.55,Accounting treatment: UNKNOWN. Retained in activity; not counted in Spending Summary. Merchant/payee not confidently extracted. Could not confidently classify accounting treatment.
13471,2026-04-13 18:48:35,8.77,USD,UNKNOWN,UNKNOWN,,,,"Multiple: Capital One, Chase",5944,NEEDS_REVIEW,true,0.55,Accounting treatment: UNKNOWN. Retained in activity; not counted in Spending Summary. Merchant/payee not confidently extracted. Could not confidently classify accounting treatment.
13472,2026-04-13 18:22:01,8.78,USD,UNKNOWN,UNKNOWN,,,,"Multiple: Capital One, Chase",5944,NEEDS_REVIEW,true,0.55,Accounting treatment: UNKNOWN. Retained in activity; not counted in Spending Summary. Merchant/payee not confidently extracted. Could not confidently classify accounting treatment.
13473,2026-04-13 15:51:04,18.39,USD,UNKNOWN,UNKNOWN,,,,"Multiple: Capital One, Chase",5944,NEEDS_REVIEW,true,0.55,Accounting treatment: UNKNOWN. Retained in activity; not counted in Spending Summary. Merchant/payee not confidently extracted. Could not confidently classify accounting treatment.
14849,2026-04-12 22:51:04,2737.65,USD,PERSON_TO_PERSON,PERSON_TO_PERSON,,,,Chase,3039,NEEDS_REVIEW,true,0.55,Accounting treatment: PERSON_TO_PERSON. Zelle detected; user review recommended. Retained in activity; not counted in Spending Summary. Merchant/payee not confidently extracted.
13474,2026-04-12 22:48:55,2737.65,USD,UNKNOWN,UNKNOWN,,,,"Multiple: Capital One, Chase",5944,NEEDS_REVIEW,true,0.55,Accounting treatment: UNKNOWN. Retained in activity; not counted in Spending Summary. Merchant/payee not confidently extracted. Could not confidently classify accounting treatment.
13475,2026-04-12 13:00:07,8.13,USD,UNKNOWN,UNKNOWN,,,,"Multiple: Capital One, Chase",5944,NEEDS_REVIEW,true,0.55,Accounting treatment: UNKNOWN. Retained in activity; not counted in Spending Summary. Merchant/payee not confidently extracted. Could not confidently classify accounting treatment.
13476,2026-04-11 20:42:35,11.60,USD,UNKNOWN,UNKNOWN,,,,"Multiple: Capital One, Chase",5944,NEEDS_REVIEW,true,0.55,Accounting treatment: UNKNOWN. Retained in activity; not counted in Spending Summary. Merchant/payee not confidently extracted. Could not confidently classify accounting treatment.
13477,2026-04-11 17:30:16,4.00,USD,UNKNOWN,UNKNOWN,,,,"Multiple: Capital One, Chase",5944,NEEDS_REVIEW,true,0.55,Accounting treatment: UNKNOWN. Retained in activity; not counted in Spending Summary. Merchant/payee not confidently extracted. Could not confidently classify accounting treatment.
13478,2026-04-11 16:35:45,24.89,USD,UNKNOWN,UNKNOWN,,,,"Multiple: Capital One, Chase",5944,NEEDS_REVIEW,true,0.55,Accounting treatment: UNKNOWN. Retained in activity; not counted in Spending Summary. Merchant/payee not confidently extracted. Could not confidently classify accounting treatment.
14850,2026-04-11 10:40:00,148.69,USD,TRANSFER,TRANSFER,4:55 AM ET was more than the $1,,,Chase,3039,AUTO_PARSED,true,0.86,Accounting treatment: TRANSFER. Merchant extracted by generic at. Retained in activity; not counted in Spending Summary.
14851,2026-04-10 02:30:13,60.00,USD,PERSON_TO_PERSON,PERSON_TO_PERSON,,,,Chase,3039,NEEDS_REVIEW,true,0.55,Accounting treatment: PERSON_TO_PERSON. Zelle detected; user review recommended. Retained in activity; not counted in Spending Summary. Merchant/payee not confidently extracted.
13479,2026-04-09 17:36:41,5.40,USD,UNKNOWN,UNKNOWN,,,,"Multiple: Capital One, Chase",5944,NEEDS_REVIEW,true,0.55,Accounting treatment: UNKNOWN. Retained in activity; not counted in Spending Summary. Merchant/payee not confidently extracted. Could not confidently classify accounting treatment.
13480,2026-04-09 17:16:47,38.03,USD,UNKNOWN,UNKNOWN,,,,"Multiple: Capital One, Chase",5944,NEEDS_REVIEW,true,0.55,Accounting treatment: UNKNOWN. Retained in activity; not counted in Spending Summary. Merchant/payee not confidently extracted. Could not confidently classify accounting treatment.
13481,2026-04-08 15:04:17,21.28,USD,UNKNOWN,UNKNOWN,,,,"Multiple: Capital One, Chase",5944,NEEDS_REVIEW,true,0.55,Accounting treatment: UNKNOWN. Retained in activity; not counted in Spending Summary. Merchant/payee not confidently extracted. Could not confidently classify accounting treatment.
14852,2026-04-07 10:31:59,155.00,USD,TRANSFER,TRANSFER,4:34 AM ET was more than the $1,,,Chase,3039,AUTO_PARSED,true,0.86,Accounting treatment: TRANSFER. Merchant extracted by generic at. Retained in activity; not counted in Spending Summary.
13482,2026-04-06 09:34:34,64.00,USD,UNKNOWN,UNKNOWN,,,,"Multiple: Capital One, Chase",5944,NEEDS_REVIEW,true,0.55,Accounting treatment: UNKNOWN. Retained in activity; not counted in Spending Summary. Merchant/payee not confidently extracted. Could not confidently classify accounting treatment.
14853,2026-04-04 10:28:28,1831.00,USD,INCOME,INCOME,4:54 AM ET was more than the $1,,,Chase,3039,AUTO_PARSED,true,0.86,Accounting treatment: INCOME. Merchant extracted by generic at. Retained in activity; not counted in Spending Summary.
13483,2026-04-04 05:46:04,87.02,USD,UNKNOWN,UNKNOWN,,,,"Multiple: Capital One, Chase",5944,NEEDS_REVIEW,true,0.55,Accounting treatment: UNKNOWN. Retained in activity; not counted in Spending Summary. Merchant/payee not confidently extracted. Could not confidently classify accounting treatment.
13484,2026-04-02 21:57:24,3137.85,USD,UNKNOWN,UNKNOWN,,,,"Multiple: Capital One, Chase",5944,NEEDS_REVIEW,true,0.55,Accounting treatment: UNKNOWN. Retained in activity; not counted in Spending Summary. Merchant/payee not confidently extracted. Could not confidently classify accounting treatment.
14854,2026-04-01 12:58:56,3137.85,USD,TRANSFER,TRANSFER,1:58 PM ET was more than the $1,,,Chase,3039,AUTO_PARSED,true,0.86,Accounting treatment: TRANSFER. Merchant extracted by generic at. Retained in activity; not counted in Spending Summary.
14855,2026-04-01 10:17:34,62.54,USD,TRANSFER,TRANSFER,3:57 AM ET was more than the $1,,,Chase,3039,AUTO_PARSED,true,0.86,Accounting treatment: TRANSFER. Merchant extracted by generic at. Retained in activity; not counted in Spending Summary.
14856,2026-04-01 10:11:38,83.13,USD,TRANSFER,TRANSFER,3:57 AM ET was more than the $1,,,Chase,3039,AUTO_PARSED,true,0.86,Accounting treatment: TRANSFER. Merchant extracted by generic at. Retained in activity; not counted in Spending Summary.
13485,2026-04-01 07:05:18,3137.85,USD,EXPENSE,EXPENSE,,,,"Multiple: Capital One, Chase",5944,NEEDS_REVIEW,false,0.55,Accounting treatment: EXPENSE. Merchant/payee not confidently extracted.
14857,2026-03-31 10:16:44,3121.48,USD,INCOME,INCOME,4:40 AM ET was more than the $1,,,Chase,3039,AUTO_PARSED,true,0.86,Accounting treatment: INCOME. Merchant extracted by generic at. Retained in activity; not counted in Spending Summary.
14858,2026-03-31 10:16:42,155.00,USD,TRANSFER,TRANSFER,4:40 AM ET was more than the $1,,,Chase,3039,AUTO_PARSED,true,0.86,Accounting treatment: TRANSFER. Merchant extracted by generic at. Retained in activity; not counted in Spending Summary.
13486,2026-03-30 10:38:06,33.00,USD,UNKNOWN,UNKNOWN,,,,"Multiple: Capital One, Chase",5944,NEEDS_REVIEW,true,0.55,Accounting treatment: UNKNOWN. Retained in activity; not counted in Spending Summary. Merchant/payee not confidently extracted. Could not confidently classify accounting treatment.
13487,2026-03-29 16:46:22,3.94,USD,UNKNOWN,UNKNOWN,,,,"Multiple: Capital One, Chase",5944,NEEDS_REVIEW,true,0.55,Accounting treatment: UNKNOWN. Retained in activity; not counted in Spending Summary. Merchant/payee not confidently extracted. Could not confidently classify accounting treatment.
13488,2026-03-28 20:34:00,61.38,USD,UNKNOWN,UNKNOWN,,,,"Multiple: Capital One, Chase",5944,NEEDS_REVIEW,true,0.55,Accounting treatment: UNKNOWN. Retained in activity; not counted in Spending Summary. Merchant/payee not confidently extracted. Could not confidently classify accounting treatment.
13489,2026-03-28 19:42:37,7.99,USD,UNKNOWN,UNKNOWN,,,,"Multiple: Capital One, Chase",5944,NEEDS_REVIEW,true,0.55,Accounting treatment: UNKNOWN. Retained in activity; not counted in Spending Summary. Merchant/payee not confidently extracted. Could not confidently classify accounting treatment.
13490,2026-03-28 19:31:50,2.00,USD,UNKNOWN,UNKNOWN,,,,"Multiple: Capital One, Chase",5944,NEEDS_REVIEW,true,0.55,Accounting treatment: UNKNOWN. Retained in activity; not counted in Spending Summary. Merchant/payee not confidently extracted. Could not confidently classify accounting treatment.
13491,2026-03-28 19:18:54,27.10,USD,UNKNOWN,UNKNOWN,,,,"Multiple: Capital One, Chase",5944,NEEDS_REVIEW,true,0.55,Accounting treatment: UNKNOWN. Retained in activity; not counted in Spending Summary. Merchant/payee not confidently extracted. Could not confidently classify accounting treatment.
14859,2026-03-28 18:31:34,55.04,USD,EXPENSE,EXPENSE,COSTCO WHSE #1739 on Mar 28,Groceries,General,Chase,3039,AUTO_PARSED,false,0.90,Accounting treatment: EXPENSE. Merchant extracted by action merchant. Suggested category: Groceries/General.
13492,2026-03-28 01:57:09,51.15,USD,UNKNOWN,UNKNOWN,,,,"Multiple: Capital One, Chase",5944,NEEDS_REVIEW,true,0.55,Accounting treatment: UNKNOWN. Retained in activity; not counted in Spending Summary. Merchant/payee not confidently extracted. Could not confidently classify accounting treatment.
13493,2026-03-27 22:40:53,24.53,USD,UNKNOWN,UNKNOWN,,,,"Multiple: Capital One, Chase",5944,NEEDS_REVIEW,true,0.55,Accounting treatment: UNKNOWN. Retained in activity; not counted in Spending Summary. Merchant/payee not confidently extracted. Could not confidently classify accounting treatment.
13494,2026-03-27 22:18:32,11.15,USD,UNKNOWN,UNKNOWN,,,,"Multiple: Capital One, Chase",5944,NEEDS_REVIEW,true,0.55,Accounting treatment: UNKNOWN. Retained in activity; not counted in Spending Summary. Merchant/payee not confidently extracted. Could not confidently classify accounting treatment.
13495,2026-03-27 04:11:24,40.00,USD,UNKNOWN,UNKNOWN,,,,"Multiple: Capital One, Chase",5944,NEEDS_REVIEW,true,0.55,Accounting treatment: UNKNOWN. Retained in activity; not counted in Spending Summary. Merchant/payee not confidently extracted. Could not confidently classify accounting treatment.
13496,2026-03-27 03:44:50,9.86,USD,UNKNOWN,UNKNOWN,,,,"Multiple: Capital One, Chase",5944,NEEDS_REVIEW,true,0.55,Accounting treatment: UNKNOWN. Retained in activity; not counted in Spending Summary. Merchant/payee not confidently extracted. Could not confidently classify accounting treatment.
13497,2026-03-26 12:30:06,2830.53,USD,UNKNOWN,UNKNOWN,,,,"Multiple: Capital One, Chase",5944,NEEDS_REVIEW,true,0.55,Accounting treatment: UNKNOWN. Retained in activity; not counted in Spending Summary. Merchant/payee not confidently extracted. Could not confidently classify accounting treatment.
13498,2026-03-25 16:31:09,6.00,USD,UNKNOWN,UNKNOWN,,,,"Multiple: Capital One, Chase",5944,NEEDS_REVIEW,true,0.55,Accounting treatment: UNKNOWN. Retained in activity; not counted in Spending Summary. Merchant/payee not confidently extracted. Could not confidently classify accounting treatment.
13499,2026-03-25 14:57:16,29.22,USD,UNKNOWN,UNKNOWN,,,,"Multiple: Capital One, Chase",5944,NEEDS_REVIEW,true,0.55,Accounting treatment: UNKNOWN. Retained in activity; not counted in Spending Summary. Merchant/payee not confidently extracted. Could not confidently classify accounting treatment.
14860,2026-03-24 21:22:48,30.00,USD,PERSON_TO_PERSON,PERSON_TO_PERSON,,,,Chase,3039,NEEDS_REVIEW,true,0.55,Accounting treatment: PERSON_TO_PERSON. Zelle detected; user review recommended. Retained in activity; not counted in Spending Summary. Merchant/payee not confidently extracted.
14861,2026-03-24 10:26:55,155.00,USD,TRANSFER,TRANSFER,4:37 AM ET was more than the $1,,,Chase,3039,AUTO_PARSED,true,0.86,Accounting treatment: TRANSFER. Merchant extracted by generic at. Retained in activity; not counted in Spending Summary.
14862,2026-03-24 10:24:56,1975.00,USD,TRANSFER,TRANSFER,4:37 AM ET was more than the $1,,,Chase,3039,AUTO_PARSED,true,0.86,Accounting treatment: TRANSFER. Merchant extracted by generic at. Retained in activity; not counted in Spending Summary.
13500,2026-03-23 08:17:54,60.00,USD,UNKNOWN,UNKNOWN,,,,"Multiple: Capital One, Chase",5944,NEEDS_REVIEW,true,0.55,Accounting treatment: UNKNOWN. Retained in activity; not counted in Spending Summary. Merchant/payee not confidently extracted. Could not confidently classify accounting treatment.
13501,2026-03-21 19:48:09,217.58,USD,UNKNOWN,UNKNOWN,,,,"Multiple: Capital One, Chase",5944,NEEDS_REVIEW,true,0.55,Accounting treatment: UNKNOWN. Retained in activity; not counted in Spending Summary. Merchant/payee not confidently extracted. Could not confidently classify accounting treatment.
13502,2026-03-21 18:07:07,176.06,USD,UNKNOWN,UNKNOWN,,,,"Multiple: Capital One, Chase",5944,NEEDS_REVIEW,true,0.55,Accounting treatment: UNKNOWN. Retained in activity; not counted in Spending Summary. Merchant/payee not confidently extracted. Could not confidently classify accounting treatment.
13503,2026-03-21 09:27:22,23.14,USD,UNKNOWN,UNKNOWN,,,,"Multiple: Capital One, Chase",5944,NEEDS_REVIEW,true,0.55,Accounting treatment: UNKNOWN. Retained in activity; not counted in Spending Summary. Merchant/payee not confidently extracted. Could not confidently classify accounting treatment.
14863,2026-03-20 20:50:31,100.00,USD,PERSON_TO_PERSON,PERSON_TO_PERSON,,,,Chase,3039,NEEDS_REVIEW,true,0.55,Accounting treatment: PERSON_TO_PERSON. Zelle detected; user review recommended. Retained in activity; not counted in Spending Summary. Merchant/payee not confidently extracted.
13504,2026-03-20 11:56:00,75.76,USD,UNKNOWN,UNKNOWN,,,,"Multiple: Capital One, Chase",5944,NEEDS_REVIEW,true,0.55,Accounting treatment: UNKNOWN. Retained in activity; not counted in Spending Summary. Merchant/payee not confidently extracted. Could not confidently classify accounting treatment.
13505,2026-03-20 10:27:51,6.50,USD,UNKNOWN,UNKNOWN,,,,"Multiple: Capital One, Chase",5944,NEEDS_REVIEW,true,0.55,Accounting treatment: UNKNOWN. Retained in activity; not counted in Spending Summary. Merchant/payee not confidently extracted. Could not confidently classify accounting treatment.
13506,2026-03-20 01:39:40,52.93,USD,UNKNOWN,UNKNOWN,,,,"Multiple: Capital One, Chase",5944,NEEDS_REVIEW,true,0.55,Accounting treatment: UNKNOWN. Retained in activity; not counted in Spending Summary. Merchant/payee not confidently extracted. Could not confidently classify accounting treatment.
13507,2026-03-19 17:40:25,17.82,USD,UNKNOWN,UNKNOWN,,,,"Multiple: Capital One, Chase",5944,NEEDS_REVIEW,true,0.55,Accounting treatment: UNKNOWN. Retained in activity; not counted in Spending Summary. Merchant/payee not confidently extracted. Could not confidently classify accounting treatment.
13508,2026-03-19 16:27:56,11.14,USD,UNKNOWN,UNKNOWN,,,,"Multiple: Capital One, Chase",5944,NEEDS_REVIEW,true,0.55,Accounting treatment: UNKNOWN. Retained in activity; not counted in Spending Summary. Merchant/payee not confidently extracted. Could not confidently classify accounting treatment.
13509,2026-03-19 13:55:54,10.00,USD,UNKNOWN,UNKNOWN,,,,"Multiple: Capital One, Chase",5944,NEEDS_REVIEW,true,0.55,Accounting treatment: UNKNOWN. Retained in activity; not counted in Spending Summary. Merchant/payee not confidently extracted. Could not confidently classify accounting treatment.
13510,2026-03-19 12:05:57,23.82,USD,UNKNOWN,UNKNOWN,,,,"Multiple: Capital One, Chase",5944,NEEDS_REVIEW,true,0.55,Accounting treatment: UNKNOWN. Retained in activity; not counted in Spending Summary. Merchant/payee not confidently extracted. Could not confidently classify accounting treatment.
13511,2026-03-19 00:30:53,9.72,USD,UNKNOWN,UNKNOWN,,,,"Multiple: Capital One, Chase",5944,NEEDS_REVIEW,true,0.55,Accounting treatment: UNKNOWN. Retained in activity; not counted in Spending Summary. Merchant/payee not confidently extracted. Could not confidently classify accounting treatment.
13512,2026-03-18 23:16:54,42.68,USD,UNKNOWN,UNKNOWN,,,,"Multiple: Capital One, Chase",5944,NEEDS_REVIEW,true,0.55,Accounting treatment: UNKNOWN. Retained in activity; not counted in Spending Summary. Merchant/payee not confidently extracted. Could not confidently classify accounting treatment.
13513,2026-03-18 20:29:43,114.82,USD,UNKNOWN,UNKNOWN,,,,"Multiple: Capital One, Chase",5944,NEEDS_REVIEW,true,0.55,Accounting treatment: UNKNOWN. Retained in activity; not counted in Spending Summary. Merchant/payee not confidently extracted. Could not confidently classify accounting treatment.
13514,2026-03-18 04:25:13,5.00,USD,UNKNOWN,UNKNOWN,,,,"Multiple: Capital One, Chase",5944,NEEDS_REVIEW,true,0.55,Accounting treatment: UNKNOWN. Retained in activity; not counted in Spending Summary. Merchant/payee not confidently extracted. Could not confidently classify accounting treatment.
13515,2026-03-18 00:21:28,3.24,USD,UNKNOWN,UNKNOWN,,,,"Multiple: Capital One, Chase",5944,NEEDS_REVIEW,true,0.55,Accounting treatment: UNKNOWN. Retained in activity; not counted in Spending Summary. Merchant/payee not confidently extracted. Could not confidently classify accounting treatment.
13516,2026-03-18 00:04:20,16.23,USD,UNKNOWN,UNKNOWN,,,,"Multiple: Capital One, Chase",5944,NEEDS_REVIEW,true,0.55,Accounting treatment: UNKNOWN. Retained in activity; not counted in Spending Summary. Merchant/payee not confidently extracted. Could not confidently classify accounting treatment.
13517,2026-03-17 23:03:40,10.00,USD,UNKNOWN,UNKNOWN,,,,"Multiple: Capital One, Chase",5944,NEEDS_REVIEW,true,0.55,Accounting treatment: UNKNOWN. Retained in activity; not counted in Spending Summary. Merchant/payee not confidently extracted. Could not confidently classify accounting treatment.
13518,2026-03-17 22:23:10,155.33,USD,UNKNOWN,UNKNOWN,,,,"Multiple: Capital One, Chase",5944,NEEDS_REVIEW,true,0.55,Accounting treatment: UNKNOWN. Retained in activity; not counted in Spending Summary. Merchant/payee not confidently extracted. Could not confidently classify accounting treatment.
14864,2026-03-17 10:19:09,16.24,USD,TRANSFER,TRANSFER,4:39 AM ET was more than the $1,,,Chase,3039,AUTO_PARSED,true,0.86,Accounting treatment: TRANSFER. Merchant extracted by generic at. Retained in activity; not counted in Spending Summary.
14865,2026-03-17 10:07:09,155.00,USD,TRANSFER,TRANSFER,4:39 AM ET was more than the $1,,,Chase,3039,AUTO_PARSED,true,0.86,Accounting treatment: TRANSFER. Merchant extracted by generic at. Retained in activity; not counted in Spending Summary.
13519,2026-03-17 04:24:01,5.00,USD,UNKNOWN,UNKNOWN,,,,"Multiple: Capital One, Chase",5944,NEEDS_REVIEW,true,0.55,Accounting treatment: UNKNOWN. Retained in activity; not counted in Spending Summary. Merchant/payee not confidently extracted. Could not confidently classify accounting treatment.
14866,2026-03-16 10:19:26,5000.00,USD,TRANSFER,TRANSFER,10:04 AM ET is above the limit in your alert settings,,,Chase,3039,AUTO_PARSED,true,0.86,Accounting treatment: TRANSFER. Merchant extracted by generic at. Retained in activity; not counted in Spending Summary.
13520,2026-03-16 04:27:43,5.00,USD,UNKNOWN,UNKNOWN,,,,"Multiple: Capital One, Chase",5944,NEEDS_REVIEW,true,0.55,Accounting treatment: UNKNOWN. Retained in activity; not counted in Spending Summary. Merchant/payee not confidently extracted. Could not confidently classify accounting treatment.
13521,2026-03-15 21:36:35,500.00,USD,UNKNOWN,UNKNOWN,,,,"Multiple: Capital One, Chase",5944,NEEDS_REVIEW,true,0.55,Accounting treatment: UNKNOWN. Retained in activity; not counted in Spending Summary. Merchant/payee not confidently extracted. Could not confidently classify accounting treatment.
13522,2026-03-15 18:02:14,16.01,USD,UNKNOWN,UNKNOWN,,,,"Multiple: Capital One, Chase",5944,NEEDS_REVIEW,true,0.55,Accounting treatment: UNKNOWN. Retained in activity; not counted in Spending Summary. Merchant/payee not confidently extracted. Could not confidently classify accounting treatment.
13523,2026-03-15 17:23:20,25.00,USD,UNKNOWN,UNKNOWN,,,,"Multiple: Capital One, Chase",5944,NEEDS_REVIEW,true,0.55,Accounting treatment: UNKNOWN. Retained in activity; not counted in Spending Summary. Merchant/payee not confidently extracted. Could not confidently classify accounting treatment.
13524,2026-03-15 04:25:42,5.00,USD,UNKNOWN,UNKNOWN,,,,"Multiple: Capital One, Chase",5944,NEEDS_REVIEW,true,0.55,Accounting treatment: UNKNOWN. Retained in activity; not counted in Spending Summary. Merchant/payee not confidently extracted. Could not confidently classify accounting treatment.
13525,2026-03-15 04:02:07,8.65,USD,UNKNOWN,UNKNOWN,,,,"Multiple: Capital One, Chase",5944,NEEDS_REVIEW,true,0.55,Accounting treatment: UNKNOWN. Retained in activity; not counted in Spending Summary. Merchant/payee not confidently extracted. Could not confidently classify accounting treatment.
13526,2026-03-14 22:59:33,16.23,USD,UNKNOWN,UNKNOWN,,,,"Multiple: Capital One, Chase",5944,NEEDS_REVIEW,true,0.55,Accounting treatment: UNKNOWN. Retained in activity; not counted in Spending Summary. Merchant/payee not confidently extracted. Could not confidently classify accounting treatment.
13527,2026-03-14 17:25:29,15.72,USD,UNKNOWN,UNKNOWN,,,,"Multiple: Capital One, Chase",5944,NEEDS_REVIEW,true,0.55,Accounting treatment: UNKNOWN. Retained in activity; not counted in Spending Summary. Merchant/payee not confidently extracted. Could not confidently classify accounting treatment.
13528,2026-03-14 16:10:40,7.57,USD,UNKNOWN,UNKNOWN,,,,"Multiple: Capital One, Chase",5944,NEEDS_REVIEW,true,0.55,Accounting treatment: UNKNOWN. Retained in activity; not counted in Spending Summary. Merchant/payee not confidently extracted. Could not confidently classify accounting treatment.
13529,2026-03-14 04:22:28,5.00,USD,UNKNOWN,UNKNOWN,,,,"Multiple: Capital One, Chase",5944,NEEDS_REVIEW,true,0.55,Accounting treatment: UNKNOWN. Retained in activity; not counted in Spending Summary. Merchant/payee not confidently extracted. Could not confidently classify accounting treatment.
13530,2026-03-13 11:49:49,97.12,USD,UNKNOWN,UNKNOWN,,,,"Multiple: Capital One, Chase",5944,NEEDS_REVIEW,true,0.55,Accounting treatment: UNKNOWN. Retained in activity; not counted in Spending Summary. Merchant/payee not confidently extracted. Could not confidently classify accounting treatment.
14867,2026-03-13 10:22:27,3121.48,USD,INCOME,INCOME,3:51 AM ET was more than the $1,,,Chase,3039,AUTO_PARSED,true,0.86,Accounting treatment: INCOME. Merchant extracted by generic at. Retained in activity; not counted in Spending Summary.
14868,2026-03-13 10:09:13,1744.08,USD,INCOME,INCOME,3:51 AM ET was more than the $1,,,Chase,3039,AUTO_PARSED,true,0.86,Accounting treatment: INCOME. Merchant extracted by generic at. Retained in activity; not counted in Spending Summary.
13531,2026-03-13 04:23:19,5.00,USD,UNKNOWN,UNKNOWN,,,,"Multiple: Capital One, Chase",5944,NEEDS_REVIEW,true,0.55,Accounting treatment: UNKNOWN. Retained in activity; not counted in Spending Summary. Merchant/payee not confidently extracted. Could not confidently classify accounting treatment.
13532,2026-03-12 22:36:23,120.00,USD,UNKNOWN,UNKNOWN,,,,"Multiple: Capital One, Chase",5944,NEEDS_REVIEW,true,0.55,Accounting treatment: UNKNOWN. Retained in activity; not counted in Spending Summary. Merchant/payee not confidently extracted. Could not confidently classify accounting treatment.
13533,2026-03-12 19:08:13,45.51,USD,UNKNOWN,UNKNOWN,,,,"Multiple: Capital One, Chase",5944,NEEDS_REVIEW,true,0.55,Accounting treatment: UNKNOWN. Retained in activity; not counted in Spending Summary. Merchant/payee not confidently extracted. Could not confidently classify accounting treatment.
13534,2026-03-12 18:46:03,6.48,USD,UNKNOWN,UNKNOWN,,,,"Multiple: Capital One, Chase",5944,NEEDS_REVIEW,true,0.55,Accounting treatment: UNKNOWN. Retained in activity; not counted in Spending Summary. Merchant/payee not confidently extracted. Could not confidently classify accounting treatment.
13535,2026-03-12 18:44:45,37.88,USD,UNKNOWN,UNKNOWN,,,,"Multiple: Capital One, Chase",5944,NEEDS_REVIEW,true,0.55,Accounting treatment: UNKNOWN. Retained in activity; not counted in Spending Summary. Merchant/payee not confidently extracted. Could not confidently classify accounting treatment.
13536,2026-03-12 04:21:21,5.00,USD,UNKNOWN,UNKNOWN,,,,"Multiple: Capital One, Chase",5944,NEEDS_REVIEW,true,0.55,Accounting treatment: UNKNOWN. Retained in activity; not counted in Spending Summary. Merchant/payee not confidently extracted. Could not confidently classify accounting treatment.
13537,2026-03-11 18:18:06,34.55,USD,UNKNOWN,UNKNOWN,,,,"Multiple: Capital One, Chase",5944,NEEDS_REVIEW,true,0.55,Accounting treatment: UNKNOWN. Retained in activity; not counted in Spending Summary. Merchant/payee not confidently extracted. Could not confidently classify accounting treatment.
14869,2026-03-11 10:26:08,113.56,USD,TRANSFER,TRANSFER,3:50 AM ET was more than the $1,,,Chase,3039,AUTO_PARSED,true,0.86,Accounting treatment: TRANSFER. Merchant extracted by generic at. Retained in activity; not counted in Spending Summary.
13538,2026-03-11 04:19:16,5.00,USD,UNKNOWN,UNKNOWN,,,,"Multiple: Capital One, Chase",5944,NEEDS_REVIEW,true,0.55,Accounting treatment: UNKNOWN. Retained in activity; not counted in Spending Summary. Merchant/payee not confidently extracted. Could not confidently classify accounting treatment.
13539,2026-03-10 18:08:23,14.58,USD,UNKNOWN,UNKNOWN,,,,"Multiple: Capital One, Chase",5944,NEEDS_REVIEW,true,0.55,Accounting treatment: UNKNOWN. Retained in activity; not counted in Spending Summary. Merchant/payee not confidently extracted. Could not confidently classify accounting treatment.
13540,2026-03-10 13:58:51,7242.23,USD,UNKNOWN,UNKNOWN,,,,"Multiple: Capital One, Chase",5944,NEEDS_REVIEW,true,0.55,Accounting treatment: UNKNOWN. Retained in activity; not counted in Spending Summary. Merchant/payee not confidently extracted. Could not confidently classify accounting treatment.
13541,2026-03-10 13:57:35,10.85,USD,UNKNOWN,UNKNOWN,,,,"Multiple: Capital One, Chase",5944,NEEDS_REVIEW,true,0.55,Accounting treatment: UNKNOWN. Retained in activity; not counted in Spending Summary. Merchant/payee not confidently extracted. Could not confidently classify accounting treatment.
13542,2026-03-10 13:15:54,37.88,USD,UNKNOWN,UNKNOWN,,,,"Multiple: Capital One, Chase",5944,NEEDS_REVIEW,true,0.55,Accounting treatment: UNKNOWN. Retained in activity; not counted in Spending Summary. Merchant/payee not confidently extracted. Could not confidently classify accounting treatment.
14870,2026-03-10 10:21:37,155.00,USD,TRANSFER,TRANSFER,4:33 AM ET was more than the $1,,,Chase,3039,AUTO_PARSED,true,0.86,Accounting treatment: TRANSFER. Merchant extracted by generic at. Retained in activity; not counted in Spending Summary.
13543,2026-03-10 04:16:05,5.00,USD,UNKNOWN,UNKNOWN,,,,"Multiple: Capital One, Chase",5944,NEEDS_REVIEW,true,0.55,Accounting treatment: UNKNOWN. Retained in activity; not counted in Spending Summary. Merchant/payee not confidently extracted. Could not confidently classify accounting treatment.
14871,2026-03-10 02:30:23,60.00,USD,PERSON_TO_PERSON,PERSON_TO_PERSON,,,,Chase,3039,NEEDS_REVIEW,true,0.55,Accounting treatment: PERSON_TO_PERSON. Zelle detected; user review recommended. Retained in activity; not counted in Spending Summary. Merchant/payee not confidently extracted.
13544,2026-03-09 22:43:16,100.00,USD,UNKNOWN,UNKNOWN,,,,"Multiple: Capital One, Chase",5944,NEEDS_REVIEW,true,0.55,Accounting treatment: UNKNOWN. Retained in activity; not counted in Spending Summary. Merchant/payee not confidently extracted. Could not confidently classify accounting treatment.
13545,2026-03-09 22:42:51,20.00,USD,UNKNOWN,UNKNOWN,,,,"Multiple: Capital One, Chase",5944,NEEDS_REVIEW,true,0.55,Accounting treatment: UNKNOWN. Retained in activity; not counted in Spending Summary. Merchant/payee not confidently extracted. Could not confidently classify accounting treatment.
13546,2026-03-09 19:16:29,40.04,USD,UNKNOWN,UNKNOWN,,,,"Multiple: Capital One, Chase",5944,NEEDS_REVIEW,true,0.55,Accounting treatment: UNKNOWN. Retained in activity; not counted in Spending Summary. Merchant/payee not confidently extracted. Could not confidently classify accounting treatment.
14872,2026-03-09 11:24:25,10.85,USD,TRANSFER,TRANSFER,12:23 PM ET was more than the $1,,,Chase,3039,AUTO_PARSED,true,0.86,Accounting treatment: TRANSFER. Merchant extracted by generic at. Retained in activity; not counted in Spending Summary.
14873,2026-03-09 11:23:55,7242.23,USD,TRANSFER,TRANSFER,12:23 PM ET was more than the $1,,,Chase,3039,AUTO_PARSED,true,0.86,Accounting treatment: TRANSFER. Merchant extracted by generic at. Retained in activity; not counted in Spending Summary.
13547,2026-03-09 04:13:14,5.00,USD,UNKNOWN,UNKNOWN,,,,"Multiple: Capital One, Chase",5944,NEEDS_REVIEW,true,0.55,Accounting treatment: UNKNOWN. Retained in activity; not counted in Spending Summary. Merchant/payee not confidently extracted. Could not confidently classify accounting treatment.
13548,2026-03-08 21:39:08,150.00,USD,UNKNOWN,UNKNOWN,,,,"Multiple: Capital One, Chase",5944,NEEDS_REVIEW,true,0.55,Accounting treatment: UNKNOWN. Retained in activity; not counted in Spending Summary. Merchant/payee not confidently extracted. Could not confidently classify accounting treatment.
13549,2026-03-08 17:29:39,53.51,USD,UNKNOWN,UNKNOWN,,,,"Multiple: Capital One, Chase",5944,NEEDS_REVIEW,true,0.55,Accounting treatment: UNKNOWN. Retained in activity; not counted in Spending Summary. Merchant/payee not confidently extracted. Could not confidently classify accounting treatment.
13550,2026-03-08 17:04:10,7.61,USD,UNKNOWN,UNKNOWN,,,,"Multiple: Capital One, Chase",5944,NEEDS_REVIEW,true,0.55,Accounting treatment: UNKNOWN. Retained in activity; not counted in Spending Summary. Merchant/payee not confidently extracted. Could not confidently classify accounting treatment.
13551,2026-03-08 16:43:52,4.99,USD,UNKNOWN,UNKNOWN,,,,"Multiple: Capital One, Chase",5944,NEEDS_REVIEW,true,0.55,Accounting treatment: UNKNOWN. Retained in activity; not counted in Spending Summary. Merchant/payee not confidently extracted. Could not confidently classify accounting treatment.
13552,2026-03-08 16:14:00,73.37,USD,UNKNOWN,UNKNOWN,,,,"Multiple: Capital One, Chase",5944,NEEDS_REVIEW,true,0.55,Accounting treatment: UNKNOWN. Retained in activity; not counted in Spending Summary. Merchant/payee not confidently extracted. Could not confidently classify accounting treatment.
13553,2026-03-08 15:18:38,22.72,USD,UNKNOWN,UNKNOWN,,,,"Multiple: Capital One, Chase",5944,NEEDS_REVIEW,true,0.55,Accounting treatment: UNKNOWN. Retained in activity; not counted in Spending Summary. Merchant/payee not confidently extracted. Could not confidently classify accounting treatment.
13554,2026-03-08 14:58:49,10.81,USD,UNKNOWN,UNKNOWN,,,,"Multiple: Capital One, Chase",5944,NEEDS_REVIEW,true,0.55,Accounting treatment: UNKNOWN. Retained in activity; not counted in Spending Summary. Merchant/payee not confidently extracted. Could not confidently classify accounting treatment.
13555,2026-03-08 14:54:17,21.28,USD,UNKNOWN,UNKNOWN,,,,"Multiple: Capital One, Chase",5944,NEEDS_REVIEW,true,0.55,Accounting treatment: UNKNOWN. Retained in activity; not counted in Spending Summary. Merchant/payee not confidently extracted. Could not confidently classify accounting treatment.
13556,2026-03-08 04:11:52,5.00,USD,UNKNOWN,UNKNOWN,,,,"Multiple: Capital One, Chase",5944,NEEDS_REVIEW,true,0.55,Accounting treatment: UNKNOWN. Retained in activity; not counted in Spending Summary. Merchant/payee not confidently extracted. Could not confidently classify accounting treatment.
13557,2026-03-07 21:21:11,20.00,USD,TRANSFER,TRANSFER,SACHSE MUSLIM SOCIETY,,,"Multiple: Capital One, Chase",5944,AUTO_PARSED,true,0.86,Accounting treatment: TRANSFER. Merchant extracted by generic at. Retained in activity; not counted in Spending Summary.
13558,2026-03-07 18:14:01,107.17,USD,UNKNOWN,UNKNOWN,,,,"Multiple: Capital One, Chase",5944,NEEDS_REVIEW,true,0.55,Accounting treatment: UNKNOWN. Retained in activity; not counted in Spending Summary. Merchant/payee not confidently extracted. Could not confidently classify accounting treatment.
13559,2026-03-07 17:28:22,21.65,USD,UNKNOWN,UNKNOWN,,,,"Multiple: Capital One, Chase",5944,NEEDS_REVIEW,true,0.55,Accounting treatment: UNKNOWN. Retained in activity; not counted in Spending Summary. Merchant/payee not confidently extracted. Could not confidently classify accounting treatment.
13560,2026-03-07 04:12:43,5.00,USD,UNKNOWN,UNKNOWN,,,,"Multiple: Capital One, Chase",5944,NEEDS_REVIEW,true,0.55,Accounting treatment: UNKNOWN. Retained in activity; not counted in Spending Summary. Merchant/payee not confidently extracted. Could not confidently classify accounting treatment.
13561,2026-03-06 17:38:06,5.40,USD,UNKNOWN,UNKNOWN,,,,"Multiple: Capital One, Chase",5944,NEEDS_REVIEW,true,0.55,Accounting treatment: UNKNOWN. Retained in activity; not counted in Spending Summary. Merchant/payee not confidently extracted. Could not confidently classify accounting treatment.
13562,2026-03-06 11:40:16,115.00,USD,UNKNOWN,UNKNOWN,,,,"Multiple: Capital One, Chase",5944,NEEDS_REVIEW,true,0.55,Accounting treatment: UNKNOWN. Retained in activity; not counted in Spending Summary. Merchant/payee not confidently extracted. Could not confidently classify accounting treatment.
13563,2026-03-06 04:13:25,5.00,USD,UNKNOWN,UNKNOWN,,,,"Multiple: Capital One, Chase",5944,NEEDS_REVIEW,true,0.55,Accounting treatment: UNKNOWN. Retained in activity; not counted in Spending Summary. Merchant/payee not confidently extracted. Could not confidently classify accounting treatment.
13564,2026-03-05 18:12:36,5.66,USD,UNKNOWN,UNKNOWN,,,,"Multiple: Capital One, Chase",5944,NEEDS_REVIEW,true,0.55,Accounting treatment: UNKNOWN. Retained in activity; not counted in Spending Summary. Merchant/payee not confidently extracted. Could not confidently classify accounting treatment.
13565,2026-03-05 12:13:33,7242.23,USD,EXPENSE,EXPENSE,,,,"Multiple: Capital One, Chase",5944,NEEDS_REVIEW,false,0.55,Accounting treatment: EXPENSE. Merchant/payee not confidently extracted.
13566,2026-03-05 04:12:01,5.00,USD,UNKNOWN,UNKNOWN,,,,"Multiple: Capital One, Chase",5944,NEEDS_REVIEW,true,0.55,Accounting treatment: UNKNOWN. Retained in activity; not counted in Spending Summary. Merchant/payee not confidently extracted. Could not confidently classify accounting treatment.
13567,2026-03-04 17:55:43,60.42,USD,UNKNOWN,UNKNOWN,,,,"Multiple: Capital One, Chase",5944,NEEDS_REVIEW,true,0.55,Accounting treatment: UNKNOWN. Retained in activity; not counted in Spending Summary. Merchant/payee not confidently extracted. Could not confidently classify accounting treatment.
13568,2026-03-04 06:56:59,84.11,USD,UNKNOWN,UNKNOWN,,,,"Multiple: Capital One, Chase",5944,NEEDS_REVIEW,true,0.55,Accounting treatment: UNKNOWN. Retained in activity; not counted in Spending Summary. Merchant/payee not confidently extracted. Could not confidently classify accounting treatment.
13569,2026-03-04 04:11:57,5.00,USD,UNKNOWN,UNKNOWN,,,,"Multiple: Capital One, Chase",5944,NEEDS_REVIEW,true,0.55,Accounting treatment: UNKNOWN. Retained in activity; not counted in Spending Summary. Merchant/payee not confidently extracted. Could not confidently classify accounting treatment.
14874,2026-03-03 11:18:17,62.54,USD,TRANSFER,TRANSFER,12:18 PM ET was more than the $1,,,Chase,3039,AUTO_PARSED,true,0.86,Accounting treatment: TRANSFER. Merchant extracted by generic at. Retained in activity; not counted in Spending Summary.
14875,2026-03-03 10:07:37,155.00,USD,TRANSFER,TRANSFER,4:49 AM ET was more than the $1,,,Chase,3039,AUTO_PARSED,true,0.86,Accounting treatment: TRANSFER. Merchant extracted by generic at. Retained in activity; not counted in Spending Summary.
13570,2026-03-03 04:11:51,5.00,USD,UNKNOWN,UNKNOWN,,,,"Multiple: Capital One, Chase",5944,NEEDS_REVIEW,true,0.55,Accounting treatment: UNKNOWN. Retained in activity; not counted in Spending Summary. Merchant/payee not confidently extracted. Could not confidently classify accounting treatment.
14876,2026-03-02 10:27:34,63.52,USD,TRANSFER,TRANSFER,4:27 AM ET was more than the $1,,,Chase,3039,AUTO_PARSED,true,0.86,Accounting treatment: TRANSFER. Merchant extracted by generic at. Retained in activity; not counted in Spending Summary.
13571,2026-03-02 04:13:12,5.00,USD,UNKNOWN,UNKNOWN,,,,"Multiple: Capital One, Chase",5944,NEEDS_REVIEW,true,0.55,Accounting treatment: UNKNOWN. Retained in activity; not counted in Spending Summary. Merchant/payee not confidently extracted. Could not confidently classify accounting treatment.
13572,2026-03-01 22:41:48,6.38,USD,UNKNOWN,UNKNOWN,,,,"Multiple: Capital One, Chase",5944,NEEDS_REVIEW,true,0.55,Accounting treatment: UNKNOWN. Retained in activity; not counted in Spending Summary. Merchant/payee not confidently extracted. Could not confidently classify accounting treatment.
13573,2026-03-01 21:09:46,30.18,USD,UNKNOWN,UNKNOWN,,,,"Multiple: Capital One, Chase",5944,NEEDS_REVIEW,true,0.55,Accounting treatment: UNKNOWN. Retained in activity; not counted in Spending Summary. Merchant/payee not confidently extracted. Could not confidently classify accounting treatment.
14877,2026-03-01 16:46:18,71.30,USD,EXPENSE,EXPENSE,COSTCO WHSE #0655 on Mar 1,Groceries,General,Chase,3039,AUTO_PARSED,false,0.90,Accounting treatment: EXPENSE. Merchant extracted by action merchant. Suggested category: Groceries/General.
13574,2026-03-01 15:09:02,108.22,USD,UNKNOWN,UNKNOWN,,,,"Multiple: Capital One, Chase",5944,NEEDS_REVIEW,true,0.55,Accounting treatment: UNKNOWN. Retained in activity; not counted in Spending Summary. Merchant/payee not confidently extracted. Could not confidently classify accounting treatment.
13575,2026-03-01 04:18:23,5.00,USD,UNKNOWN,UNKNOWN,,,,"Multiple: Capital One, Chase",5944,NEEDS_REVIEW,true,0.55,Accounting treatment: UNKNOWN. Retained in activity; not counted in Spending Summary. Merchant/payee not confidently extracted. Could not confidently classify accounting treatment.
13576,2026-02-28 21:45:05,5.39,USD,UNKNOWN,UNKNOWN,,,,"Multiple: Capital One, Chase",5944,NEEDS_REVIEW,true,0.55,Accounting treatment: UNKNOWN. Retained in activity; not counted in Spending Summary. Merchant/payee not confidently extracted. Could not confidently classify accounting treatment.
13577,2026-02-28 16:07:35,3.59,USD,UNKNOWN,UNKNOWN,,,,"Multiple: Capital One, Chase",5944,NEEDS_REVIEW,true,0.55,Accounting treatment: UNKNOWN. Retained in activity; not counted in Spending Summary. Merchant/payee not confidently extracted. Could not confidently classify accounting treatment.
13578,2026-02-28 15:45:25,1.49,USD,UNKNOWN,UNKNOWN,,,,"Multiple: Capital One, Chase",5944,NEEDS_REVIEW,true,0.55,Accounting treatment: UNKNOWN. Retained in activity; not counted in Spending Summary. Merchant/payee not confidently extracted. Could not confidently classify accounting treatment.
13579,2026-02-28 12:47:09,18.40,USD,UNKNOWN,UNKNOWN,,,,"Multiple: Capital One, Chase",5944,NEEDS_REVIEW,true,0.55,Accounting treatment: UNKNOWN. Retained in activity; not counted in Spending Summary. Merchant/payee not confidently extracted. Could not confidently classify accounting treatment.
13580,2026-02-28 04:11:42,5.00,USD,UNKNOWN,UNKNOWN,,,,"Multiple: Capital One, Chase",5944,NEEDS_REVIEW,true,0.55,Accounting treatment: UNKNOWN. Retained in activity; not counted in Spending Summary. Merchant/payee not confidently extracted. Could not confidently classify accounting treatment.
13581,2026-02-27 20:38:05,51.15,USD,UNKNOWN,UNKNOWN,,,,"Multiple: Capital One, Chase",5944,NEEDS_REVIEW,true,0.55,Accounting treatment: UNKNOWN. Retained in activity; not counted in Spending Summary. Merchant/payee not confidently extracted. Could not confidently classify accounting treatment.
13582,2026-02-27 20:34:39,40.00,USD,UNKNOWN,UNKNOWN,,,,"Multiple: Capital One, Chase",5944,NEEDS_REVIEW,true,0.55,Accounting treatment: UNKNOWN. Retained in activity; not counted in Spending Summary. Merchant/payee not confidently extracted. Could not confidently classify accounting treatment.
13583,2026-02-27 19:27:56,18.99,USD,UNKNOWN,UNKNOWN,,,,"Multiple: Capital One, Chase",5944,NEEDS_REVIEW,true,0.55,Accounting treatment: UNKNOWN. Retained in activity; not counted in Spending Summary. Merchant/payee not confidently extracted. Could not confidently classify accounting treatment.
13584,2026-02-27 16:47:03,9.25,USD,UNKNOWN,UNKNOWN,,,,"Multiple: Capital One, Chase",5944,NEEDS_REVIEW,true,0.55,Accounting treatment: UNKNOWN. Retained in activity; not counted in Spending Summary. Merchant/payee not confidently extracted. Could not confidently classify accounting treatment.
13585,2026-02-27 16:31:05,19.54,USD,UNKNOWN,UNKNOWN,,,,"Multiple: Capital One, Chase",5944,NEEDS_REVIEW,true,0.55,Accounting treatment: UNKNOWN. Retained in activity; not counted in Spending Summary. Merchant/payee not confidently extracted. Could not confidently classify accounting treatment.
13586,2026-02-27 15:15:50,50.00,USD,UNKNOWN,UNKNOWN,,,,"Multiple: Capital One, Chase",5944,NEEDS_REVIEW,true,0.55,Accounting treatment: UNKNOWN. Retained in activity; not counted in Spending Summary. Merchant/payee not confidently extracted. Could not confidently classify accounting treatment.
14878,2026-02-27 10:37:21,500.00,USD,PERSON_TO_PERSON,PERSON_TO_PERSON,,,,Chase,3039,NEEDS_REVIEW,true,0.55,Accounting treatment: PERSON_TO_PERSON. Zelle detected; user review recommended. Retained in activity; not counted in Spending Summary. Merchant/payee not confidently extracted.
14879,2026-02-27 10:26:48,3121.48,USD,INCOME,INCOME,3:54 AM ET was more than the $1,,,Chase,3039,AUTO_PARSED,true,0.86,Accounting treatment: INCOME. Merchant extracted by generic at. Retained in activity; not counted in Spending Summary.
13587,2026-02-27 04:12:50,5.00,USD,UNKNOWN,UNKNOWN,,,,"Multiple: Capital One, Chase",5944,NEEDS_REVIEW,true,0.55,Accounting treatment: UNKNOWN. Retained in activity; not counted in Spending Summary. Merchant/payee not confidently extracted. Could not confidently classify accounting treatment.
13588,2026-02-27 03:45:05,9.89,USD,UNKNOWN,UNKNOWN,,,,"Multiple: Capital One, Chase",5944,NEEDS_REVIEW,true,0.55,Accounting treatment: UNKNOWN. Retained in activity; not counted in Spending Summary. Merchant/payee not confidently extracted. Could not confidently classify accounting treatment.
13589,2026-02-26 21:22:28,2.92,USD,UNKNOWN,UNKNOWN,,,,"Multiple: Capital One, Chase",5944,NEEDS_REVIEW,true,0.55,Accounting treatment: UNKNOWN. Retained in activity; not counted in Spending Summary. Merchant/payee not confidently extracted. Could not confidently classify accounting treatment.
13590,2026-02-26 12:43:27,6768.25,USD,UNKNOWN,UNKNOWN,,,,"Multiple: Capital One, Chase",5944,NEEDS_REVIEW,true,0.55,Accounting treatment: UNKNOWN. Retained in activity; not counted in Spending Summary. Merchant/payee not confidently extracted. Could not confidently classify accounting treatment.
13591,2026-02-26 04:11:42,5.00,USD,UNKNOWN,UNKNOWN,,,,"Multiple: Capital One, Chase",5944,NEEDS_REVIEW,true,0.55,Accounting treatment: UNKNOWN. Retained in activity; not counted in Spending Summary. Merchant/payee not confidently extracted. Could not confidently classify accounting treatment.
13592,2026-02-25 21:17:55,30.00,USD,UNKNOWN,UNKNOWN,,,,"Multiple: Capital One, Chase",5944,NEEDS_REVIEW,true,0.55,Accounting treatment: UNKNOWN. Retained in activity; not counted in Spending Summary. Merchant/payee not confidently extracted. Could not confidently classify accounting treatment.
13593,2026-02-25 17:32:03,33.59,USD,UNKNOWN,UNKNOWN,,,,"Multiple: Capital One, Chase",5944,NEEDS_REVIEW,true,0.55,Accounting treatment: UNKNOWN. Retained in activity; not counted in Spending Summary. Merchant/payee not confidently extracted. Could not confidently classify accounting treatment.
13594,2026-02-25 04:10:44,5.00,USD,UNKNOWN,UNKNOWN,,,,"Multiple: Capital One, Chase",5944,NEEDS_REVIEW,true,0.55,Accounting treatment: UNKNOWN. Retained in activity; not counted in Spending Summary. Merchant/payee not confidently extracted. Could not confidently classify accounting treatment.
14880,2026-02-24 10:17:30,155.00,USD,TRANSFER,TRANSFER,4:35 AM ET was more than the $1,,,Chase,3039,AUTO_PARSED,true,0.86,Accounting treatment: TRANSFER. Merchant extracted by generic at. Retained in activity; not counted in Spending Summary.
13595,2026-02-24 04:10:55,5.00,USD,UNKNOWN,UNKNOWN,,,,"Multiple: Capital One, Chase",5944,NEEDS_REVIEW,true,0.55,Accounting treatment: UNKNOWN. Retained in activity; not counted in Spending Summary. Merchant/payee not confidently extracted. Could not confidently classify accounting treatment.
13596,2026-02-23 17:39:46,5.40,USD,UNKNOWN,UNKNOWN,,,,"Multiple: Capital One, Chase",5944,NEEDS_REVIEW,true,0.55,Accounting treatment: UNKNOWN. Retained in activity; not counted in Spending Summary. Merchant/payee not confidently extracted. Could not confidently classify accounting treatment.
13597,2026-02-23 17:34:44,5.40,USD,UNKNOWN,UNKNOWN,,,,"Multiple: Capital One, Chase",5944,NEEDS_REVIEW,true,0.55,Accounting treatment: UNKNOWN. Retained in activity; not counted in Spending Summary. Merchant/payee not confidently extracted. Could not confidently classify accounting treatment.
13598,2026-02-23 06:38:45,60.00,USD,UNKNOWN,UNKNOWN,,,,"Multiple: Capital One, Chase",5944,NEEDS_REVIEW,true,0.55,Accounting treatment: UNKNOWN. Retained in activity; not counted in Spending Summary. Merchant/payee not confidently extracted. Could not confidently classify accounting treatment.
13599,2026-02-23 05:03:47,120.00,USD,UNKNOWN,UNKNOWN,,,,"Multiple: Capital One, Chase",5944,NEEDS_REVIEW,true,0.55,Accounting treatment: UNKNOWN. Retained in activity; not counted in Spending Summary. Merchant/payee not confidently extracted. Could not confidently classify accounting treatment.
13600,2026-02-23 04:09:43,5.00,USD,UNKNOWN,UNKNOWN,,,,"Multiple: Capital One, Chase",5944,NEEDS_REVIEW,true,0.55,Accounting treatment: UNKNOWN. Retained in activity; not counted in Spending Summary. Merchant/payee not confidently extracted. Could not confidently classify accounting treatment.
13601,2026-02-22 17:42:41,12.43,USD,UNKNOWN,UNKNOWN,,,,"Multiple: Capital One, Chase",5944,NEEDS_REVIEW,true,0.55,Accounting treatment: UNKNOWN. Retained in activity; not counted in Spending Summary. Merchant/payee not confidently extracted. Could not confidently classify accounting treatment.
13602,2026-02-22 17:28:55,29.75,USD,UNKNOWN,UNKNOWN,,,,"Multiple: Capital One, Chase",5944,NEEDS_REVIEW,true,0.55,Accounting treatment: UNKNOWN. Retained in activity; not counted in Spending Summary. Merchant/payee not confidently extracted. Could not confidently classify accounting treatment.
13603,2026-02-22 15:38:18,45.47,USD,UNKNOWN,UNKNOWN,,,,"Multiple: Capital One, Chase",5944,NEEDS_REVIEW,true,0.55,Accounting treatment: UNKNOWN. Retained in activity; not counted in Spending Summary. Merchant/payee not confidently extracted. Could not confidently classify accounting treatment.
13604,2026-02-22 14:30:10,29.38,USD,UNKNOWN,UNKNOWN,,,,"Multiple: Capital One, Chase",5944,NEEDS_REVIEW,true,0.55,Accounting treatment: UNKNOWN. Retained in activity; not counted in Spending Summary. Merchant/payee not confidently extracted. Could not confidently classify accounting treatment.
13605,2026-02-21 15:38:53,12.52,USD,UNKNOWN,UNKNOWN,,,,"Multiple: Capital One, Chase",5944,NEEDS_REVIEW,true,0.55,Accounting treatment: UNKNOWN. Retained in activity; not counted in Spending Summary. Merchant/payee not confidently extracted. Could not confidently classify accounting treatment.
13606,2026-02-21 14:17:54,18.39,USD,UNKNOWN,UNKNOWN,,,,"Multiple: Capital One, Chase",5944,NEEDS_REVIEW,true,0.55,Accounting treatment: UNKNOWN. Retained in activity; not counted in Spending Summary. Merchant/payee not confidently extracted. Could not confidently classify accounting treatment.
13607,2026-02-21 04:10:47,5.00,USD,UNKNOWN,UNKNOWN,,,,"Multiple: Capital One, Chase",5944,NEEDS_REVIEW,true,0.55,Accounting treatment: UNKNOWN. Retained in activity; not counted in Spending Summary. Merchant/payee not confidently extracted. Could not confidently classify accounting treatment.
13608,2026-02-20 20:52:18,50.00,USD,UNKNOWN,UNKNOWN,,,,"Multiple: Capital One, Chase",5944,NEEDS_REVIEW,true,0.55,Accounting treatment: UNKNOWN. Retained in activity; not counted in Spending Summary. Merchant/payee not confidently extracted. Could not confidently classify accounting treatment.
13609,2026-02-20 17:51:52,40.03,USD,UNKNOWN,UNKNOWN,,,,"Multiple: Capital One, Chase",5944,NEEDS_REVIEW,true,0.55,Accounting treatment: UNKNOWN. Retained in activity; not counted in Spending Summary. Merchant/payee not confidently extracted. Could not confidently classify accounting treatment.
13610,2026-02-20 14:11:27,20.00,USD,UNKNOWN,UNKNOWN,,,,"Multiple: Capital One, Chase",5944,NEEDS_REVIEW,true,0.55,Accounting treatment: UNKNOWN. Retained in activity; not counted in Spending Summary. Merchant/payee not confidently extracted. Could not confidently classify accounting treatment.
13611,2026-02-20 04:11:34,5.00,USD,UNKNOWN,UNKNOWN,,,,"Multiple: Capital One, Chase",5944,NEEDS_REVIEW,true,0.55,Accounting treatment: UNKNOWN. Retained in activity; not counted in Spending Summary. Merchant/payee not confidently extracted. Could not confidently classify accounting treatment.
13612,2026-02-19 21:36:06,1.37,USD,UNKNOWN,UNKNOWN,,,,"Multiple: Capital One, Chase",5944,NEEDS_REVIEW,true,0.55,Accounting treatment: UNKNOWN. Retained in activity; not counted in Spending Summary. Merchant/payee not confidently extracted. Could not confidently classify accounting treatment.
13613,2026-02-19 19:39:48,12.21,USD,UNKNOWN,UNKNOWN,,,,"Multiple: Capital One, Chase",5944,NEEDS_REVIEW,true,0.55,Accounting treatment: UNKNOWN. Retained in activity; not counted in Spending Summary. Merchant/payee not confidently extracted. Could not confidently classify accounting treatment.
13614,2026-02-19 19:14:34,30.98,USD,UNKNOWN,UNKNOWN,,,,"Multiple: Capital One, Chase",5944,NEEDS_REVIEW,true,0.55,Accounting treatment: UNKNOWN. Retained in activity; not counted in Spending Summary. Merchant/payee not confidently extracted. Could not confidently classify accounting treatment.
13615,2026-02-19 11:14:55,4943.67,USD,UNKNOWN,UNKNOWN,,,,"Multiple: Capital One, Chase",5944,NEEDS_REVIEW,true,0.55,Accounting treatment: UNKNOWN. Retained in activity; not counted in Spending Summary. Merchant/payee not confidently extracted. Could not confidently classify accounting treatment.
13616,2026-02-19 04:09:10,5.00,USD,UNKNOWN,UNKNOWN,,,,"Multiple: Capital One, Chase",5944,NEEDS_REVIEW,true,0.55,Accounting treatment: UNKNOWN. Retained in activity; not counted in Spending Summary. Merchant/payee not confidently extracted. Could not confidently classify accounting treatment.
13617,2026-02-18 18:58:59,29.84,USD,UNKNOWN,UNKNOWN,,,,"Multiple: Capital One, Chase",5944,NEEDS_REVIEW,true,0.55,Accounting treatment: UNKNOWN. Retained in activity; not counted in Spending Summary. Merchant/payee not confidently extracted. Could not confidently classify accounting treatment.
14881,2026-02-18 10:33:47,155.00,USD,TRANSFER,TRANSFER,4:17 AM ET was more than the $1,,,Chase,3039,AUTO_PARSED,true,0.86,Accounting treatment: TRANSFER. Merchant extracted by generic at. Retained in activity; not counted in Spending Summary.
14882,2026-02-18 10:20:33,1160.11,USD,TRANSFER,TRANSFER,4:17 AM ET was more than the $1,,,Chase,3039,AUTO_PARSED,true,0.86,Accounting treatment: TRANSFER. Merchant extracted by generic at. Retained in activity; not counted in Spending Summary.
13618,2026-02-18 04:08:59,5.00,USD,UNKNOWN,UNKNOWN,,,,"Multiple: Capital One, Chase",5944,NEEDS_REVIEW,true,0.55,Accounting treatment: UNKNOWN. Retained in activity; not counted in Spending Summary. Merchant/payee not confidently extracted. Could not confidently classify accounting treatment.
13619,2026-02-18 02:23:09,195.00,USD,UNKNOWN,UNKNOWN,,,,"Multiple: Capital One, Chase",5944,NEEDS_REVIEW,true,0.55,Accounting treatment: UNKNOWN. Retained in activity; not counted in Spending Summary. Merchant/payee not confidently extracted. Could not confidently classify accounting treatment.
13620,2026-02-17 21:26:14,5.00,USD,UNKNOWN,UNKNOWN,,,,"Multiple: Capital One, Chase",5944,NEEDS_REVIEW,true,0.55,Accounting treatment: UNKNOWN. Retained in activity; not counted in Spending Summary. Merchant/payee not confidently extracted. Could not confidently classify accounting treatment.
14883,2026-02-17 18:57:32,37.65,USD,EXPENSE,EXPENSE,COSTCO WHSE #1739 on Feb 17,Groceries,General,Chase,3039,AUTO_PARSED,false,0.90,Accounting treatment: EXPENSE. Merchant extracted by action merchant. Suggested category: Groceries/General.
13621,2026-02-16 21:40:24,29.20,USD,UNKNOWN,UNKNOWN,,,,"Multiple: Capital One, Chase",5944,NEEDS_REVIEW,true,0.55,Accounting treatment: UNKNOWN. Retained in activity; not counted in Spending Summary. Merchant/payee not confidently extracted. Could not confidently classify accounting treatment.
13622,2026-02-16 20:33:40,1.58,USD,UNKNOWN,UNKNOWN,,,,"Multiple: Capital One, Chase",5944,NEEDS_REVIEW,true,0.55,Accounting treatment: UNKNOWN. Retained in activity; not counted in Spending Summary. Merchant/payee not confidently extracted. Could not confidently classify accounting treatment.
13623,2026-02-15 17:15:15,24.95,USD,UNKNOWN,UNKNOWN,,,,"Multiple: Capital One, Chase",5944,NEEDS_REVIEW,true,0.55,Accounting treatment: UNKNOWN. Retained in activity; not counted in Spending Summary. Merchant/payee not confidently extracted. Could not confidently classify accounting treatment.
13624,2026-02-15 15:41:57,323.67,USD,UNKNOWN,UNKNOWN,,,,"Multiple: Capital One, Chase",5944,NEEDS_REVIEW,true,0.55,Accounting treatment: UNKNOWN. Retained in activity; not counted in Spending Summary. Merchant/payee not confidently extracted. Could not confidently classify accounting treatment.
13625,2026-02-15 11:16:07,29.20,USD,UNKNOWN,UNKNOWN,,,,"Multiple: Capital One, Chase",5944,NEEDS_REVIEW,true,0.55,Accounting treatment: UNKNOWN. Retained in activity; not counted in Spending Summary. Merchant/payee not confidently extracted. Could not confidently classify accounting treatment.
13626,2026-02-15 10:50:05,60.79,USD,UNKNOWN,UNKNOWN,,,,"Multiple: Capital One, Chase",5944,NEEDS_REVIEW,true,0.55,Accounting treatment: UNKNOWN. Retained in activity; not counted in Spending Summary. Merchant/payee not confidently extracted. Could not confidently classify accounting treatment.
13627,2026-02-15 02:30:24,8.65,USD,UNKNOWN,UNKNOWN,,,,"Multiple: Capital One, Chase",5944,NEEDS_REVIEW,true,0.55,Accounting treatment: UNKNOWN. Retained in activity; not counted in Spending Summary. Merchant/payee not confidently extracted. Could not confidently classify accounting treatment.
13628,2026-02-14 21:14:33,55.46,USD,UNKNOWN,UNKNOWN,,,,"Multiple: Capital One, Chase",5944,NEEDS_REVIEW,true,0.55,Accounting treatment: UNKNOWN. Retained in activity; not counted in Spending Summary. Merchant/payee not confidently extracted. Could not confidently classify accounting treatment.
13629,2026-02-14 20:28:25,28.17,USD,UNKNOWN,UNKNOWN,,,,"Multiple: Capital One, Chase",5944,NEEDS_REVIEW,true,0.55,Accounting treatment: UNKNOWN. Retained in activity; not counted in Spending Summary. Merchant/payee not confidently extracted. Could not confidently classify accounting treatment.
13630,2026-02-14 18:12:37,41.10,USD,UNKNOWN,UNKNOWN,,,,"Multiple: Capital One, Chase",5944,NEEDS_REVIEW,true,0.55,Accounting treatment: UNKNOWN. Retained in activity; not counted in Spending Summary. Merchant/payee not confidently extracted. Could not confidently classify accounting treatment.
13631,2026-02-14 15:47:21,8.66,USD,UNKNOWN,UNKNOWN,,,,"Multiple: Capital One, Chase",5944,NEEDS_REVIEW,true,0.55,Accounting treatment: UNKNOWN. Retained in activity; not counted in Spending Summary. Merchant/payee not confidently extracted. Could not confidently classify accounting treatment.
13632,2026-02-14 15:23:35,21.65,USD,UNKNOWN,UNKNOWN,,,,"Multiple: Capital One, Chase",5944,NEEDS_REVIEW,true,0.55,Accounting treatment: UNKNOWN. Retained in activity; not counted in Spending Summary. Merchant/payee not confidently extracted. Could not confidently classify accounting treatment.
13633,2026-02-14 14:37:14,30.06,USD,UNKNOWN,UNKNOWN,,,,"Multiple: Capital One, Chase",5944,NEEDS_REVIEW,true,0.55,Accounting treatment: UNKNOWN. Retained in activity; not counted in Spending Summary. Merchant/payee not confidently extracted. Could not confidently classify accounting treatment.
13634,2026-02-14 11:33:54,90.00,USD,UNKNOWN,UNKNOWN,,,,"Multiple: Capital One, Chase",5944,NEEDS_REVIEW,true,0.55,Accounting treatment: UNKNOWN. Retained in activity; not counted in Spending Summary. Merchant/payee not confidently extracted. Could not confidently classify accounting treatment.
13635,2026-02-14 11:25:22,25.00,USD,UNKNOWN,UNKNOWN,,,,"Multiple: Capital One, Chase",5944,NEEDS_REVIEW,true,0.55,Accounting treatment: UNKNOWN. Retained in activity; not counted in Spending Summary. Merchant/payee not confidently extracted. Could not confidently classify accounting treatment.
13636,2026-02-14 10:46:41,36.20,USD,UNKNOWN,UNKNOWN,,,,"Multiple: Capital One, Chase",5944,NEEDS_REVIEW,true,0.55,Accounting treatment: UNKNOWN. Retained in activity; not counted in Spending Summary. Merchant/payee not confidently extracted. Could not confidently classify accounting treatment.
14884,2026-02-14 10:09:47,16.24,USD,TRANSFER,TRANSFER,4:54 AM ET was more than the $1,,,Chase,3039,AUTO_PARSED,true,0.86,Accounting treatment: TRANSFER. Merchant extracted by generic at. Retained in activity; not counted in Spending Summary.
13637,2026-02-14 04:07:48,100.00,USD,UNKNOWN,UNKNOWN,,,,"Multiple: Capital One, Chase",5944,NEEDS_REVIEW,true,0.55,Accounting treatment: UNKNOWN. Retained in activity; not counted in Spending Summary. Merchant/payee not confidently extracted. Could not confidently classify accounting treatment.
13638,2026-02-13 17:59:08,30.45,USD,UNKNOWN,UNKNOWN,,,,"Multiple: Capital One, Chase",5944,NEEDS_REVIEW,true,0.55,Accounting treatment: UNKNOWN. Retained in activity; not counted in Spending Summary. Merchant/payee not confidently extracted. Could not confidently classify accounting treatment.
13639,2026-02-13 15:48:46,7955.23,USD,UNKNOWN,UNKNOWN,,,,"Multiple: Capital One, Chase",5944,NEEDS_REVIEW,true,0.55,Accounting treatment: UNKNOWN. Retained in activity; not counted in Spending Summary. Merchant/payee not confidently extracted. Could not confidently classify accounting treatment.
13640,2026-02-13 14:24:16,20.00,USD,UNKNOWN,UNKNOWN,,,,"Multiple: Capital One, Chase",5944,NEEDS_REVIEW,true,0.55,Accounting treatment: UNKNOWN. Retained in activity; not counted in Spending Summary. Merchant/payee not confidently extracted. Could not confidently classify accounting treatment.
14885,2026-02-13 10:36:23,3121.48,USD,INCOME,INCOME,3:49 AM ET was more than the $1,,,Chase,3039,AUTO_PARSED,true,0.86,Accounting treatment: INCOME. Merchant extracted by generic at. Retained in activity; not counted in Spending Summary.
13641,2026-02-12 20:36:47,40.69,USD,UNKNOWN,UNKNOWN,,,,"Multiple: Capital One, Chase",5944,NEEDS_REVIEW,true,0.55,Accounting treatment: UNKNOWN. Retained in activity; not counted in Spending Summary. Merchant/payee not confidently extracted. Could not confidently classify accounting treatment.
13642,2026-02-12 19:57:21,3.24,USD,UNKNOWN,UNKNOWN,,,,"Multiple: Capital One, Chase",5944,NEEDS_REVIEW,true,0.55,Accounting treatment: UNKNOWN. Retained in activity; not counted in Spending Summary. Merchant/payee not confidently extracted. Could not confidently classify accounting treatment.
13643,2026-02-12 19:36:46,2.99,USD,UNKNOWN,UNKNOWN,,,,"Multiple: Capital One, Chase",5944,NEEDS_REVIEW,true,0.55,Accounting treatment: UNKNOWN. Retained in activity; not counted in Spending Summary. Merchant/payee not confidently extracted. Could not confidently classify accounting treatment.
13644,2026-02-12 19:24:15,3.12,USD,UNKNOWN,UNKNOWN,,,,"Multiple: Capital One, Chase",5944,NEEDS_REVIEW,true,0.55,Accounting treatment: UNKNOWN. Retained in activity; not counted in Spending Summary. Merchant/payee not confidently extracted. Could not confidently classify accounting treatment.
14886,2026-02-12 17:39:15,500.00,USD,PERSON_TO_PERSON,PERSON_TO_PERSON,,,,Chase,3039,NEEDS_REVIEW,true,0.55,Accounting treatment: PERSON_TO_PERSON. Zelle detected; user review recommended. Retained in activity; not counted in Spending Summary. Merchant/payee not confidently extracted.
14887,2026-02-12 10:37:02,7955.23,USD,TRANSFER,TRANSFER,9:21 AM ET was more than the $1,,,Chase,3039,AUTO_PARSED,true,0.86,Accounting treatment: TRANSFER. Merchant extracted by generic at. Retained in activity; not counted in Spending Summary.
13645,2026-02-11 19:49:19,7955.23,USD,EXPENSE,EXPENSE,,,,"Multiple: Capital One, Chase",5944,NEEDS_REVIEW,false,0.55,Accounting treatment: EXPENSE. Merchant/payee not confidently extracted.
14888,2026-02-11 10:09:07,303.08,USD,TRANSFER,TRANSFER,3:48 AM ET was more than the $1,,,Chase,3039,AUTO_PARSED,true,0.86,Accounting treatment: TRANSFER. Merchant extracted by generic at. Retained in activity; not counted in Spending Summary.
13646,2026-02-10 14:28:06,714.11,USD,UNKNOWN,UNKNOWN,,,,"Multiple: Capital One, Chase",5944,NEEDS_REVIEW,true,0.55,Accounting treatment: UNKNOWN. Retained in activity; not counted in Spending Summary. Merchant/payee not confidently extracted. Could not confidently classify accounting treatment.
14889,2026-02-10 10:17:20,155.00,USD,TRANSFER,TRANSFER,4:32 AM ET was more than the $1,,,Chase,3039,AUTO_PARSED,true,0.86,Accounting treatment: TRANSFER. Merchant extracted by generic at. Retained in activity; not counted in Spending Summary.
14890,2026-02-10 02:30:11,60.00,USD,PERSON_TO_PERSON,PERSON_TO_PERSON,,,,Chase,3039,NEEDS_REVIEW,true,0.55,Accounting treatment: PERSON_TO_PERSON. Zelle detected; user review recommended. Retained in activity; not counted in Spending Summary. Merchant/payee not confidently extracted.
13647,2026-02-09 12:38:08,2.72,USD,UNKNOWN,UNKNOWN,,,,"Multiple: Capital One, Chase",5944,NEEDS_REVIEW,true,0.55,Accounting treatment: UNKNOWN. Retained in activity; not counted in Spending Summary. Merchant/payee not confidently extracted. Could not confidently classify accounting treatment.
13648,2026-02-09 12:31:27,10.85,USD,UNKNOWN,UNKNOWN,,,,"Multiple: Capital One, Chase",5944,NEEDS_REVIEW,true,0.55,Accounting treatment: UNKNOWN. Retained in activity; not counted in Spending Summary. Merchant/payee not confidently extracted. Could not confidently classify accounting treatment.
14891,2026-02-09 11:24:57,714.11,USD,TRANSFER,TRANSFER,12:23 PM ET was more than the $1,,,Chase,3039,AUTO_PARSED,true,0.86,Accounting treatment: TRANSFER. Merchant extracted by generic at. Retained in activity; not counted in Spending Summary.
13649,2026-02-08 18:00:07,29.90,USD,UNKNOWN,UNKNOWN,,,,"Multiple: Capital One, Chase",5944,NEEDS_REVIEW,true,0.55,Accounting treatment: UNKNOWN. Retained in activity; not counted in Spending Summary. Merchant/payee not confidently extracted. Could not confidently classify accounting treatment.
13650,2026-02-08 17:53:16,3.84,USD,UNKNOWN,UNKNOWN,,,,"Multiple: Capital One, Chase",5944,NEEDS_REVIEW,true,0.55,Accounting treatment: UNKNOWN. Retained in activity; not counted in Spending Summary. Merchant/payee not confidently extracted. Could not confidently classify accounting treatment.
13651,2026-02-08 15:27:41,5000.00,USD,UNKNOWN,UNKNOWN,,,,"Multiple: Capital One, Chase",5944,NEEDS_REVIEW,true,0.55,Accounting treatment: UNKNOWN. Retained in activity; not counted in Spending Summary. Merchant/payee not confidently extracted. Could not confidently classify accounting treatment.
13652,2026-02-08 13:55:49,21.28,USD,UNKNOWN,UNKNOWN,,,,"Multiple: Capital One, Chase",5944,NEEDS_REVIEW,true,0.55,Accounting treatment: UNKNOWN. Retained in activity; not counted in Spending Summary. Merchant/payee not confidently extracted. Could not confidently classify accounting treatment.
13653,2026-02-08 13:10:22,34.64,USD,UNKNOWN,UNKNOWN,,,,"Multiple: Capital One, Chase",5944,NEEDS_REVIEW,true,0.55,Accounting treatment: UNKNOWN. Retained in activity; not counted in Spending Summary. Merchant/payee not confidently extracted. Could not confidently classify accounting treatment.
13654,2026-02-08 10:48:47,24.66,USD,UNKNOWN,UNKNOWN,,,,"Multiple: Capital One, Chase",5944,NEEDS_REVIEW,true,0.55,Accounting treatment: UNKNOWN. Retained in activity; not counted in Spending Summary. Merchant/payee not confidently extracted. Could not confidently classify accounting treatment.
13655,2026-02-08 10:25:19,90.12,USD,UNKNOWN,UNKNOWN,,,,"Multiple: Capital One, Chase",5944,NEEDS_REVIEW,true,0.55,Accounting treatment: UNKNOWN. Retained in activity; not counted in Spending Summary. Merchant/payee not confidently extracted. Could not confidently classify accounting treatment.
13656,2026-02-08 10:06:07,23.64,USD,UNKNOWN,UNKNOWN,,,,"Multiple: Capital One, Chase",5944,NEEDS_REVIEW,true,0.55,Accounting treatment: UNKNOWN. Retained in activity; not counted in Spending Summary. Merchant/payee not confidently extracted. Could not confidently classify accounting treatment.
13657,2026-02-07 20:48:18,26.74,USD,UNKNOWN,UNKNOWN,,,,"Multiple: Capital One, Chase",5944,NEEDS_REVIEW,true,0.55,Accounting treatment: UNKNOWN. Retained in activity; not counted in Spending Summary. Merchant/payee not confidently extracted. Could not confidently classify accounting treatment.
13658,2026-02-07 06:36:28,50.00,USD,UNKNOWN,UNKNOWN,,,,"Multiple: Capital One, Chase",5944,NEEDS_REVIEW,true,0.55,Accounting treatment: UNKNOWN. Retained in activity; not counted in Spending Summary. Merchant/payee not confidently extracted. Could not confidently classify accounting treatment.
13659,2026-02-06 19:21:46,16.48,USD,UNKNOWN,UNKNOWN,,,,"Multiple: Capital One, Chase",5944,NEEDS_REVIEW,true,0.55,Accounting treatment: UNKNOWN. Retained in activity; not counted in Spending Summary. Merchant/payee not confidently extracted. Could not confidently classify accounting treatment.
13660,2026-02-06 19:21:11,89.30,USD,UNKNOWN,UNKNOWN,,,,"Multiple: Capital One, Chase",5944,NEEDS_REVIEW,true,0.55,Accounting treatment: UNKNOWN. Retained in activity; not counted in Spending Summary. Merchant/payee not confidently extracted. Could not confidently classify accounting treatment.
13661,2026-02-06 16:57:04,30.24,USD,UNKNOWN,UNKNOWN,,,,"Multiple: Capital One, Chase",5944,NEEDS_REVIEW,true,0.55,Accounting treatment: UNKNOWN. Retained in activity; not counted in Spending Summary. Merchant/payee not confidently extracted. Could not confidently classify accounting treatment.
13662,2026-02-06 16:21:56,10.83,USD,UNKNOWN,UNKNOWN,,,,"Multiple: Capital One, Chase",5944,NEEDS_REVIEW,true,0.55,Accounting treatment: UNKNOWN. Retained in activity; not counted in Spending Summary. Merchant/payee not confidently extracted. Could not confidently classify accounting treatment.
13663,2026-02-06 14:14:30,20.00,USD,UNKNOWN,UNKNOWN,,,,"Multiple: Capital One, Chase",5944,NEEDS_REVIEW,true,0.55,Accounting treatment: UNKNOWN. Retained in activity; not counted in Spending Summary. Merchant/payee not confidently extracted. Could not confidently classify accounting treatment.
13664,2026-02-05 19:20:31,21.06,USD,UNKNOWN,UNKNOWN,,,,"Multiple: Capital One, Chase",5944,NEEDS_REVIEW,true,0.55,Accounting treatment: UNKNOWN. Retained in activity; not counted in Spending Summary. Merchant/payee not confidently extracted. Could not confidently classify accounting treatment.
14892,2026-02-04 15:04:56,30.00,USD,PERSON_TO_PERSON,PERSON_TO_PERSON,Nameera,,,Chase,3039,NEEDS_REVIEW,true,0.55,Accounting treatment: PERSON_TO_PERSON. Merchant extracted by source template outlier. Zelle detected; user review recommended. Retained in activity; not counted in Spending Summary.
13665,2026-02-04 09:34:39,1.25,USD,UNKNOWN,UNKNOWN,,,,"Multiple: Capital One, Chase",5944,NEEDS_REVIEW,true,0.55,Accounting treatment: UNKNOWN. Retained in activity; not counted in Spending Summary. Merchant/payee not confidently extracted. Could not confidently classify accounting treatment.
13666,2026-02-04 04:04:02,88.46,USD,UNKNOWN,UNKNOWN,,,,"Multiple: Capital One, Chase",5944,NEEDS_REVIEW,true,0.55,Accounting treatment: UNKNOWN. Retained in activity; not counted in Spending Summary. Merchant/payee not confidently extracted. Could not confidently classify accounting treatment.
13667,2026-02-03 12:06:53,2.00,USD,UNKNOWN,UNKNOWN,,,,"Multiple: Capital One, Chase",5944,NEEDS_REVIEW,true,0.55,Accounting treatment: UNKNOWN. Retained in activity; not counted in Spending Summary. Merchant/payee not confidently extracted. Could not confidently classify accounting treatment.
13668,2026-02-03 11:58:58,2.67,USD,UNKNOWN,UNKNOWN,,,,"Multiple: Capital One, Chase",5944,NEEDS_REVIEW,true,0.55,Accounting treatment: UNKNOWN. Retained in activity; not counted in Spending Summary. Merchant/payee not confidently extracted. Could not confidently classify accounting treatment.
14893,2026-02-03 10:23:00,62.54,USD,TRANSFER,TRANSFER,4:35 AM ET was more than the $1,,,Chase,3039,AUTO_PARSED,true,0.86,Accounting treatment: TRANSFER. Merchant extracted by generic at. Retained in activity; not counted in Spending Summary.
14894,2026-02-03 10:08:53,160.00,USD,TRANSFER,TRANSFER,4:35 AM ET was more than the $1,,,Chase,3039,AUTO_PARSED,true,0.86,Accounting treatment: TRANSFER. Merchant extracted by generic at. Retained in activity; not counted in Spending Summary.
13669,2026-02-03 09:44:36,65.33,USD,UNKNOWN,UNKNOWN,,,,"Multiple: Capital One, Chase",5944,NEEDS_REVIEW,true,0.55,Accounting treatment: UNKNOWN. Retained in activity; not counted in Spending Summary. Merchant/payee not confidently extracted. Could not confidently classify accounting treatment.
14895,2026-02-02 19:02:17,7.98,USD,EXPENSE,EXPENSE,COSTCO WHSE #0664 on Feb 2,Groceries,General,Chase,3039,AUTO_PARSED,false,0.90,Accounting treatment: EXPENSE. Merchant extracted by action merchant. Suggested category: Groceries/General.
14896,2026-02-02 10:30:31,1055.00,USD,TRANSFER,TRANSFER,4:21 AM ET was more than the $1,,,Chase,3039,AUTO_PARSED,true,0.86,Accounting treatment: TRANSFER. Merchant extracted by generic at. Retained in activity; not counted in Spending Summary.
13670,2026-02-02 09:05:12,11.91,USD,UNKNOWN,UNKNOWN,,,,"Multiple: Capital One, Chase",5944,NEEDS_REVIEW,true,0.55,Accounting treatment: UNKNOWN. Retained in activity; not counted in Spending Summary. Merchant/payee not confidently extracted. Could not confidently classify accounting treatment.
13671,2026-02-01 20:45:55,25.82,USD,UNKNOWN,UNKNOWN,,,,"Multiple: Capital One, Chase",5944,NEEDS_REVIEW,true,0.55,Accounting treatment: UNKNOWN. Retained in activity; not counted in Spending Summary. Merchant/payee not confidently extracted. Could not confidently classify accounting treatment.
13672,2026-01-31 22:54:32,275.53,USD,UNKNOWN,UNKNOWN,,,,"Multiple: Capital One, Chase",5944,NEEDS_REVIEW,true,0.55,Accounting treatment: UNKNOWN. Retained in activity; not counted in Spending Summary. Merchant/payee not confidently extracted. Could not confidently classify accounting treatment.
14897,2026-01-31 22:38:27,1000.00,USD,PERSON_TO_PERSON,PERSON_TO_PERSON,,,,Chase,3039,NEEDS_REVIEW,true,0.55,Accounting treatment: PERSON_TO_PERSON. Zelle detected; user review recommended. Retained in activity; not counted in Spending Summary. Merchant/payee not confidently extracted.
13673,2026-01-31 21:03:39,46.26,USD,UNKNOWN,UNKNOWN,,,,"Multiple: Capital One, Chase",5944,NEEDS_REVIEW,true,0.55,Accounting treatment: UNKNOWN. Retained in activity; not counted in Spending Summary. Merchant/payee not confidently extracted. Could not confidently classify accounting treatment.
13674,2026-01-31 20:22:15,4.00,USD,UNKNOWN,UNKNOWN,,,,"Multiple: Capital One, Chase",5944,NEEDS_REVIEW,true,0.55,Accounting treatment: UNKNOWN. Retained in activity; not counted in Spending Summary. Merchant/payee not confidently extracted. Could not confidently classify accounting treatment.
13675,2026-01-31 19:27:09,37.41,USD,UNKNOWN,UNKNOWN,,,,"Multiple: Capital One, Chase",5944,NEEDS_REVIEW,true,0.55,Accounting treatment: UNKNOWN. Retained in activity; not counted in Spending Summary. Merchant/payee not confidently extracted. Could not confidently classify accounting treatment.
13676,2026-01-31 16:37:33,21.63,USD,UNKNOWN,UNKNOWN,,,,"Multiple: Capital One, Chase",5944,NEEDS_REVIEW,true,0.55,Accounting treatment: UNKNOWN. Retained in activity; not counted in Spending Summary. Merchant/payee not confidently extracted. Could not confidently classify accounting treatment.
14898,2026-01-31 11:46:30,59.58,USD,EXPENSE,EXPENSE,COSTCO WHSE #0655 on Jan 31,Groceries,General,Chase,3039,AUTO_PARSED,false,0.90,Accounting treatment: EXPENSE. Merchant extracted by action merchant. Suggested category: Groceries/General.
14899,2026-01-31 10:07:32,53.04,USD,TRANSFER,TRANSFER,4:52 AM ET was more than the $1,,,Chase,3039,AUTO_PARSED,true,0.86,Accounting treatment: TRANSFER. Merchant extracted by generic at. Retained in activity; not counted in Spending Summary.
13677,2026-01-31 08:22:13,1.25,USD,UNKNOWN,UNKNOWN,,,,"Multiple: Capital One, Chase",5944,NEEDS_REVIEW,true,0.55,Accounting treatment: UNKNOWN. Retained in activity; not counted in Spending Summary. Merchant/payee not confidently extracted. Could not confidently classify accounting treatment.
13678,2026-01-30 19:34:54,16.33,USD,UNKNOWN,UNKNOWN,,,,"Multiple: Capital One, Chase",5944,NEEDS_REVIEW,true,0.55,Accounting treatment: UNKNOWN. Retained in activity; not counted in Spending Summary. Merchant/payee not confidently extracted. Could not confidently classify accounting treatment.
13679,2026-01-30 19:26:42,2.00,USD,UNKNOWN,UNKNOWN,,,,"Multiple: Capital One, Chase",5944,NEEDS_REVIEW,true,0.55,Accounting treatment: UNKNOWN. Retained in activity; not counted in Spending Summary. Merchant/payee not confidently extracted. Could not confidently classify accounting treatment.
13680,2026-01-30 19:15:33,49.22,USD,UNKNOWN,UNKNOWN,,,,"Multiple: Capital One, Chase",5944,NEEDS_REVIEW,true,0.55,Accounting treatment: UNKNOWN. Retained in activity; not counted in Spending Summary. Merchant/payee not confidently extracted. Could not confidently classify accounting treatment.
13681,2026-01-30 18:33:12,20.00,USD,UNKNOWN,UNKNOWN,,,,"Multiple: Capital One, Chase",5944,NEEDS_REVIEW,true,0.55,Accounting treatment: UNKNOWN. Retained in activity; not counted in Spending Summary. Merchant/payee not confidently extracted. Could not confidently classify accounting treatment.
13682,2026-01-30 13:15:48,20.00,USD,UNKNOWN,UNKNOWN,,,,"Multiple: Capital One, Chase",5944,NEEDS_REVIEW,true,0.55,Accounting treatment: UNKNOWN. Retained in activity; not counted in Spending Summary. Merchant/payee not confidently extracted. Could not confidently classify accounting treatment.
14900,2026-01-30 10:25:17,3121.48,USD,INCOME,INCOME,3:49 AM ET was more than the $1,,,Chase,3039,AUTO_PARSED,true,0.86,Accounting treatment: INCOME. Merchant extracted by generic at. Retained in activity; not counted in Spending Summary.
13683,2026-01-29 21:43:11,30.66,USD,UNKNOWN,UNKNOWN,,,,"Multiple: Capital One, Chase",5944,NEEDS_REVIEW,true,0.55,Accounting treatment: UNKNOWN. Retained in activity; not counted in Spending Summary. Merchant/payee not confidently extracted. Could not confidently classify accounting treatment.
13684,2026-01-28 18:29:59,22.82,USD,UNKNOWN,UNKNOWN,,,,"Multiple: Capital One, Chase",5944,NEEDS_REVIEW,true,0.55,Accounting treatment: UNKNOWN. Retained in activity; not counted in Spending Summary. Merchant/payee not confidently extracted. Could not confidently classify accounting treatment.
13685,2026-01-28 18:06:30,20.96,USD,UNKNOWN,UNKNOWN,,,,"Multiple: Capital One, Chase",5944,NEEDS_REVIEW,true,0.55,Accounting treatment: UNKNOWN. Retained in activity; not counted in Spending Summary. Merchant/payee not confidently extracted. Could not confidently classify accounting treatment.
14901,2026-01-27 10:16:45,160.00,USD,TRANSFER,TRANSFER,4:23 AM ET was more than the $1,,,Chase,3039,AUTO_PARSED,true,0.86,Accounting treatment: TRANSFER. Merchant extracted by generic at. Retained in activity; not counted in Spending Summary.
13686,2026-01-26 12:31:20,2396.67,USD,UNKNOWN,UNKNOWN,,,,"Multiple: Capital One, Chase",5944,NEEDS_REVIEW,true,0.55,Accounting treatment: UNKNOWN. Retained in activity; not counted in Spending Summary. Merchant/payee not confidently extracted. Could not confidently classify accounting treatment.
13687,2026-01-23 14:25:43,20.00,USD,UNKNOWN,UNKNOWN,,,,"Multiple: Capital One, Chase",5944,NEEDS_REVIEW,true,0.55,Accounting treatment: UNKNOWN. Retained in activity; not counted in Spending Summary. Merchant/payee not confidently extracted. Could not confidently classify accounting treatment.
13688,2026-01-22 18:55:24,21.45,USD,UNKNOWN,UNKNOWN,,,,"Multiple: Capital One, Chase",5944,NEEDS_REVIEW,true,0.55,Accounting treatment: UNKNOWN. Retained in activity; not counted in Spending Summary. Merchant/payee not confidently extracted. Could not confidently classify accounting treatment.
13689,2026-01-22 18:09:29,27.06,USD,UNKNOWN,UNKNOWN,,,,"Multiple: Capital One, Chase",5944,NEEDS_REVIEW,true,0.55,Accounting treatment: UNKNOWN. Retained in activity; not counted in Spending Summary. Merchant/payee not confidently extracted. Could not confidently classify accounting treatment.
13690,2026-01-21 19:34:01,10.31,USD,UNKNOWN,UNKNOWN,,,,"Multiple: Capital One, Chase",5944,NEEDS_REVIEW,true,0.55,Accounting treatment: UNKNOWN. Retained in activity; not counted in Spending Summary. Merchant/payee not confidently extracted. Could not confidently classify accounting treatment.
13691,2026-01-21 19:21:45,29.11,USD,UNKNOWN,UNKNOWN,,,,"Multiple: Capital One, Chase",5944,NEEDS_REVIEW,true,0.55,Accounting treatment: UNKNOWN. Retained in activity; not counted in Spending Summary. Merchant/payee not confidently extracted. Could not confidently classify accounting treatment.
14902,2026-01-21 10:30:08,160.00,USD,TRANSFER,TRANSFER,4:12 AM ET was more than the $1,,,Chase,3039,AUTO_PARSED,true,0.86,Accounting treatment: TRANSFER. Merchant extracted by generic at. Retained in activity; not counted in Spending Summary.
13692,2026-01-21 08:54:04,32.46,USD,UNKNOWN,UNKNOWN,,,,"Multiple: Capital One, Chase",5944,NEEDS_REVIEW,true,0.55,Accounting treatment: UNKNOWN. Retained in activity; not counted in Spending Summary. Merchant/payee not confidently extracted. Could not confidently classify accounting treatment.
13693,2026-01-20 18:55:22,17.19,USD,UNKNOWN,UNKNOWN,,,,"Multiple: Capital One, Chase",5944,NEEDS_REVIEW,true,0.55,Accounting treatment: UNKNOWN. Retained in activity; not counted in Spending Summary. Merchant/payee not confidently extracted. Could not confidently classify accounting treatment.
13694,2026-01-20 14:01:40,10.27,USD,UNKNOWN,UNKNOWN,,,,"Multiple: Capital One, Chase",5944,NEEDS_REVIEW,true,0.55,Accounting treatment: UNKNOWN. Retained in activity; not counted in Spending Summary. Merchant/payee not confidently extracted. Could not confidently classify accounting treatment.
14903,2026-01-20 10:07:16,16.24,USD,TRANSFER,TRANSFER,1:42 AM ET was more than the $1,,,Chase,3039,AUTO_PARSED,true,0.86,Accounting treatment: TRANSFER. Merchant extracted by generic at. Retained in activity; not counted in Spending Summary.
13695,2026-01-20 02:20:59,215.23,USD,UNKNOWN,UNKNOWN,,,,"Multiple: Capital One, Chase",5944,NEEDS_REVIEW,true,0.55,Accounting treatment: UNKNOWN. Retained in activity; not counted in Spending Summary. Merchant/payee not confidently extracted. Could not confidently classify accounting treatment.
13696,2026-01-19 23:42:07,256.43,USD,UNKNOWN,UNKNOWN,,,,"Multiple: Capital One, Chase",5944,NEEDS_REVIEW,true,0.55,Accounting treatment: UNKNOWN. Retained in activity; not counted in Spending Summary. Merchant/payee not confidently extracted. Could not confidently classify accounting treatment.
13697,2026-01-19 23:36:54,194.81,USD,UNKNOWN,UNKNOWN,,,,"Multiple: Capital One, Chase",5944,NEEDS_REVIEW,true,0.55,Accounting treatment: UNKNOWN. Retained in activity; not counted in Spending Summary. Merchant/payee not confidently extracted. Could not confidently classify accounting treatment.
13698,2026-01-18 17:05:10,35.71,USD,UNKNOWN,UNKNOWN,,,,"Multiple: Capital One, Chase",5944,NEEDS_REVIEW,true,0.55,Accounting treatment: UNKNOWN. Retained in activity; not counted in Spending Summary. Merchant/payee not confidently extracted. Could not confidently classify accounting treatment.
13699,2026-01-18 16:37:53,16.23,USD,UNKNOWN,UNKNOWN,,,,"Multiple: Capital One, Chase",5944,NEEDS_REVIEW,true,0.55,Accounting treatment: UNKNOWN. Retained in activity; not counted in Spending Summary. Merchant/payee not confidently extracted. Could not confidently classify accounting treatment.
13700,2026-01-18 13:09:18,12.62,USD,UNKNOWN,UNKNOWN,,,,"Multiple: Capital One, Chase",5944,NEEDS_REVIEW,true,0.55,Accounting treatment: UNKNOWN. Retained in activity; not counted in Spending Summary. Merchant/payee not confidently extracted. Could not confidently classify accounting treatment.
13701,2026-01-18 12:47:11,132.50,USD,UNKNOWN,UNKNOWN,,,,"Multiple: Capital One, Chase",5944,NEEDS_REVIEW,true,0.55,Accounting treatment: UNKNOWN. Retained in activity; not counted in Spending Summary. Merchant/payee not confidently extracted. Could not confidently classify accounting treatment.
13702,2026-01-17 21:03:38,27.30,USD,UNKNOWN,UNKNOWN,,,,"Multiple: Capital One, Chase",5944,NEEDS_REVIEW,true,0.55,Accounting treatment: UNKNOWN. Retained in activity; not counted in Spending Summary. Merchant/payee not confidently extracted. Could not confidently classify accounting treatment.
13703,2026-01-17 20:40:57,43.30,USD,UNKNOWN,UNKNOWN,,,,"Multiple: Capital One, Chase",5944,NEEDS_REVIEW,true,0.55,Accounting treatment: UNKNOWN. Retained in activity; not counted in Spending Summary. Merchant/payee not confidently extracted. Could not confidently classify accounting treatment.
13704,2026-01-17 14:34:15,379.45,USD,UNKNOWN,UNKNOWN,,,,"Multiple: Capital One, Chase",5944,NEEDS_REVIEW,true,0.55,Accounting treatment: UNKNOWN. Retained in activity; not counted in Spending Summary. Merchant/payee not confidently extracted. Could not confidently classify accounting treatment.
13705,2026-01-17 11:49:58,1.35,USD,UNKNOWN,UNKNOWN,,,,"Multiple: Capital One, Chase",5944,NEEDS_REVIEW,true,0.55,Accounting treatment: UNKNOWN. Retained in activity; not counted in Spending Summary. Merchant/payee not confidently extracted. Could not confidently classify accounting treatment.
13706,2026-01-17 11:22:04,21.94,USD,UNKNOWN,UNKNOWN,,,,"Multiple: Capital One, Chase",5944,NEEDS_REVIEW,true,0.55,Accounting treatment: UNKNOWN. Retained in activity; not counted in Spending Summary. Merchant/payee not confidently extracted. Could not confidently classify accounting treatment.
13707,2026-01-16 22:10:12,14.06,USD,UNKNOWN,UNKNOWN,,,,"Multiple: Capital One, Chase",5944,NEEDS_REVIEW,true,0.55,Accounting treatment: UNKNOWN. Retained in activity; not counted in Spending Summary. Merchant/payee not confidently extracted. Could not confidently classify accounting treatment.
13708,2026-01-16 13:20:10,20.00,USD,UNKNOWN,UNKNOWN,,,,"Multiple: Capital One, Chase",5944,NEEDS_REVIEW,true,0.55,Accounting treatment: UNKNOWN. Retained in activity; not counted in Spending Summary. Merchant/payee not confidently extracted. Could not confidently classify accounting treatment.
13709,2026-01-15 21:07:58,29.34,USD,UNKNOWN,UNKNOWN,,,,"Multiple: Capital One, Chase",5944,NEEDS_REVIEW,true,0.55,Accounting treatment: UNKNOWN. Retained in activity; not counted in Spending Summary. Merchant/payee not confidently extracted. Could not confidently classify accounting treatment.
13710,2026-01-15 20:02:57,18.39,USD,UNKNOWN,UNKNOWN,,,,"Multiple: Capital One, Chase",5944,NEEDS_REVIEW,true,0.55,Accounting treatment: UNKNOWN. Retained in activity; not counted in Spending Summary. Merchant/payee not confidently extracted. Could not confidently classify accounting treatment.
14904,2026-01-15 10:22:14,3121.48,USD,INCOME,INCOME,3:48 AM ET was more than the $1,,,Chase,3039,AUTO_PARSED,true,0.86,Accounting treatment: INCOME. Merchant extracted by generic at. Retained in activity; not counted in Spending Summary.
13711,2026-01-15 04:37:52,8.65,USD,UNKNOWN,UNKNOWN,,,,"Multiple: Capital One, Chase",5944,NEEDS_REVIEW,true,0.55,Accounting treatment: UNKNOWN. Retained in activity; not counted in Spending Summary. Merchant/payee not confidently extracted. Could not confidently classify accounting treatment.
13712,2026-01-14 19:33:20,9.96,USD,UNKNOWN,UNKNOWN,,,,"Multiple: Capital One, Chase",5944,NEEDS_REVIEW,true,0.55,Accounting treatment: UNKNOWN. Retained in activity; not counted in Spending Summary. Merchant/payee not confidently extracted. Could not confidently classify accounting treatment.
13713,2026-01-14 19:11:08,4.99,USD,UNKNOWN,UNKNOWN,,,,"Multiple: Capital One, Chase",5944,NEEDS_REVIEW,true,0.55,Accounting treatment: UNKNOWN. Retained in activity; not counted in Spending Summary. Merchant/payee not confidently extracted. Could not confidently classify accounting treatment.
13714,2026-01-14 04:08:33,100.00,USD,UNKNOWN,UNKNOWN,,,,"Multiple: Capital One, Chase",5944,NEEDS_REVIEW,true,0.55,Accounting treatment: UNKNOWN. Retained in activity; not counted in Spending Summary. Merchant/payee not confidently extracted. Could not confidently classify accounting treatment.
14905,2026-01-13 10:26:26,160.00,USD,TRANSFER,TRANSFER,4:29 AM ET was more than the $1,,,Chase,3039,AUTO_PARSED,true,0.86,Accounting treatment: TRANSFER. Merchant extracted by generic at. Retained in activity; not counted in Spending Summary.
14906,2026-01-12 10:06:54,240.50,USD,TRANSFER,TRANSFER,1:37 AM ET was more than the $1,,,Chase,3039,AUTO_PARSED,true,0.86,Accounting treatment: TRANSFER. Merchant extracted by generic at. Retained in activity; not counted in Spending Summary.
13715,2026-01-11 19:07:03,4.00,USD,UNKNOWN,UNKNOWN,,,,"Multiple: Capital One, Chase",5944,NEEDS_REVIEW,true,0.55,Accounting treatment: UNKNOWN. Retained in activity; not counted in Spending Summary. Merchant/payee not confidently extracted. Could not confidently classify accounting treatment.
13716,2026-01-10 20:11:46,30.86,USD,UNKNOWN,UNKNOWN,,,,"Multiple: Capital One, Chase",5944,NEEDS_REVIEW,true,0.55,Accounting treatment: UNKNOWN. Retained in activity; not counted in Spending Summary. Merchant/payee not confidently extracted. Could not confidently classify accounting treatment.
13717,2026-01-10 20:02:57,112.47,USD,UNKNOWN,UNKNOWN,,,,"Multiple: Capital One, Chase",5944,NEEDS_REVIEW,true,0.55,Accounting treatment: UNKNOWN. Retained in activity; not counted in Spending Summary. Merchant/payee not confidently extracted. Could not confidently classify accounting treatment.
13718,2026-01-10 16:44:47,24.87,USD,UNKNOWN,UNKNOWN,,,,"Multiple: Capital One, Chase",5944,NEEDS_REVIEW,true,0.55,Accounting treatment: UNKNOWN. Retained in activity; not counted in Spending Summary. Merchant/payee not confidently extracted. Could not confidently classify accounting treatment.
14907,2026-01-10 10:07:54,3843.00,USD,TRANSFER,TRANSFER,4:53 AM ET was more than the $1,,,Chase,3039,AUTO_PARSED,true,0.86,Accounting treatment: TRANSFER. Merchant extracted by generic at. Retained in activity; not counted in Spending Summary.
14908,2026-01-10 03:35:12,60.00,USD,PERSON_TO_PERSON,PERSON_TO_PERSON,,,,Chase,3039,NEEDS_REVIEW,true,0.55,Accounting treatment: PERSON_TO_PERSON. Zelle detected; user review recommended. Retained in activity; not counted in Spending Summary. Merchant/payee not confidently extracted.
13719,2026-01-09 14:22:02,20.00,USD,UNKNOWN,UNKNOWN,,,,"Multiple: Capital One, Chase",5944,NEEDS_REVIEW,true,0.55,Accounting treatment: UNKNOWN. Retained in activity; not counted in Spending Summary. Merchant/payee not confidently extracted. Could not confidently classify accounting treatment.
13720,2026-01-09 08:52:26,119.09,USD,UNKNOWN,UNKNOWN,,,,"Multiple: Capital One, Chase",5944,NEEDS_REVIEW,true,0.55,Accounting treatment: UNKNOWN. Retained in activity; not counted in Spending Summary. Merchant/payee not confidently extracted. Could not confidently classify accounting treatment.
13721,2026-01-08 14:56:39,21.28,USD,UNKNOWN,UNKNOWN,,,,"Multiple: Capital One, Chase",5944,NEEDS_REVIEW,true,0.55,Accounting treatment: UNKNOWN. Retained in activity; not counted in Spending Summary. Merchant/payee not confidently extracted. Could not confidently classify accounting treatment.
13722,2026-01-07 18:25:48,31.83,USD,UNKNOWN,UNKNOWN,,,,"Multiple: Capital One, Chase",5944,NEEDS_REVIEW,true,0.55,Accounting treatment: UNKNOWN. Retained in activity; not counted in Spending Summary. Merchant/payee not confidently extracted. Could not confidently classify accounting treatment.
13723,2026-01-06 19:53:49,30.29,USD,UNKNOWN,UNKNOWN,,,,"Multiple: Capital One, Chase",5944,NEEDS_REVIEW,true,0.55,Accounting treatment: UNKNOWN. Retained in activity; not counted in Spending Summary. Merchant/payee not confidently extracted. Could not confidently classify accounting treatment.
13724,2026-01-06 14:42:33,1312.61,USD,UNKNOWN,UNKNOWN,,,,"Multiple: Capital One, Chase",5944,NEEDS_REVIEW,true,0.55,Accounting treatment: UNKNOWN. Retained in activity; not counted in Spending Summary. Merchant/payee not confidently extracted. Could not confidently classify accounting treatment.
14909,2026-01-06 10:32:06,4600.00,USD,TRANSFER,TRANSFER,2:35 AM ET is above the limit in your alert settings,,,Chase,3039,AUTO_PARSED,true,0.86,Accounting treatment: TRANSFER. Merchant extracted by generic at. Retained in activity; not counted in Spending Summary.
14910,2026-01-06 10:26:25,160.00,USD,TRANSFER,TRANSFER,4:36 AM ET was more than the $1,,,Chase,3039,AUTO_PARSED,true,0.86,Accounting treatment: TRANSFER. Merchant extracted by generic at. Retained in activity; not counted in Spending Summary.
14911,2026-01-06 10:21:20,1312.61,USD,TRANSFER,TRANSFER,10:10 PM ET was more than the $1,,,Chase,3039,AUTO_PARSED,true,0.86,Accounting treatment: TRANSFER. Merchant extracted by generic at. Retained in activity; not counted in Spending Summary.
13725,2026-01-06 04:31:11,80.01,USD,UNKNOWN,UNKNOWN,,,,"Multiple: Capital One, Chase",5944,NEEDS_REVIEW,true,0.55,Accounting treatment: UNKNOWN. Retained in activity; not counted in Spending Summary. Merchant/payee not confidently extracted. Could not confidently classify accounting treatment.
13726,2026-01-05 12:31:23,1312.61,USD,EXPENSE,EXPENSE,,,,"Multiple: Capital One, Chase",5944,NEEDS_REVIEW,false,0.55,Accounting treatment: EXPENSE. Merchant/payee not confidently extracted.
13727,2026-01-05 01:02:16,9.73,USD,UNKNOWN,UNKNOWN,,,,"Multiple: Capital One, Chase",5944,NEEDS_REVIEW,true,0.55,Accounting treatment: UNKNOWN. Retained in activity; not counted in Spending Summary. Merchant/payee not confidently extracted. Could not confidently classify accounting treatment.
13728,2026-01-04 19:52:29,11.76,USD,UNKNOWN,UNKNOWN,,,,"Multiple: Capital One, Chase",5944,NEEDS_REVIEW,true,0.55,Accounting treatment: UNKNOWN. Retained in activity; not counted in Spending Summary. Merchant/payee not confidently extracted. Could not confidently classify accounting treatment.
13729,2026-01-04 12:19:28,19.95,USD,UNKNOWN,UNKNOWN,,,,"Multiple: Capital One, Chase",5944,NEEDS_REVIEW,true,0.55,Accounting treatment: UNKNOWN. Retained in activity; not counted in Spending Summary. Merchant/payee not confidently extracted. Could not confidently classify accounting treatment.
13730,2026-01-04 11:48:33,48.93,USD,UNKNOWN,UNKNOWN,,,,"Multiple: Capital One, Chase",5944,NEEDS_REVIEW,true,0.55,Accounting treatment: UNKNOWN. Retained in activity; not counted in Spending Summary. Merchant/payee not confidently extracted. Could not confidently classify accounting treatment.
13731,2026-01-03 11:43:30,19.60,USD,UNKNOWN,UNKNOWN,,,,"Multiple: Capital One, Chase",5944,NEEDS_REVIEW,true,0.55,Accounting treatment: UNKNOWN. Retained in activity; not counted in Spending Summary. Merchant/payee not confidently extracted. Could not confidently classify accounting treatment.
13732,2026-01-03 10:07:39,65.33,USD,UNKNOWN,UNKNOWN,,,,"Multiple: Capital One, Chase",5944,NEEDS_REVIEW,true,0.55,Accounting treatment: UNKNOWN. Retained in activity; not counted in Spending Summary. Merchant/payee not confidently extracted. Could not confidently classify accounting treatment.
13733,2026-01-03 02:35:18,41.12,USD,UNKNOWN,UNKNOWN,,,,"Multiple: Capital One, Chase",5944,NEEDS_REVIEW,true,0.55,Accounting treatment: UNKNOWN. Retained in activity; not counted in Spending Summary. Merchant/payee not confidently extracted. Could not confidently classify accounting treatment.
13734,2026-01-02 14:57:43,71.43,USD,UNKNOWN,UNKNOWN,,,,"Multiple: Capital One, Chase",5944,NEEDS_REVIEW,true,0.55,Accounting treatment: UNKNOWN. Retained in activity; not counted in Spending Summary. Merchant/payee not confidently extracted. Could not confidently classify accounting treatment.
13735,2026-01-02 14:23:37,65.00,USD,UNKNOWN,UNKNOWN,,,,"Multiple: Capital One, Chase",5944,NEEDS_REVIEW,true,0.55,Accounting treatment: UNKNOWN. Retained in activity; not counted in Spending Summary. Merchant/payee not confidently extracted. Could not confidently classify accounting treatment.
13736,2026-01-02 13:51:05,2.99,USD,UNKNOWN,UNKNOWN,,,,"Multiple: Capital One, Chase",5944,NEEDS_REVIEW,true,0.55,Accounting treatment: UNKNOWN. Retained in activity; not counted in Spending Summary. Merchant/payee not confidently extracted. Could not confidently classify accounting treatment.
13737,2026-01-02 13:11:06,20.00,USD,UNKNOWN,UNKNOWN,,,,"Multiple: Capital One, Chase",5944,NEEDS_REVIEW,true,0.55,Accounting treatment: UNKNOWN. Retained in activity; not counted in Spending Summary. Merchant/payee not confidently extracted. Could not confidently classify accounting treatment.
13738,2026-01-02 11:52:32,9.79,USD,UNKNOWN,UNKNOWN,,,,"Multiple: Capital One, Chase",5944,NEEDS_REVIEW,true,0.55,Accounting treatment: UNKNOWN. Retained in activity; not counted in Spending Summary. Merchant/payee not confidently extracted. Could not confidently classify accounting treatment.
13739,2026-01-01 17:50:12,10.52,USD,UNKNOWN,UNKNOWN,,,,"Multiple: Capital One, Chase",5944,NEEDS_REVIEW,true,0.55,Accounting treatment: UNKNOWN. Retained in activity; not counted in Spending Summary. Merchant/payee not confidently extracted. Could not confidently classify accounting treatment.
13740,2026-01-01 11:19:24,16.37,USD,UNKNOWN,UNKNOWN,,,,"Multiple: Capital One, Chase",5944,NEEDS_REVIEW,true,0.55,Accounting treatment: UNKNOWN. Retained in activity; not counted in Spending Summary. Merchant/payee not confidently extracted. Could not confidently classify accounting treatment.
13741,2025-12-31 17:34:05,65.43,USD,UNKNOWN,UNKNOWN,,,,"Multiple: Capital One, Chase",5944,NEEDS_REVIEW,true,0.55,Accounting treatment: UNKNOWN. Retained in activity; not counted in Spending Summary. Merchant/payee not confidently extracted. Could not confidently classify accounting treatment.
13742,2025-12-31 12:58:25,2.99,USD,UNKNOWN,UNKNOWN,,,,"Multiple: Capital One, Chase",5944,NEEDS_REVIEW,true,0.55,Accounting treatment: UNKNOWN. Retained in activity; not counted in Spending Summary. Merchant/payee not confidently extracted. Could not confidently classify accounting treatment.
14912,2025-12-31 10:20:32,3070.59,USD,INCOME,INCOME,3:49 AM ET was more than the $1,,,Chase,3039,AUTO_PARSED,true,0.86,Accounting treatment: INCOME. Merchant extracted by generic at. Retained in activity; not counted in Spending Summary.
14913,2025-12-31 10:19:26,1489.65,USD,TRANSFER,TRANSFER,3:49 AM ET was more than the $1,,,Chase,3039,AUTO_PARSED,true,0.86,Accounting treatment: TRANSFER. Merchant extracted by generic at. Retained in activity; not counted in Spending Summary.
13743,2025-12-30 14:02:48,156.37,USD,UNKNOWN,UNKNOWN,,,,"Multiple: Capital One, Chase",5944,NEEDS_REVIEW,true,0.55,Accounting treatment: UNKNOWN. Retained in activity; not counted in Spending Summary. Merchant/payee not confidently extracted. Could not confidently classify accounting treatment.
14914,2025-12-30 10:28:38,160.00,USD,TRANSFER,TRANSFER,4:30 AM ET was more than the $1,,,Chase,3039,AUTO_PARSED,true,0.86,Accounting treatment: TRANSFER. Merchant extracted by generic at. Retained in activity; not counted in Spending Summary.
13744,2025-12-29 14:38:22,17.99,USD,UNKNOWN,UNKNOWN,,,,"Multiple: Capital One, Chase",5944,NEEDS_REVIEW,true,0.55,Accounting treatment: UNKNOWN. Retained in activity; not counted in Spending Summary. Merchant/payee not confidently extracted. Could not confidently classify accounting treatment.
14915,2025-12-28 20:24:21,6000.00,USD,TRANSFER,TRANSFER,9:24 PM ET is above the limit in your alert settings,,,Chase,3039,AUTO_PARSED,true,0.86,Accounting treatment: TRANSFER. Merchant extracted by generic at. Retained in activity; not counted in Spending Summary.
13745,2025-12-26 17:32:10,8.09,USD,UNKNOWN,UNKNOWN,,,,"Multiple: Capital One, Chase",5944,NEEDS_REVIEW,true,0.55,Accounting treatment: UNKNOWN. Retained in activity; not counted in Spending Summary. Merchant/payee not confidently extracted. Could not confidently classify accounting treatment.
13746,2025-12-26 12:31:32,643.56,USD,UNKNOWN,UNKNOWN,,,,"Multiple: Capital One, Chase",5944,NEEDS_REVIEW,true,0.55,Accounting treatment: UNKNOWN. Retained in activity; not counted in Spending Summary. Merchant/payee not confidently extracted. Could not confidently classify accounting treatment.
13747,2025-12-26 12:29:23,17.97,USD,UNKNOWN,UNKNOWN,,,,"Multiple: Capital One, Chase",5944,NEEDS_REVIEW,true,0.55,Accounting treatment: UNKNOWN. Retained in activity; not counted in Spending Summary. Merchant/payee not confidently extracted. Could not confidently classify accounting treatment.
13748,2025-12-25 20:42:30,18.95,USD,UNKNOWN,UNKNOWN,,,,"Multiple: Capital One, Chase",5944,NEEDS_REVIEW,true,0.55,Accounting treatment: UNKNOWN. Retained in activity; not counted in Spending Summary. Merchant/payee not confidently extracted. Could not confidently classify accounting treatment.
13749,2025-12-25 20:21:10,16.07,USD,UNKNOWN,UNKNOWN,,,,"Multiple: Capital One, Chase",5944,NEEDS_REVIEW,true,0.55,Accounting treatment: UNKNOWN. Retained in activity; not counted in Spending Summary. Merchant/payee not confidently extracted. Could not confidently classify accounting treatment.
13750,2025-12-24 16:43:04,7.52,USD,UNKNOWN,UNKNOWN,,,,"Multiple: Capital One, Chase",5944,NEEDS_REVIEW,true,0.55,Accounting treatment: UNKNOWN. Retained in activity; not counted in Spending Summary. Merchant/payee not confidently extracted. Could not confidently classify accounting treatment.
13751,2025-12-24 16:05:03,28.75,USD,UNKNOWN,UNKNOWN,,,,"Multiple: Capital One, Chase",5944,NEEDS_REVIEW,true,0.55,Accounting treatment: UNKNOWN. Retained in activity; not counted in Spending Summary. Merchant/payee not confidently extracted. Could not confidently classify accounting treatment.
13752,2025-12-24 15:27:20,40.39,USD,UNKNOWN,UNKNOWN,,,,"Multiple: Capital One, Chase",5944,NEEDS_REVIEW,true,0.55,Accounting treatment: UNKNOWN. Retained in activity; not counted in Spending Summary. Merchant/payee not confidently extracted. Could not confidently classify accounting treatment.
13753,2025-12-24 15:03:45,22.13,USD,UNKNOWN,UNKNOWN,,,,"Multiple: Capital One, Chase",5944,NEEDS_REVIEW,true,0.55,Accounting treatment: UNKNOWN. Retained in activity; not counted in Spending Summary. Merchant/payee not confidently extracted. Could not confidently classify accounting treatment.
13754,2025-12-24 13:52:53,25.00,USD,UNKNOWN,UNKNOWN,,,,"Multiple: Capital One, Chase",5944,NEEDS_REVIEW,true,0.55,Accounting treatment: UNKNOWN. Retained in activity; not counted in Spending Summary. Merchant/payee not confidently extracted. Could not confidently classify accounting treatment.
13755,2025-12-24 00:42:01,32.46,USD,UNKNOWN,UNKNOWN,,,,"Multiple: Capital One, Chase",5944,NEEDS_REVIEW,true,0.55,Accounting treatment: UNKNOWN. Retained in activity; not counted in Spending Summary. Merchant/payee not confidently extracted. Could not confidently classify accounting treatment.
13756,2025-12-23 18:49:16,1.59,USD,UNKNOWN,UNKNOWN,,,,"Multiple: Capital One, Chase",5944,NEEDS_REVIEW,true,0.55,Accounting treatment: UNKNOWN. Retained in activity; not counted in Spending Summary. Merchant/payee not confidently extracted. Could not confidently classify accounting treatment.
13757,2025-12-23 18:35:54,35.83,USD,UNKNOWN,UNKNOWN,,,,"Multiple: Capital One, Chase",5944,NEEDS_REVIEW,true,0.55,Accounting treatment: UNKNOWN. Retained in activity; not counted in Spending Summary. Merchant/payee not confidently extracted. Could not confidently classify accounting treatment.
13758,2025-12-23 18:11:32,20.00,USD,UNKNOWN,UNKNOWN,,,,"Multiple: Capital One, Chase",5944,NEEDS_REVIEW,true,0.55,Accounting treatment: UNKNOWN. Retained in activity; not counted in Spending Summary. Merchant/payee not confidently extracted. Could not confidently classify accounting treatment.
13759,2025-12-23 13:14:11,2.00,USD,UNKNOWN,UNKNOWN,,,,"Multiple: Capital One, Chase",5944,NEEDS_REVIEW,true,0.55,Accounting treatment: UNKNOWN. Retained in activity; not counted in Spending Summary. Merchant/payee not confidently extracted. Could not confidently classify accounting treatment.
13760,2025-12-23 12:49:20,20.56,USD,UNKNOWN,UNKNOWN,,,,"Multiple: Capital One, Chase",5944,NEEDS_REVIEW,true,0.55,Accounting treatment: UNKNOWN. Retained in activity; not counted in Spending Summary. Merchant/payee not confidently extracted. Could not confidently classify accounting treatment.
14916,2025-12-23 10:20:53,160.00,USD,TRANSFER,TRANSFER,4:37 AM ET was more than the $1,,,Chase,3039,AUTO_PARSED,true,0.86,Accounting treatment: TRANSFER. Merchant extracted by generic at. Retained in activity; not counted in Spending Summary.
13761,2025-12-22 21:19:37,25.98,USD,UNKNOWN,UNKNOWN,,,,"Multiple: Capital One, Chase",5944,NEEDS_REVIEW,true,0.55,Accounting treatment: UNKNOWN. Retained in activity; not counted in Spending Summary. Merchant/payee not confidently extracted. Could not confidently classify accounting treatment.
13762,2025-12-22 13:22:41,3.98,USD,UNKNOWN,UNKNOWN,,,,"Multiple: Capital One, Chase",5944,NEEDS_REVIEW,true,0.55,Accounting treatment: UNKNOWN. Retained in activity; not counted in Spending Summary. Merchant/payee not confidently extracted. Could not confidently classify accounting treatment.
13763,2025-12-21 19:04:17,150.97,USD,UNKNOWN,UNKNOWN,,,,"Multiple: Capital One, Chase",5944,NEEDS_REVIEW,true,0.55,Accounting treatment: UNKNOWN. Retained in activity; not counted in Spending Summary. Merchant/payee not confidently extracted. Could not confidently classify accounting treatment.
13764,2025-12-21 17:20:06,20.00,USD,UNKNOWN,UNKNOWN,,,,"Multiple: Capital One, Chase",5944,NEEDS_REVIEW,true,0.55,Accounting treatment: UNKNOWN. Retained in activity; not counted in Spending Summary. Merchant/payee not confidently extracted. Could not confidently classify accounting treatment.
13765,2025-12-20 20:30:49,11.53,USD,UNKNOWN,UNKNOWN,,,,"Multiple: Capital One, Chase",5944,NEEDS_REVIEW,true,0.55,Accounting treatment: UNKNOWN. Retained in activity; not counted in Spending Summary. Merchant/payee not confidently extracted. Could not confidently classify accounting treatment.
13766,2025-12-20 10:53:56,29.76,USD,UNKNOWN,UNKNOWN,,,,"Multiple: Capital One, Chase",5944,NEEDS_REVIEW,true,0.55,Accounting treatment: UNKNOWN. Retained in activity; not counted in Spending Summary. Merchant/payee not confidently extracted. Could not confidently classify accounting treatment.
13767,2025-12-20 10:47:21,3.97,USD,UNKNOWN,UNKNOWN,,,,"Multiple: Capital One, Chase",5944,NEEDS_REVIEW,true,0.55,Accounting treatment: UNKNOWN. Retained in activity; not counted in Spending Summary. Merchant/payee not confidently extracted. Could not confidently classify accounting treatment.
13768,2025-12-20 10:36:23,1.99,USD,UNKNOWN,UNKNOWN,,,,"Multiple: Capital One, Chase",5944,NEEDS_REVIEW,true,0.55,Accounting treatment: UNKNOWN. Retained in activity; not counted in Spending Summary. Merchant/payee not confidently extracted. Could not confidently classify accounting treatment.
13769,2025-12-19 14:11:00,20.00,USD,UNKNOWN,UNKNOWN,,,,"Multiple: Capital One, Chase",5944,NEEDS_REVIEW,true,0.55,Accounting treatment: UNKNOWN. Retained in activity; not counted in Spending Summary. Merchant/payee not confidently extracted. Could not confidently classify accounting treatment.
13770,2025-12-18 22:24:57,18.38,USD,UNKNOWN,UNKNOWN,,,,"Multiple: Capital One, Chase",5944,NEEDS_REVIEW,true,0.55,Accounting treatment: UNKNOWN. Retained in activity; not counted in Spending Summary. Merchant/payee not confidently extracted. Could not confidently classify accounting treatment.
13771,2025-12-17 19:00:51,2.70,USD,UNKNOWN,UNKNOWN,,,,"Multiple: Capital One, Chase",5944,NEEDS_REVIEW,true,0.55,Accounting treatment: UNKNOWN. Retained in activity; not counted in Spending Summary. Merchant/payee not confidently extracted. Could not confidently classify accounting treatment.
13772,2025-12-17 18:57:47,41.14,USD,UNKNOWN,UNKNOWN,,,,"Multiple: Capital One, Chase",5944,NEEDS_REVIEW,true,0.55,Accounting treatment: UNKNOWN. Retained in activity; not counted in Spending Summary. Merchant/payee not confidently extracted. Could not confidently classify accounting treatment.
13773,2025-12-17 11:28:44,31.38,USD,UNKNOWN,UNKNOWN,,,,"Multiple: Capital One, Chase",5944,NEEDS_REVIEW,true,0.55,Accounting treatment: UNKNOWN. Retained in activity; not counted in Spending Summary. Merchant/payee not confidently extracted. Could not confidently classify accounting treatment.
13774,2025-12-17 10:44:16,38.72,USD,UNKNOWN,UNKNOWN,,,,"Multiple: Capital One, Chase",5944,NEEDS_REVIEW,true,0.55,Accounting treatment: UNKNOWN. Retained in activity; not counted in Spending Summary. Merchant/payee not confidently extracted. Could not confidently classify accounting treatment.
14917,2025-12-17 10:07:28,16.24,USD,TRANSFER,TRANSFER,3:49 AM ET was more than the $1,,,Chase,3039,AUTO_PARSED,true,0.86,Accounting treatment: TRANSFER. Merchant extracted by generic at. Retained in activity; not counted in Spending Summary.
13775,2025-12-16 17:49:10,20.06,USD,UNKNOWN,UNKNOWN,,,,"Multiple: Capital One, Chase",5944,NEEDS_REVIEW,true,0.55,Accounting treatment: UNKNOWN. Retained in activity; not counted in Spending Summary. Merchant/payee not confidently extracted. Could not confidently classify accounting treatment.
14918,2025-12-16 10:18:51,1671.45,USD,TRANSFER,TRANSFER,4:37 AM ET was more than the $1,,,Chase,3039,AUTO_PARSED,true,0.86,Accounting treatment: TRANSFER. Merchant extracted by generic at. Retained in activity; not counted in Spending Summary.
14919,2025-12-16 10:08:38,160.00,USD,TRANSFER,TRANSFER,4:37 AM ET was more than the $1,,,Chase,3039,AUTO_PARSED,true,0.86,Accounting treatment: TRANSFER. Merchant extracted by generic at. Retained in activity; not counted in Spending Summary.
13776,2025-12-15 22:15:03,19.46,USD,UNKNOWN,UNKNOWN,,,,"Multiple: Capital One, Chase",5944,NEEDS_REVIEW,true,0.55,Accounting treatment: UNKNOWN. Retained in activity; not counted in Spending Summary. Merchant/payee not confidently extracted. Could not confidently classify accounting treatment.
13777,2025-12-15 22:08:21,9.79,USD,UNKNOWN,UNKNOWN,,,,"Multiple: Capital One, Chase",5944,NEEDS_REVIEW,true,0.55,Accounting treatment: UNKNOWN. Retained in activity; not counted in Spending Summary. Merchant/payee not confidently extracted. Could not confidently classify accounting treatment.
13778,2025-12-15 13:35:16,97.17,USD,UNKNOWN,UNKNOWN,,,,"Multiple: Capital One, Chase",5944,NEEDS_REVIEW,true,0.55,Accounting treatment: UNKNOWN. Retained in activity; not counted in Spending Summary. Merchant/payee not confidently extracted. Could not confidently classify accounting treatment.
14920,2025-12-15 11:52:13,1067.00,USD,PERSON_TO_PERSON,PERSON_TO_PERSON,,,,Chase,3039,NEEDS_REVIEW,true,0.55,Accounting treatment: PERSON_TO_PERSON. Zelle detected; user review recommended. Retained in activity; not counted in Spending Summary. Merchant/payee not confidently extracted.
13779,2025-12-15 03:11:42,8.65,USD,UNKNOWN,UNKNOWN,,,,"Multiple: Capital One, Chase",5944,NEEDS_REVIEW,true,0.55,Accounting treatment: UNKNOWN. Retained in activity; not counted in Spending Summary. Merchant/payee not confidently extracted. Could not confidently classify accounting treatment.
13780,2025-12-14 18:49:08,52.20,USD,UNKNOWN,UNKNOWN,,,,"Multiple: Capital One, Chase",5944,NEEDS_REVIEW,true,0.55,Accounting treatment: UNKNOWN. Retained in activity; not counted in Spending Summary. Merchant/payee not confidently extracted. Could not confidently classify accounting treatment.
13781,2025-12-14 04:08:46,100.00,USD,UNKNOWN,UNKNOWN,,,,"Multiple: Capital One, Chase",5944,NEEDS_REVIEW,true,0.55,Accounting treatment: UNKNOWN. Retained in activity; not counted in Spending Summary. Merchant/payee not confidently extracted. Could not confidently classify accounting treatment.
13782,2025-12-13 20:03:08,9.78,USD,UNKNOWN,UNKNOWN,,,,"Multiple: Capital One, Chase",5944,NEEDS_REVIEW,true,0.55,Accounting treatment: UNKNOWN. Retained in activity; not counted in Spending Summary. Merchant/payee not confidently extracted. Could not confidently classify accounting treatment.
13783,2025-12-13 18:52:53,15.16,USD,UNKNOWN,UNKNOWN,,,,"Multiple: Capital One, Chase",5944,NEEDS_REVIEW,true,0.55,Accounting treatment: UNKNOWN. Retained in activity; not counted in Spending Summary. Merchant/payee not confidently extracted. Could not confidently classify accounting treatment.
13784,2025-12-13 17:50:27,24.00,USD,UNKNOWN,UNKNOWN,,,,"Multiple: Capital One, Chase",5944,NEEDS_REVIEW,true,0.55,Accounting treatment: UNKNOWN. Retained in activity; not counted in Spending Summary. Merchant/payee not confidently extracted. Could not confidently classify accounting treatment.
13785,2025-12-13 16:31:30,13.50,USD,UNKNOWN,UNKNOWN,,,,"Multiple: Capital One, Chase",5944,NEEDS_REVIEW,true,0.55,Accounting treatment: UNKNOWN. Retained in activity; not counted in Spending Summary. Merchant/payee not confidently extracted. Could not confidently classify accounting treatment.
14921,2025-12-13 10:48:02,3070.59,USD,INCOME,INCOME,4:50 AM ET was more than the $1,,,Chase,3039,AUTO_PARSED,true,0.86,Accounting treatment: INCOME. Merchant extracted by generic at. Retained in activity; not counted in Spending Summary.
14922,2025-12-13 10:08:33,35.93,USD,TRANSFER,TRANSFER,4:50 AM ET was more than the $1,,,Chase,3039,AUTO_PARSED,true,0.86,Accounting treatment: TRANSFER. Merchant extracted by generic at. Retained in activity; not counted in Spending Summary.
13786,2025-12-12 14:20:57,20.00,USD,UNKNOWN,UNKNOWN,,,,"Multiple: Capital One, Chase",5944,NEEDS_REVIEW,true,0.55,Accounting treatment: UNKNOWN. Retained in activity; not counted in Spending Summary. Merchant/payee not confidently extracted. Could not confidently classify accounting treatment.
13787,2025-12-12 07:29:32,57.86,USD,UNKNOWN,UNKNOWN,,,,"Multiple: Capital One, Chase",5944,NEEDS_REVIEW,true,0.55,Accounting treatment: UNKNOWN. Retained in activity; not counted in Spending Summary. Merchant/payee not confidently extracted. Could not confidently classify accounting treatment.
13788,2025-12-10 18:51:22,7076.19,USD,UNKNOWN,UNKNOWN,,,,"Multiple: Capital One, Chase",5944,NEEDS_REVIEW,true,0.55,Accounting treatment: UNKNOWN. Retained in activity; not counted in Spending Summary. Merchant/payee not confidently extracted. Could not confidently classify accounting treatment.
13789,2025-12-10 17:05:03,285.08,USD,UNKNOWN,UNKNOWN,,,,"Multiple: Capital One, Chase",5944,NEEDS_REVIEW,true,0.55,Accounting treatment: UNKNOWN. Retained in activity; not counted in Spending Summary. Merchant/payee not confidently extracted. Could not confidently classify accounting treatment.
14923,2025-12-10 10:09:43,7076.19,USD,TRANSFER,TRANSFER,10:07 PM ET was more than the $1,,,Chase,3039,AUTO_PARSED,true,0.86,Accounting treatment: TRANSFER. Merchant extracted by generic at. Retained in activity; not counted in Spending Summary.
13790,2025-12-09 21:20:10,38.88,USD,UNKNOWN,UNKNOWN,,,,"Multiple: Capital One, Chase",5944,NEEDS_REVIEW,true,0.55,Accounting treatment: UNKNOWN. Retained in activity; not counted in Spending Summary. Merchant/payee not confidently extracted. Could not confidently classify accounting treatment.
13791,2025-12-09 20:12:08,3.00,USD,UNKNOWN,UNKNOWN,,,,"Multiple: Capital One, Chase",5944,NEEDS_REVIEW,true,0.55,Accounting treatment: UNKNOWN. Retained in activity; not counted in Spending Summary. Merchant/payee not confidently extracted. Could not confidently classify accounting treatment.
13792,2025-12-09 19:57:55,8.65,USD,UNKNOWN,UNKNOWN,,,,"Multiple: Capital One, Chase",5944,NEEDS_REVIEW,true,0.55,Accounting treatment: UNKNOWN. Retained in activity; not counted in Spending Summary. Merchant/payee not confidently extracted. Could not confidently classify accounting treatment.
13793,2025-12-09 19:44:05,14.06,USD,UNKNOWN,UNKNOWN,,,,"Multiple: Capital One, Chase",5944,NEEDS_REVIEW,true,0.55,Accounting treatment: UNKNOWN. Retained in activity; not counted in Spending Summary. Merchant/payee not confidently extracted. Could not confidently classify accounting treatment.
13794,2025-12-09 17:47:49,29.39,USD,UNKNOWN,UNKNOWN,,,,"Multiple: Capital One, Chase",5944,NEEDS_REVIEW,true,0.55,Accounting treatment: UNKNOWN. Retained in activity; not counted in Spending Summary. Merchant/payee not confidently extracted. Could not confidently classify accounting treatment.
13795,2025-12-09 11:23:48,7076.19,USD,EXPENSE,EXPENSE,,,,"Multiple: Capital One, Chase",5944,NEEDS_REVIEW,false,0.55,Accounting treatment: EXPENSE. Merchant/payee not confidently extracted.
14924,2025-12-09 11:22:15,285.08,USD,TRANSFER,TRANSFER,12:22 PM ET was more than the $1,,,Chase,3039,AUTO_PARSED,true,0.86,Accounting treatment: TRANSFER. Merchant extracted by generic at. Retained in activity; not counted in Spending Summary.
14925,2025-12-09 10:32:17,160.00,USD,TRANSFER,TRANSFER,4:35 AM ET was more than the $1,,,Chase,3039,AUTO_PARSED,true,0.86,Accounting treatment: TRANSFER. Merchant extracted by generic at. Retained in activity; not counted in Spending Summary.
13796,2025-12-08 19:40:06,20.99,USD,UNKNOWN,UNKNOWN,,,,"Multiple: Capital One, Chase",5944,NEEDS_REVIEW,true,0.55,Accounting treatment: UNKNOWN. Retained in activity; not counted in Spending Summary. Merchant/payee not confidently extracted. Could not confidently classify accounting treatment.
13797,2025-12-08 19:10:13,2.72,USD,UNKNOWN,UNKNOWN,,,,"Multiple: Capital One, Chase",5944,NEEDS_REVIEW,true,0.55,Accounting treatment: UNKNOWN. Retained in activity; not counted in Spending Summary. Merchant/payee not confidently extracted. Could not confidently classify accounting treatment.
13798,2025-12-08 13:55:06,21.28,USD,UNKNOWN,UNKNOWN,,,,"Multiple: Capital One, Chase",5944,NEEDS_REVIEW,true,0.55,Accounting treatment: UNKNOWN. Retained in activity; not counted in Spending Summary. Merchant/payee not confidently extracted. Could not confidently classify accounting treatment.
13799,2025-12-07 21:41:53,7.57,USD,UNKNOWN,UNKNOWN,,,,"Multiple: Capital One, Chase",5944,NEEDS_REVIEW,true,0.55,Accounting treatment: UNKNOWN. Retained in activity; not counted in Spending Summary. Merchant/payee not confidently extracted. Could not confidently classify accounting treatment.
13800,2025-12-07 21:41:16,2.00,USD,UNKNOWN,UNKNOWN,,,,"Multiple: Capital One, Chase",5944,NEEDS_REVIEW,true,0.55,Accounting treatment: UNKNOWN. Retained in activity; not counted in Spending Summary. Merchant/payee not confidently extracted. Could not confidently classify accounting treatment.
13801,2025-12-07 21:40:34,11.60,USD,UNKNOWN,UNKNOWN,,,,"Multiple: Capital One, Chase",5944,NEEDS_REVIEW,true,0.55,Accounting treatment: UNKNOWN. Retained in activity; not counted in Spending Summary. Merchant/payee not confidently extracted. Could not confidently classify accounting treatment.
13802,2025-12-06 15:38:26,2.70,USD,UNKNOWN,UNKNOWN,,,,"Multiple: Capital One, Chase",5944,NEEDS_REVIEW,true,0.55,Accounting treatment: UNKNOWN. Retained in activity; not counted in Spending Summary. Merchant/payee not confidently extracted. Could not confidently classify accounting treatment.
13803,2025-12-06 13:19:24,12.85,USD,UNKNOWN,UNKNOWN,,,,"Multiple: Capital One, Chase",5944,NEEDS_REVIEW,true,0.55,Accounting treatment: UNKNOWN. Retained in activity; not counted in Spending Summary. Merchant/payee not confidently extracted. Could not confidently classify accounting treatment.
13804,2025-12-05 16:27:16,33.00,USD,UNKNOWN,UNKNOWN,,,,"Multiple: Capital One, Chase",5944,NEEDS_REVIEW,true,0.55,Accounting treatment: UNKNOWN. Retained in activity; not counted in Spending Summary. Merchant/payee not confidently extracted. Could not confidently classify accounting treatment.
13805,2025-12-05 15:17:21,1.69,USD,UNKNOWN,UNKNOWN,,,,"Multiple: Capital One, Chase",5944,NEEDS_REVIEW,true,0.55,Accounting treatment: UNKNOWN. Retained in activity; not counted in Spending Summary. Merchant/payee not confidently extracted. Could not confidently classify accounting treatment.
13806,2025-12-05 14:36:28,20.00,USD,UNKNOWN,UNKNOWN,,,,"Multiple: Capital One, Chase",5944,NEEDS_REVIEW,true,0.55,Accounting treatment: UNKNOWN. Retained in activity; not counted in Spending Summary. Merchant/payee not confidently extracted. Could not confidently classify accounting treatment.
13807,2025-12-04 22:07:49,41.39,USD,UNKNOWN,UNKNOWN,,,,"Multiple: Capital One, Chase",5944,NEEDS_REVIEW,true,0.55,Accounting treatment: UNKNOWN. Retained in activity; not counted in Spending Summary. Merchant/payee not confidently extracted. Could not confidently classify accounting treatment.
13808,2025-12-04 21:47:25,41.11,USD,UNKNOWN,UNKNOWN,,,,"Multiple: Capital One, Chase",5944,NEEDS_REVIEW,true,0.55,Accounting treatment: UNKNOWN. Retained in activity; not counted in Spending Summary. Merchant/payee not confidently extracted. Could not confidently classify accounting treatment.
13809,2025-12-04 21:31:22,26.39,USD,UNKNOWN,UNKNOWN,,,,"Multiple: Capital One, Chase",5944,NEEDS_REVIEW,true,0.55,Accounting treatment: UNKNOWN. Retained in activity; not counted in Spending Summary. Merchant/payee not confidently extracted. Could not confidently classify accounting treatment.
13810,2025-12-04 03:49:54,94.80,USD,UNKNOWN,UNKNOWN,,,,"Multiple: Capital One, Chase",5944,NEEDS_REVIEW,true,0.55,Accounting treatment: UNKNOWN. Retained in activity; not counted in Spending Summary. Merchant/payee not confidently extracted. Could not confidently classify accounting treatment.
13811,2025-12-03 19:23:10,13.17,USD,UNKNOWN,UNKNOWN,,,,"Multiple: Capital One, Chase",5944,NEEDS_REVIEW,true,0.55,Accounting treatment: UNKNOWN. Retained in activity; not counted in Spending Summary. Merchant/payee not confidently extracted. Could not confidently classify accounting treatment.
13812,2025-12-03 18:43:01,11.10,USD,UNKNOWN,UNKNOWN,,,,"Multiple: Capital One, Chase",5944,NEEDS_REVIEW,true,0.55,Accounting treatment: UNKNOWN. Retained in activity; not counted in Spending Summary. Merchant/payee not confidently extracted. Could not confidently classify accounting treatment.
13813,2025-12-03 09:52:06,65.33,USD,UNKNOWN,UNKNOWN,,,,"Multiple: Capital One, Chase",5944,NEEDS_REVIEW,true,0.55,Accounting treatment: UNKNOWN. Retained in activity; not counted in Spending Summary. Merchant/payee not confidently extracted. Could not confidently classify accounting treatment.
13814,2025-12-02 21:05:06,43.29,USD,UNKNOWN,UNKNOWN,,,,"Multiple: Capital One, Chase",5944,NEEDS_REVIEW,true,0.55,Accounting treatment: UNKNOWN. Retained in activity; not counted in Spending Summary. Merchant/payee not confidently extracted. Could not confidently classify accounting treatment.
14926,2025-12-02 10:11:53,1488.69,USD,TRANSFER,TRANSFER,4:45 AM ET was more than the $1,,,Chase,3039,AUTO_PARSED,true,0.86,Accounting treatment: TRANSFER. Merchant extracted by generic at. Retained in activity; not counted in Spending Summary.
14927,2025-12-02 10:09:09,160.00,USD,TRANSFER,TRANSFER,4:45 AM ET was more than the $1,,,Chase,3039,AUTO_PARSED,true,0.86,Accounting treatment: TRANSFER. Merchant extracted by generic at. Retained in activity; not counted in Spending Summary.
13815,2025-12-01 15:36:06,51.64,USD,UNKNOWN,UNKNOWN,,,,"Multiple: Capital One, Chase",5944,NEEDS_REVIEW,true,0.55,Accounting treatment: UNKNOWN. Retained in activity; not counted in Spending Summary. Merchant/payee not confidently extracted. Could not confidently classify accounting treatment.
14928,2025-12-01 15:06:44,7.98,USD,EXPENSE,EXPENSE,COSTCO WHSE #0684 on Dec 1,Groceries,General,Chase,3039,AUTO_PARSED,false,0.90,Accounting treatment: EXPENSE. Merchant extracted by action merchant. Suggested category: Groceries/General.
13816,2025-11-30 11:33:38,25.05,USD,UNKNOWN,UNKNOWN,,,,"Multiple: Capital One, Chase",5944,NEEDS_REVIEW,true,0.55,Accounting treatment: UNKNOWN. Retained in activity; not counted in Spending Summary. Merchant/payee not confidently extracted. Could not confidently classify accounting treatment.
13817,2025-11-30 10:56:04,29.57,USD,UNKNOWN,UNKNOWN,,,,"Multiple: Capital One, Chase",5944,NEEDS_REVIEW,true,0.55,Accounting treatment: UNKNOWN. Retained in activity; not counted in Spending Summary. Merchant/payee not confidently extracted. Could not confidently classify accounting treatment.
13818,2025-11-29 21:02:40,71.45,USD,UNKNOWN,UNKNOWN,,,,"Multiple: Capital One, Chase",5944,NEEDS_REVIEW,true,0.55,Accounting treatment: UNKNOWN. Retained in activity; not counted in Spending Summary. Merchant/payee not confidently extracted. Could not confidently classify accounting treatment.
13819,2025-11-29 19:42:42,118.91,USD,UNKNOWN,UNKNOWN,,,,"Multiple: Capital One, Chase",5944,NEEDS_REVIEW,true,0.55,Accounting treatment: UNKNOWN. Retained in activity; not counted in Spending Summary. Merchant/payee not confidently extracted. Could not confidently classify accounting treatment.
13820,2025-11-29 19:20:55,84.87,USD,UNKNOWN,UNKNOWN,,,,"Multiple: Capital One, Chase",5944,NEEDS_REVIEW,true,0.55,Accounting treatment: UNKNOWN. Retained in activity; not counted in Spending Summary. Merchant/payee not confidently extracted. Could not confidently classify accounting treatment.
13821,2025-11-29 14:49:52,51.25,USD,UNKNOWN,UNKNOWN,,,,"Multiple: Capital One, Chase",5944,NEEDS_REVIEW,true,0.55,Accounting treatment: UNKNOWN. Retained in activity; not counted in Spending Summary. Merchant/payee not confidently extracted. Could not confidently classify accounting treatment.
13822,2025-11-28 17:41:41,17.43,USD,UNKNOWN,UNKNOWN,,,,"Multiple: Capital One, Chase",5944,NEEDS_REVIEW,true,0.55,Accounting treatment: UNKNOWN. Retained in activity; not counted in Spending Summary. Merchant/payee not confidently extracted. Could not confidently classify accounting treatment.
13823,2025-11-28 13:44:36,10.00,USD,UNKNOWN,UNKNOWN,,,,"Multiple: Capital One, Chase",5944,NEEDS_REVIEW,true,0.55,Accounting treatment: UNKNOWN. Retained in activity; not counted in Spending Summary. Merchant/payee not confidently extracted. Could not confidently classify accounting treatment.
13824,2025-11-28 13:14:19,25.00,USD,UNKNOWN,UNKNOWN,,,,"Multiple: Capital One, Chase",5944,NEEDS_REVIEW,true,0.55,Accounting treatment: UNKNOWN. Retained in activity; not counted in Spending Summary. Merchant/payee not confidently extracted. Could not confidently classify accounting treatment.
13825,2025-11-28 12:46:41,53.22,USD,UNKNOWN,UNKNOWN,,,,"Multiple: Capital One, Chase",5944,NEEDS_REVIEW,true,0.55,Accounting treatment: UNKNOWN. Retained in activity; not counted in Spending Summary. Merchant/payee not confidently extracted. Could not confidently classify accounting treatment.
13826,2025-11-28 08:17:41,51.95,USD,UNKNOWN,UNKNOWN,,,,"Multiple: Capital One, Chase",5944,NEEDS_REVIEW,true,0.55,Accounting treatment: UNKNOWN. Retained in activity; not counted in Spending Summary. Merchant/payee not confidently extracted. Could not confidently classify accounting treatment.
13827,2025-11-28 07:53:31,52.17,USD,UNKNOWN,UNKNOWN,,,,"Multiple: Capital One, Chase",5944,NEEDS_REVIEW,true,0.55,Accounting treatment: UNKNOWN. Retained in activity; not counted in Spending Summary. Merchant/payee not confidently extracted. Could not confidently classify accounting treatment.
14929,2025-11-27 10:09:34,3084.50,USD,INCOME,INCOME,3:53 AM ET was more than the $1,,,Chase,3039,AUTO_PARSED,true,0.86,Accounting treatment: INCOME. Merchant extracted by generic at. Retained in activity; not counted in Spending Summary.
13828,2025-11-26 20:17:12,3.67,USD,UNKNOWN,UNKNOWN,,,,"Multiple: Capital One, Chase",5944,NEEDS_REVIEW,true,0.55,Accounting treatment: UNKNOWN. Retained in activity; not counted in Spending Summary. Merchant/payee not confidently extracted. Could not confidently classify accounting treatment.
13829,2025-11-26 19:50:23,2.00,USD,UNKNOWN,UNKNOWN,,,,"Multiple: Capital One, Chase",5944,NEEDS_REVIEW,true,0.55,Accounting treatment: UNKNOWN. Retained in activity; not counted in Spending Summary. Merchant/payee not confidently extracted. Could not confidently classify accounting treatment.
14930,2025-11-26 18:34:47,1000.00,USD,PERSON_TO_PERSON,PERSON_TO_PERSON,,,,Chase,3039,NEEDS_REVIEW,true,0.55,Accounting treatment: PERSON_TO_PERSON. Zelle detected; user review recommended. Retained in activity; not counted in Spending Summary. Merchant/payee not confidently extracted.
13830,2025-11-26 18:25:58,5009.93,USD,UNKNOWN,UNKNOWN,,,,"Multiple: Capital One, Chase",5944,NEEDS_REVIEW,true,0.55,Accounting treatment: UNKNOWN. Retained in activity; not counted in Spending Summary. Merchant/payee not confidently extracted. Could not confidently classify accounting treatment.
13831,2025-11-26 12:32:05,980.54,USD,UNKNOWN,UNKNOWN,,,,"Multiple: Capital One, Chase",5944,NEEDS_REVIEW,true,0.55,Accounting treatment: UNKNOWN. Retained in activity; not counted in Spending Summary. Merchant/payee not confidently extracted. Could not confidently classify accounting treatment.
13832,2025-11-26 09:37:31,9.55,USD,UNKNOWN,UNKNOWN,,,,"Multiple: Capital One, Chase",5944,NEEDS_REVIEW,true,0.55,Accounting treatment: UNKNOWN. Retained in activity; not counted in Spending Summary. Merchant/payee not confidently extracted. Could not confidently classify accounting treatment.
14931,2025-11-25 10:17:00,160.00,USD,TRANSFER,TRANSFER,4:34 AM ET was more than the $1,,,Chase,3039,AUTO_PARSED,true,0.86,Accounting treatment: TRANSFER. Merchant extracted by generic at. Retained in activity; not counted in Spending Summary.
13833,2025-11-24 21:05:13,10.25,USD,UNKNOWN,UNKNOWN,,,,"Multiple: Capital One, Chase",5944,NEEDS_REVIEW,true,0.55,Accounting treatment: UNKNOWN. Retained in activity; not counted in Spending Summary. Merchant/payee not confidently extracted. Could not confidently classify accounting treatment.
13834,2025-11-24 17:02:40,74.22,USD,UNKNOWN,UNKNOWN,,,,"Multiple: Capital One, Chase",5944,NEEDS_REVIEW,true,0.55,Accounting treatment: UNKNOWN. Retained in activity; not counted in Spending Summary. Merchant/payee not confidently extracted. Could not confidently classify accounting treatment.
13835,2025-11-23 20:35:01,25.96,USD,UNKNOWN,UNKNOWN,,,,"Multiple: Capital One, Chase",5944,NEEDS_REVIEW,true,0.55,Accounting treatment: UNKNOWN. Retained in activity; not counted in Spending Summary. Merchant/payee not confidently extracted. Could not confidently classify accounting treatment.
13836,2025-11-23 20:25:16,9.98,USD,UNKNOWN,UNKNOWN,,,,"Multiple: Capital One, Chase",5944,NEEDS_REVIEW,true,0.55,Accounting treatment: UNKNOWN. Retained in activity; not counted in Spending Summary. Merchant/payee not confidently extracted. Could not confidently classify accounting treatment.
13837,2025-11-23 20:15:19,1.86,USD,UNKNOWN,UNKNOWN,,,,"Multiple: Capital One, Chase",5944,NEEDS_REVIEW,true,0.55,Accounting treatment: UNKNOWN. Retained in activity; not counted in Spending Summary. Merchant/payee not confidently extracted. Could not confidently classify accounting treatment.
13838,2025-11-23 00:17:07,122.23,USD,UNKNOWN,UNKNOWN,,,,"Multiple: Capital One, Chase",5944,NEEDS_REVIEW,true,0.55,Accounting treatment: UNKNOWN. Retained in activity; not counted in Spending Summary. Merchant/payee not confidently extracted. Could not confidently classify accounting treatment.
14932,2025-11-22 17:38:10,33.33,USD,EXPENSE,EXPENSE,COSTCO GAS #0664 on Nov 22,Groceries,General,Chase,3039,AUTO_PARSED,false,0.90,Accounting treatment: EXPENSE. Merchant extracted by action merchant. Suggested category: Groceries/General.
13839,2025-11-22 17:13:42,20.00,USD,UNKNOWN,UNKNOWN,,,,"Multiple: Capital One, Chase",5944,NEEDS_REVIEW,true,0.55,Accounting treatment: UNKNOWN. Retained in activity; not counted in Spending Summary. Merchant/payee not confidently extracted. Could not confidently classify accounting treatment.
13840,2025-11-22 12:49:36,8.73,USD,UNKNOWN,UNKNOWN,,,,"Multiple: Capital One, Chase",5944,NEEDS_REVIEW,true,0.55,Accounting treatment: UNKNOWN. Retained in activity; not counted in Spending Summary. Merchant/payee not confidently extracted. Could not confidently classify accounting treatment.
14933,2025-11-22 11:40:44,28.61,USD,EXPENSE,EXPENSE,COSTCO WHSE #0684 on Nov 22,Groceries,General,Chase,3039,AUTO_PARSED,false,0.90,Accounting treatment: EXPENSE. Merchant extracted by action merchant. Suggested category: Groceries/General.
13841,2025-11-21 20:05:48,4.08,USD,UNKNOWN,UNKNOWN,,,,"Multiple: Capital One, Chase",5944,NEEDS_REVIEW,true,0.55,Accounting treatment: UNKNOWN. Retained in activity; not counted in Spending Summary. Merchant/payee not confidently extracted. Could not confidently classify accounting treatment.
13842,2025-11-21 15:11:47,1.69,USD,UNKNOWN,UNKNOWN,,,,"Multiple: Capital One, Chase",5944,NEEDS_REVIEW,true,0.55,Accounting treatment: UNKNOWN. Retained in activity; not counted in Spending Summary. Merchant/payee not confidently extracted. Could not confidently classify accounting treatment.
13843,2025-11-21 14:57:42,25.00,USD,UNKNOWN,UNKNOWN,,,,"Multiple: Capital One, Chase",5944,NEEDS_REVIEW,true,0.55,Accounting treatment: UNKNOWN. Retained in activity; not counted in Spending Summary. Merchant/payee not confidently extracted. Could not confidently classify accounting treatment.
13844,2025-11-18 22:29:30,20.67,USD,UNKNOWN,UNKNOWN,,,,"Multiple: Capital One, Chase",5944,NEEDS_REVIEW,true,0.55,Accounting treatment: UNKNOWN. Retained in activity; not counted in Spending Summary. Merchant/payee not confidently extracted. Could not confidently classify accounting treatment.
13845,2025-11-18 14:41:33,16.23,USD,UNKNOWN,UNKNOWN,,,,"Multiple: Capital One, Chase",5944,NEEDS_REVIEW,true,0.55,Accounting treatment: UNKNOWN. Retained in activity; not counted in Spending Summary. Merchant/payee not confidently extracted. Could not confidently classify accounting treatment.
14934,2025-11-18 10:30:23,160.00,USD,TRANSFER,TRANSFER,4:35 AM ET was more than the $1,,,Chase,3039,AUTO_PARSED,true,0.86,Accounting treatment: TRANSFER. Merchant extracted by generic at. Retained in activity; not counted in Spending Summary.
13846,2025-11-16 13:25:55,70.70,USD,UNKNOWN,UNKNOWN,,,,"Multiple: Capital One, Chase",5944,NEEDS_REVIEW,true,0.55,Accounting treatment: UNKNOWN. Retained in activity; not counted in Spending Summary. Merchant/payee not confidently extracted. Could not confidently classify accounting treatment.
13847,2025-11-15 21:52:04,47.10,USD,UNKNOWN,UNKNOWN,,,,"Multiple: Capital One, Chase",5944,NEEDS_REVIEW,true,0.55,Accounting treatment: UNKNOWN. Retained in activity; not counted in Spending Summary. Merchant/payee not confidently extracted. Could not confidently classify accounting treatment.
14935,2025-11-15 10:21:30,16.24,USD,TRANSFER,TRANSFER,4:53 AM ET was more than the $1,,,Chase,3039,AUTO_PARSED,true,0.86,Accounting treatment: TRANSFER. Merchant extracted by generic at. Retained in activity; not counted in Spending Summary.
13848,2025-11-15 03:41:21,8.65,USD,UNKNOWN,UNKNOWN,,,,"Multiple: Capital One, Chase",5944,NEEDS_REVIEW,true,0.55,Accounting treatment: UNKNOWN. Retained in activity; not counted in Spending Summary. Merchant/payee not confidently extracted. Could not confidently classify accounting treatment.
13849,2025-11-14 21:01:25,128.11,USD,UNKNOWN,UNKNOWN,,,,"Multiple: Capital One, Chase",5944,NEEDS_REVIEW,true,0.55,Accounting treatment: UNKNOWN. Retained in activity; not counted in Spending Summary. Merchant/payee not confidently extracted. Could not confidently classify accounting treatment.
14936,2025-11-14 10:21:00,3056.69,USD,INCOME,INCOME,3:54 AM ET was more than the $1,,,Chase,3039,AUTO_PARSED,true,0.86,Accounting treatment: INCOME. Merchant extracted by generic at. Retained in activity; not counted in Spending Summary.
13850,2025-11-14 04:10:26,100.00,USD,UNKNOWN,UNKNOWN,,,,"Multiple: Capital One, Chase",5944,NEEDS_REVIEW,true,0.55,Accounting treatment: UNKNOWN. Retained in activity; not counted in Spending Summary. Merchant/payee not confidently extracted. Could not confidently classify accounting treatment.
13851,2025-11-13 20:27:04,7.42,USD,UNKNOWN,UNKNOWN,,,,"Multiple: Capital One, Chase",5944,NEEDS_REVIEW,true,0.55,Accounting treatment: UNKNOWN. Retained in activity; not counted in Spending Summary. Merchant/payee not confidently extracted. Could not confidently classify accounting treatment.
13852,2025-11-13 19:59:28,45.39,USD,UNKNOWN,UNKNOWN,,,,"Multiple: Capital One, Chase",5944,NEEDS_REVIEW,true,0.55,Accounting treatment: UNKNOWN. Retained in activity; not counted in Spending Summary. Merchant/payee not confidently extracted. Could not confidently classify accounting treatment.
13853,2025-11-13 13:42:28,74.00,USD,UNKNOWN,UNKNOWN,,,,"Multiple: Capital One, Chase",5944,NEEDS_REVIEW,true,0.55,Accounting treatment: UNKNOWN. Retained in activity; not counted in Spending Summary. Merchant/payee not confidently extracted. Could not confidently classify accounting treatment.
14937,2025-11-13 10:09:28,2000.00,USD,TRANSFER,TRANSFER,9:26 AM ET is above the limit in your alert settings,,,Chase,3039,AUTO_PARSED,true,0.86,Accounting treatment: TRANSFER. Merchant extracted by generic at. Retained in activity; not counted in Spending Summary.
13854,2025-11-11 15:27:55,2960.14,USD,UNKNOWN,UNKNOWN,,,,"Multiple: Capital One, Chase",5944,NEEDS_REVIEW,true,0.55,Accounting treatment: UNKNOWN. Retained in activity; not counted in Spending Summary. Merchant/payee not confidently extracted. Could not confidently classify accounting treatment.
13855,2025-11-11 14:35:50,2.99,USD,UNKNOWN,UNKNOWN,,,,"Multiple: Capital One, Chase",5944,NEEDS_REVIEW,true,0.55,Accounting treatment: UNKNOWN. Retained in activity; not counted in Spending Summary. Merchant/payee not confidently extracted. Could not confidently classify accounting treatment.
13856,2025-11-11 13:51:03,313.20,USD,UNKNOWN,UNKNOWN,,,,"Multiple: Capital One, Chase",5944,NEEDS_REVIEW,true,0.55,Accounting treatment: UNKNOWN. Retained in activity; not counted in Spending Summary. Merchant/payee not confidently extracted. Could not confidently classify accounting treatment.
14938,2025-11-11 10:24:06,160.00,USD,TRANSFER,TRANSFER,4:37 AM ET was more than the $1,,,Chase,3039,AUTO_PARSED,true,0.86,Accounting treatment: TRANSFER. Merchant extracted by generic at. Retained in activity; not counted in Spending Summary.
14939,2025-11-10 18:29:37,2960.14,USD,TRANSFER,TRANSFER,7:29 PM ET was more than the $1,,,Chase,3039,AUTO_PARSED,true,0.86,Accounting treatment: TRANSFER. Merchant extracted by generic at. Retained in activity; not counted in Spending Summary.
13857,2025-11-10 11:28:29,2960.14,USD,EXPENSE,EXPENSE,,,,"Multiple: Capital One, Chase",5944,NEEDS_REVIEW,false,0.55,Accounting treatment: EXPENSE. Merchant/payee not confidently extracted.
14940,2025-11-10 11:26:15,313.20,USD,TRANSFER,TRANSFER,12:26 PM ET was more than the $1,,,Chase,3039,AUTO_PARSED,true,0.86,Accounting treatment: TRANSFER. Merchant extracted by generic at. Retained in activity; not counted in Spending Summary.
13858,2025-11-09 19:37:23,43.04,USD,UNKNOWN,UNKNOWN,,,,"Multiple: Capital One, Chase",5944,NEEDS_REVIEW,true,0.55,Accounting treatment: UNKNOWN. Retained in activity; not counted in Spending Summary. Merchant/payee not confidently extracted. Could not confidently classify accounting treatment.
13859,2025-11-09 18:08:40,28.31,USD,UNKNOWN,UNKNOWN,,,,"Multiple: Capital One, Chase",5944,NEEDS_REVIEW,true,0.55,Accounting treatment: UNKNOWN. Retained in activity; not counted in Spending Summary. Merchant/payee not confidently extracted. Could not confidently classify accounting treatment.
13860,2025-11-09 17:41:50,24.15,USD,UNKNOWN,UNKNOWN,,,,"Multiple: Capital One, Chase",5944,NEEDS_REVIEW,true,0.55,Accounting treatment: UNKNOWN. Retained in activity; not counted in Spending Summary. Merchant/payee not confidently extracted. Could not confidently classify accounting treatment.
13861,2025-11-09 06:55:07,81.83,USD,UNKNOWN,UNKNOWN,,,,"Multiple: Capital One, Chase",5944,NEEDS_REVIEW,true,0.55,Accounting treatment: UNKNOWN. Retained in activity; not counted in Spending Summary. Merchant/payee not confidently extracted. Could not confidently classify accounting treatment.
13862,2025-11-08 19:29:34,3.00,USD,UNKNOWN,UNKNOWN,,,,"Multiple: Capital One, Chase",5944,NEEDS_REVIEW,true,0.55,Accounting treatment: UNKNOWN. Retained in activity; not counted in Spending Summary. Merchant/payee not confidently extracted. Could not confidently classify accounting treatment.
13863,2025-11-08 18:56:38,23.65,USD,UNKNOWN,UNKNOWN,,,,"Multiple: Capital One, Chase",5944,NEEDS_REVIEW,true,0.55,Accounting treatment: UNKNOWN. Retained in activity; not counted in Spending Summary. Merchant/payee not confidently extracted. Could not confidently classify accounting treatment.
13864,2025-11-08 18:11:29,51.75,USD,UNKNOWN,UNKNOWN,,,,"Multiple: Capital One, Chase",5944,NEEDS_REVIEW,true,0.55,Accounting treatment: UNKNOWN. Retained in activity; not counted in Spending Summary. Merchant/payee not confidently extracted. Could not confidently classify accounting treatment.
14941,2025-11-08 17:43:43,31.19,USD,EXPENSE,EXPENSE,COSTCO GAS #1739 on Nov 8,Groceries,General,Chase,3039,AUTO_PARSED,false,0.90,Accounting treatment: EXPENSE. Merchant extracted by action merchant. Suggested category: Groceries/General.
13865,2025-11-08 16:35:01,12.33,USD,UNKNOWN,UNKNOWN,,,,"Multiple: Capital One, Chase",5944,NEEDS_REVIEW,true,0.55,Accounting treatment: UNKNOWN. Retained in activity; not counted in Spending Summary. Merchant/payee not confidently extracted. Could not confidently classify accounting treatment.
13866,2025-11-08 16:22:30,15.14,USD,UNKNOWN,UNKNOWN,,,,"Multiple: Capital One, Chase",5944,NEEDS_REVIEW,true,0.55,Accounting treatment: UNKNOWN. Retained in activity; not counted in Spending Summary. Merchant/payee not confidently extracted. Could not confidently classify accounting treatment.
13867,2025-11-08 13:54:19,21.28,USD,UNKNOWN,UNKNOWN,,,,"Multiple: Capital One, Chase",5944,NEEDS_REVIEW,true,0.55,Accounting treatment: UNKNOWN. Retained in activity; not counted in Spending Summary. Merchant/payee not confidently extracted. Could not confidently classify accounting treatment.
13868,2025-11-08 11:57:49,44.00,USD,UNKNOWN,UNKNOWN,,,,"Multiple: Capital One, Chase",5944,NEEDS_REVIEW,true,0.55,Accounting treatment: UNKNOWN. Retained in activity; not counted in Spending Summary. Merchant/payee not confidently extracted. Could not confidently classify accounting treatment.
13869,2025-11-07 14:19:35,25.00,USD,UNKNOWN,UNKNOWN,,,,"Multiple: Capital One, Chase",5944,NEEDS_REVIEW,true,0.55,Accounting treatment: UNKNOWN. Retained in activity; not counted in Spending Summary. Merchant/payee not confidently extracted. Could not confidently classify accounting treatment.
14942,2025-11-04 10:21:40,500.00,USD,TRANSFER,TRANSFER,4:39 AM ET was more than the $1,,,Chase,3039,AUTO_PARSED,true,0.86,Accounting treatment: TRANSFER. Merchant extracted by generic at. Retained in activity; not counted in Spending Summary.
14943,2025-11-04 10:21:04,160.00,USD,TRANSFER,TRANSFER,4:39 AM ET was more than the $1,,,Chase,3039,AUTO_PARSED,true,0.86,Accounting treatment: TRANSFER. Merchant extracted by generic at. Retained in activity; not counted in Spending Summary.
13870,2025-11-04 05:00:06,94.80,USD,UNKNOWN,UNKNOWN,,,,"Multiple: Capital One, Chase",5944,NEEDS_REVIEW,true,0.55,Accounting treatment: UNKNOWN. Retained in activity; not counted in Spending Summary. Merchant/payee not confidently extracted. Could not confidently classify accounting treatment.
14944,2025-11-03 10:17:04,40.98,USD,TRANSFER,TRANSFER,4:22 AM ET was more than the $1,,,Chase,3039,AUTO_PARSED,true,0.86,Accounting treatment: TRANSFER. Merchant extracted by generic at. Retained in activity; not counted in Spending Summary.
13871,2025-11-03 09:53:45,65.33,USD,UNKNOWN,UNKNOWN,,,,"Multiple: Capital One, Chase",5944,NEEDS_REVIEW,true,0.55,Accounting treatment: UNKNOWN. Retained in activity; not counted in Spending Summary. Merchant/payee not confidently extracted. Could not confidently classify accounting treatment.
13872,2025-11-03 09:35:13,115.00,USD,UNKNOWN,UNKNOWN,,,,"Multiple: Capital One, Chase",5944,NEEDS_REVIEW,true,0.55,Accounting treatment: UNKNOWN. Retained in activity; not counted in Spending Summary. Merchant/payee not confidently extracted. Could not confidently classify accounting treatment.
14945,2025-11-03 06:06:59,22.00,USD,PERSON_TO_PERSON,PERSON_TO_PERSON,,,,Chase,3039,NEEDS_REVIEW,true,0.55,Accounting treatment: PERSON_TO_PERSON. Zelle detected; user review recommended. Retained in activity; not counted in Spending Summary. Merchant/payee not confidently extracted.
13873,2025-11-02 18:46:10,25.96,USD,UNKNOWN,UNKNOWN,,,,"Multiple: Capital One, Chase",5944,NEEDS_REVIEW,true,0.55,Accounting treatment: UNKNOWN. Retained in activity; not counted in Spending Summary. Merchant/payee not confidently extracted. Could not confidently classify accounting treatment.
13874,2025-11-01 21:52:46,6.99,USD,UNKNOWN,UNKNOWN,,,,"Multiple: Capital One, Chase",5944,NEEDS_REVIEW,true,0.55,Accounting treatment: UNKNOWN. Retained in activity; not counted in Spending Summary. Merchant/payee not confidently extracted. Could not confidently classify accounting treatment.
13875,2025-11-01 11:11:21,28.12,USD,UNKNOWN,UNKNOWN,,,,"Multiple: Capital One, Chase",5944,NEEDS_REVIEW,true,0.55,Accounting treatment: UNKNOWN. Retained in activity; not counted in Spending Summary. Merchant/payee not confidently extracted. Could not confidently classify accounting treatment.
13876,2025-11-01 10:49:38,6.12,USD,UNKNOWN,UNKNOWN,,,,"Multiple: Capital One, Chase",5944,NEEDS_REVIEW,true,0.55,Accounting treatment: UNKNOWN. Retained in activity; not counted in Spending Summary. Merchant/payee not confidently extracted. Could not confidently classify accounting treatment.
14946,2025-11-01 10:23:27,1463.96,USD,TRANSFER,TRANSFER,4:58 AM ET was more than the $1,,,Chase,3039,AUTO_PARSED,true,0.86,Accounting treatment: TRANSFER. Merchant extracted by generic at. Retained in activity; not counted in Spending Summary.
13877,2025-10-31 19:07:13,5.40,USD,UNKNOWN,UNKNOWN,,,,"Multiple: Capital One, Chase",5944,NEEDS_REVIEW,true,0.55,Accounting treatment: UNKNOWN. Retained in activity; not counted in Spending Summary. Merchant/payee not confidently extracted. Could not confidently classify accounting treatment.
13878,2025-10-31 14:41:30,2.49,USD,UNKNOWN,UNKNOWN,,,,"Multiple: Capital One, Chase",5944,NEEDS_REVIEW,true,0.55,Accounting treatment: UNKNOWN. Retained in activity; not counted in Spending Summary. Merchant/payee not confidently extracted. Could not confidently classify accounting treatment.
13879,2025-10-31 13:56:20,25.00,USD,UNKNOWN,UNKNOWN,,,,"Multiple: Capital One, Chase",5944,NEEDS_REVIEW,true,0.55,Accounting treatment: UNKNOWN. Retained in activity; not counted in Spending Summary. Merchant/payee not confidently extracted. Could not confidently classify accounting treatment.
14947,2025-10-31 10:48:17,3056.69,USD,INCOME,INCOME,3:51 AM ET was more than the $1,,,Chase,3039,AUTO_PARSED,true,0.86,Accounting treatment: INCOME. Merchant extracted by generic at. Retained in activity; not counted in Spending Summary.
13880,2025-10-31 09:33:18,29.69,USD,UNKNOWN,UNKNOWN,,,,"Multiple: Capital One, Chase",5944,NEEDS_REVIEW,true,0.55,Accounting treatment: UNKNOWN. Retained in activity; not counted in Spending Summary. Merchant/payee not confidently extracted. Could not confidently classify accounting treatment.
13881,2025-10-31 09:27:50,34.08,USD,UNKNOWN,UNKNOWN,,,,"Multiple: Capital One, Chase",5944,NEEDS_REVIEW,true,0.55,Accounting treatment: UNKNOWN. Retained in activity; not counted in Spending Summary. Merchant/payee not confidently extracted. Could not confidently classify accounting treatment.
13882,2025-10-29 19:58:44,2.21,USD,UNKNOWN,UNKNOWN,,,,"Multiple: Capital One, Chase",5944,NEEDS_REVIEW,true,0.55,Accounting treatment: UNKNOWN. Retained in activity; not counted in Spending Summary. Merchant/payee not confidently extracted. Could not confidently classify accounting treatment.
13883,2025-10-29 19:54:00,36.78,USD,UNKNOWN,UNKNOWN,,,,"Multiple: Capital One, Chase",5944,NEEDS_REVIEW,true,0.55,Accounting treatment: UNKNOWN. Retained in activity; not counted in Spending Summary. Merchant/payee not confidently extracted. Could not confidently classify accounting treatment.
14948,2025-10-28 10:07:34,160.00,USD,TRANSFER,TRANSFER,4:34 AM ET was more than the $1,,,Chase,3039,AUTO_PARSED,true,0.86,Accounting treatment: TRANSFER. Merchant extracted by generic at. Retained in activity; not counted in Spending Summary.
13884,2025-10-26 18:48:24,1.74,USD,UNKNOWN,UNKNOWN,,,,"Multiple: Capital One, Chase",5944,NEEDS_REVIEW,true,0.55,Accounting treatment: UNKNOWN. Retained in activity; not counted in Spending Summary. Merchant/payee not confidently extracted. Could not confidently classify accounting treatment.
13885,2025-10-26 17:26:31,4.39,USD,UNKNOWN,UNKNOWN,,,,"Multiple: Capital One, Chase",5944,NEEDS_REVIEW,true,0.55,Accounting treatment: UNKNOWN. Retained in activity; not counted in Spending Summary. Merchant/payee not confidently extracted. Could not confidently classify accounting treatment.
13886,2025-10-26 17:07:52,24.38,USD,UNKNOWN,UNKNOWN,,,,"Multiple: Capital One, Chase",5944,NEEDS_REVIEW,true,0.55,Accounting treatment: UNKNOWN. Retained in activity; not counted in Spending Summary. Merchant/payee not confidently extracted. Could not confidently classify accounting treatment.
13887,2025-10-26 14:04:38,50.00,USD,UNKNOWN,UNKNOWN,,,,"Multiple: Capital One, Chase",5944,NEEDS_REVIEW,true,0.55,Accounting treatment: UNKNOWN. Retained in activity; not counted in Spending Summary. Merchant/payee not confidently extracted. Could not confidently classify accounting treatment.
13888,2025-10-26 12:31:20,1696.65,USD,UNKNOWN,UNKNOWN,,,,"Multiple: Capital One, Chase",5944,NEEDS_REVIEW,true,0.55,Accounting treatment: UNKNOWN. Retained in activity; not counted in Spending Summary. Merchant/payee not confidently extracted. Could not confidently classify accounting treatment.
13889,2025-10-25 20:58:56,114.12,USD,UNKNOWN,UNKNOWN,,,,"Multiple: Capital One, Chase",5944,NEEDS_REVIEW,true,0.55,Accounting treatment: UNKNOWN. Retained in activity; not counted in Spending Summary. Merchant/payee not confidently extracted. Could not confidently classify accounting treatment.
13890,2025-10-25 16:50:43,3.00,USD,UNKNOWN,UNKNOWN,,,,"Multiple: Capital One, Chase",5944,NEEDS_REVIEW,true,0.55,Accounting treatment: UNKNOWN. Retained in activity; not counted in Spending Summary. Merchant/payee not confidently extracted. Could not confidently classify accounting treatment.
13891,2025-10-25 16:33:06,500.00,USD,UNKNOWN,UNKNOWN,,,,"Multiple: Capital One, Chase",5944,NEEDS_REVIEW,true,0.55,Accounting treatment: UNKNOWN. Retained in activity; not counted in Spending Summary. Merchant/payee not confidently extracted. Could not confidently classify accounting treatment.
13892,2025-10-25 11:33:30,37.89,USD,UNKNOWN,UNKNOWN,,,,"Multiple: Capital One, Chase",5944,NEEDS_REVIEW,true,0.55,Accounting treatment: UNKNOWN. Retained in activity; not counted in Spending Summary. Merchant/payee not confidently extracted. Could not confidently classify accounting treatment.
13893,2025-10-24 16:22:35,8.22,USD,UNKNOWN,UNKNOWN,,,,"Multiple: Capital One, Chase",5944,NEEDS_REVIEW,true,0.55,Accounting treatment: UNKNOWN. Retained in activity; not counted in Spending Summary. Merchant/payee not confidently extracted. Could not confidently classify accounting treatment.
13894,2025-10-24 15:48:29,50.00,USD,UNKNOWN,UNKNOWN,,,,"Multiple: Capital One, Chase",5944,NEEDS_REVIEW,true,0.55,Accounting treatment: UNKNOWN. Retained in activity; not counted in Spending Summary. Merchant/payee not confidently extracted. Could not confidently classify accounting treatment.
13895,2025-10-23 20:55:30,108.00,USD,UNKNOWN,UNKNOWN,,,,"Multiple: Capital One, Chase",5944,NEEDS_REVIEW,true,0.55,Accounting treatment: UNKNOWN. Retained in activity; not counted in Spending Summary. Merchant/payee not confidently extracted. Could not confidently classify accounting treatment.
13896,2025-10-23 20:48:33,396.92,USD,UNKNOWN,UNKNOWN,,,,"Multiple: Capital One, Chase",5944,NEEDS_REVIEW,true,0.55,Accounting treatment: UNKNOWN. Retained in activity; not counted in Spending Summary. Merchant/payee not confidently extracted. Could not confidently classify accounting treatment.
13897,2025-10-23 17:20:36,1.67,USD,UNKNOWN,UNKNOWN,,,,"Multiple: Capital One, Chase",5944,NEEDS_REVIEW,true,0.55,Accounting treatment: UNKNOWN. Retained in activity; not counted in Spending Summary. Merchant/payee not confidently extracted. Could not confidently classify accounting treatment.
14949,2025-10-21 10:07:27,160.00,USD,TRANSFER,TRANSFER,4:33 AM ET was more than the $1,,,Chase,3039,AUTO_PARSED,true,0.86,Accounting treatment: TRANSFER. Merchant extracted by generic at. Retained in activity; not counted in Spending Summary.
13898,2025-10-19 22:22:39,2.00,USD,UNKNOWN,UNKNOWN,,,,"Multiple: Capital One, Chase",5944,NEEDS_REVIEW,true,0.55,Accounting treatment: UNKNOWN. Retained in activity; not counted in Spending Summary. Merchant/payee not confidently extracted. Could not confidently classify accounting treatment.
13899,2025-10-19 22:22:37,75.25,USD,UNKNOWN,UNKNOWN,,,,"Multiple: Capital One, Chase",5944,NEEDS_REVIEW,true,0.55,Accounting treatment: UNKNOWN. Retained in activity; not counted in Spending Summary. Merchant/payee not confidently extracted. Could not confidently classify accounting treatment.
13900,2025-10-19 18:34:10,26.40,USD,UNKNOWN,UNKNOWN,,,,"Multiple: Capital One, Chase",5944,NEEDS_REVIEW,true,0.55,Accounting treatment: UNKNOWN. Retained in activity; not counted in Spending Summary. Merchant/payee not confidently extracted. Could not confidently classify accounting treatment.
13901,2025-10-19 17:14:12,20.93,USD,UNKNOWN,UNKNOWN,,,,"Multiple: Capital One, Chase",5944,NEEDS_REVIEW,true,0.55,Accounting treatment: UNKNOWN. Retained in activity; not counted in Spending Summary. Merchant/payee not confidently extracted. Could not confidently classify accounting treatment.
13902,2025-10-18 17:57:53,9.74,USD,UNKNOWN,UNKNOWN,,,,"Multiple: Capital One, Chase",5944,NEEDS_REVIEW,true,0.55,Accounting treatment: UNKNOWN. Retained in activity; not counted in Spending Summary. Merchant/payee not confidently extracted. Could not confidently classify accounting treatment.
13903,2025-10-18 16:48:48,18.50,USD,UNKNOWN,UNKNOWN,,,,"Multiple: Capital One, Chase",5944,NEEDS_REVIEW,true,0.55,Accounting treatment: UNKNOWN. Retained in activity; not counted in Spending Summary. Merchant/payee not confidently extracted. Could not confidently classify accounting treatment.
13904,2025-10-18 12:07:38,7.89,USD,UNKNOWN,UNKNOWN,,,,"Multiple: Capital One, Chase",5944,NEEDS_REVIEW,true,0.55,Accounting treatment: UNKNOWN. Retained in activity; not counted in Spending Summary. Merchant/payee not confidently extracted. Could not confidently classify accounting treatment.
13905,2025-10-18 12:04:55,25.96,USD,UNKNOWN,UNKNOWN,,,,"Multiple: Capital One, Chase",5944,NEEDS_REVIEW,true,0.55,Accounting treatment: UNKNOWN. Retained in activity; not counted in Spending Summary. Merchant/payee not confidently extracted. Could not confidently classify accounting treatment.
13906,2025-10-17 16:02:27,4.38,USD,UNKNOWN,UNKNOWN,,,,"Multiple: Capital One, Chase",5944,NEEDS_REVIEW,true,0.55,Accounting treatment: UNKNOWN. Retained in activity; not counted in Spending Summary. Merchant/payee not confidently extracted. Could not confidently classify accounting treatment.
13907,2025-10-17 15:48:43,50.00,USD,UNKNOWN,UNKNOWN,,,,"Multiple: Capital One, Chase",5944,NEEDS_REVIEW,true,0.55,Accounting treatment: UNKNOWN. Retained in activity; not counted in Spending Summary. Merchant/payee not confidently extracted. Could not confidently classify accounting treatment.
13908,2025-10-17 15:48:11,50.00,USD,TRANSFER,TRANSFER,WEPAY*WPY*SACHSE MUSLI,,,"Multiple: Capital One, Chase",5944,AUTO_PARSED,true,0.86,Accounting treatment: TRANSFER. Merchant extracted by generic at. Retained in activity; not counted in Spending Summary.
13909,2025-10-16 18:30:04,44.35,USD,UNKNOWN,UNKNOWN,,,,"Multiple: Capital One, Chase",5944,NEEDS_REVIEW,true,0.55,Accounting treatment: UNKNOWN. Retained in activity; not counted in Spending Summary. Merchant/payee not confidently extracted. Could not confidently classify accounting treatment.
13910,2025-10-16 16:49:22,25.00,USD,UNKNOWN,UNKNOWN,,,,"Multiple: Capital One, Chase",5944,NEEDS_REVIEW,true,0.55,Accounting treatment: UNKNOWN. Retained in activity; not counted in Spending Summary. Merchant/payee not confidently extracted. Could not confidently classify accounting treatment.
13911,2025-10-16 09:23:44,30.00,USD,UNKNOWN,UNKNOWN,,,,"Multiple: Capital One, Chase",5944,NEEDS_REVIEW,true,0.55,Accounting treatment: UNKNOWN. Retained in activity; not counted in Spending Summary. Merchant/payee not confidently extracted. Could not confidently classify accounting treatment.
13912,2025-10-15 20:39:59,8.65,USD,UNKNOWN,UNKNOWN,,,,"Multiple: Capital One, Chase",5944,NEEDS_REVIEW,true,0.55,Accounting treatment: UNKNOWN. Retained in activity; not counted in Spending Summary. Merchant/payee not confidently extracted. Could not confidently classify accounting treatment.
13913,2025-10-15 19:16:14,14.95,USD,UNKNOWN,UNKNOWN,,,,"Multiple: Capital One, Chase",5944,NEEDS_REVIEW,true,0.55,Accounting treatment: UNKNOWN. Retained in activity; not counted in Spending Summary. Merchant/payee not confidently extracted. Could not confidently classify accounting treatment.
13914,2025-10-15 19:06:36,4.87,USD,UNKNOWN,UNKNOWN,,,,"Multiple: Capital One, Chase",5944,NEEDS_REVIEW,true,0.55,Accounting treatment: UNKNOWN. Retained in activity; not counted in Spending Summary. Merchant/payee not confidently extracted. Could not confidently classify accounting treatment.
14950,2025-10-15 10:32:54,3056.69,USD,INCOME,INCOME,4:23 AM ET was more than the $1,,,Chase,3039,AUTO_PARSED,true,0.86,Accounting treatment: INCOME. Merchant extracted by generic at. Retained in activity; not counted in Spending Summary.
14951,2025-10-15 10:09:56,160.00,USD,TRANSFER,TRANSFER,4:23 AM ET was more than the $1,,,Chase,3039,AUTO_PARSED,true,0.86,Accounting treatment: TRANSFER. Merchant extracted by generic at. Retained in activity; not counted in Spending Summary.
13915,2025-10-14 18:57:55,7.96,USD,UNKNOWN,UNKNOWN,,,,"Multiple: Capital One, Chase",5944,NEEDS_REVIEW,true,0.55,Accounting treatment: UNKNOWN. Retained in activity; not counted in Spending Summary. Merchant/payee not confidently extracted. Could not confidently classify accounting treatment.
13916,2025-10-14 13:14:14,1405.06,USD,UNKNOWN,UNKNOWN,,,,"Multiple: Capital One, Chase",5944,NEEDS_REVIEW,true,0.55,Accounting treatment: UNKNOWN. Retained in activity; not counted in Spending Summary. Merchant/payee not confidently extracted. Could not confidently classify accounting treatment.
14952,2025-10-14 10:09:10,1405.06,USD,TRANSFER,TRANSFER,5:04 AM ET was more than the $1,,,Chase,3039,AUTO_PARSED,true,0.86,Accounting treatment: TRANSFER. Merchant extracted by generic at. Retained in activity; not counted in Spending Summary.
13917,2025-10-14 04:08:37,100.00,USD,UNKNOWN,UNKNOWN,,,,"Multiple: Capital One, Chase",5944,NEEDS_REVIEW,true,0.55,Accounting treatment: UNKNOWN. Retained in activity; not counted in Spending Summary. Merchant/payee not confidently extracted. Could not confidently classify accounting treatment.
13918,2025-10-13 17:54:52,1405.06,USD,EXPENSE,EXPENSE,,,,"Multiple: Capital One, Chase",5944,NEEDS_REVIEW,false,0.55,Accounting treatment: EXPENSE. Merchant/payee not confidently extracted.
13919,2025-10-12 19:09:35,30.77,USD,UNKNOWN,UNKNOWN,,,,"Multiple: Capital One, Chase",5944,NEEDS_REVIEW,true,0.55,Accounting treatment: UNKNOWN. Retained in activity; not counted in Spending Summary. Merchant/payee not confidently extracted. Could not confidently classify accounting treatment.
13920,2025-10-12 11:26:13,33.60,USD,UNKNOWN,UNKNOWN,,,,"Multiple: Capital One, Chase",5944,NEEDS_REVIEW,true,0.55,Accounting treatment: UNKNOWN. Retained in activity; not counted in Spending Summary. Merchant/payee not confidently extracted. Could not confidently classify accounting treatment.
14953,2025-10-12 10:37:32,60.55,USD,EXPENSE,EXPENSE,COSTCO WHSE #0655 on Oct 12,Groceries,General,Chase,3039,AUTO_PARSED,false,0.90,Accounting treatment: EXPENSE. Merchant extracted by action merchant. Suggested category: Groceries/General.
13921,2025-10-12 09:53:00,9.02,USD,UNKNOWN,UNKNOWN,,,,"Multiple: Capital One, Chase",5944,NEEDS_REVIEW,true,0.55,Accounting treatment: UNKNOWN. Retained in activity; not counted in Spending Summary. Merchant/payee not confidently extracted. Could not confidently classify accounting treatment.
13922,2025-10-11 21:47:41,300.00,USD,UNKNOWN,UNKNOWN,,,,"Multiple: Capital One, Chase",5944,NEEDS_REVIEW,true,0.55,Accounting treatment: UNKNOWN. Retained in activity; not counted in Spending Summary. Merchant/payee not confidently extracted. Could not confidently classify accounting treatment.
13923,2025-10-11 18:15:24,3.00,USD,UNKNOWN,UNKNOWN,,,,"Multiple: Capital One, Chase",5944,NEEDS_REVIEW,true,0.55,Accounting treatment: UNKNOWN. Retained in activity; not counted in Spending Summary. Merchant/payee not confidently extracted. Could not confidently classify accounting treatment.
13924,2025-10-11 17:31:06,109.98,USD,UNKNOWN,UNKNOWN,,,,"Multiple: Capital One, Chase",5944,NEEDS_REVIEW,true,0.55,Accounting treatment: UNKNOWN. Retained in activity; not counted in Spending Summary. Merchant/payee not confidently extracted. Could not confidently classify accounting treatment.
13925,2025-10-11 16:37:01,37.87,USD,UNKNOWN,UNKNOWN,,,,"Multiple: Capital One, Chase",5944,NEEDS_REVIEW,true,0.55,Accounting treatment: UNKNOWN. Retained in activity; not counted in Spending Summary. Merchant/payee not confidently extracted. Could not confidently classify accounting treatment.
13926,2025-10-11 15:44:10,3.13,USD,UNKNOWN,UNKNOWN,,,,"Multiple: Capital One, Chase",5944,NEEDS_REVIEW,true,0.55,Accounting treatment: UNKNOWN. Retained in activity; not counted in Spending Summary. Merchant/payee not confidently extracted. Could not confidently classify accounting treatment.
13927,2025-10-11 10:49:18,13.47,USD,UNKNOWN,UNKNOWN,,,,"Multiple: Capital One, Chase",5944,NEEDS_REVIEW,true,0.55,Accounting treatment: UNKNOWN. Retained in activity; not counted in Spending Summary. Merchant/payee not confidently extracted. Could not confidently classify accounting treatment.
13928,2025-10-11 10:37:46,24.40,USD,UNKNOWN,UNKNOWN,,,,"Multiple: Capital One, Chase",5944,NEEDS_REVIEW,true,0.55,Accounting treatment: UNKNOWN. Retained in activity; not counted in Spending Summary. Merchant/payee not confidently extracted. Could not confidently classify accounting treatment.
13929,2025-10-10 14:34:02,40.00,USD,UNKNOWN,UNKNOWN,,,,"Multiple: Capital One, Chase",5944,NEEDS_REVIEW,true,0.55,Accounting treatment: UNKNOWN. Retained in activity; not counted in Spending Summary. Merchant/payee not confidently extracted. Could not confidently classify accounting treatment.
13930,2025-10-10 08:37:55,88.14,USD,UNKNOWN,UNKNOWN,,,,"Multiple: Capital One, Chase",5944,NEEDS_REVIEW,true,0.55,Accounting treatment: UNKNOWN. Retained in activity; not counted in Spending Summary. Merchant/payee not confidently extracted. Could not confidently classify accounting treatment.
13931,2025-10-09 20:09:40,42.30,USD,UNKNOWN,UNKNOWN,,,,"Multiple: Capital One, Chase",5944,NEEDS_REVIEW,true,0.55,Accounting treatment: UNKNOWN. Retained in activity; not counted in Spending Summary. Merchant/payee not confidently extracted. Could not confidently classify accounting treatment.
13932,2025-10-08 17:47:40,16.18,USD,UNKNOWN,UNKNOWN,,,,"Multiple: Capital One, Chase",5944,NEEDS_REVIEW,true,0.55,Accounting treatment: UNKNOWN. Retained in activity; not counted in Spending Summary. Merchant/payee not confidently extracted. Could not confidently classify accounting treatment.
13933,2025-10-08 14:53:25,21.28,USD,UNKNOWN,UNKNOWN,,,,"Multiple: Capital One, Chase",5944,NEEDS_REVIEW,true,0.55,Accounting treatment: UNKNOWN. Retained in activity; not counted in Spending Summary. Merchant/payee not confidently extracted. Could not confidently classify accounting treatment.
14954,2025-10-07 10:20:30,160.00,USD,TRANSFER,TRANSFER,4:37 AM ET was more than the $1,,,Chase,3039,AUTO_PARSED,true,0.86,Accounting treatment: TRANSFER. Merchant extracted by generic at. Retained in activity; not counted in Spending Summary.
13934,2025-10-06 14:11:00,3.42,USD,UNKNOWN,UNKNOWN,,,,"Multiple: Capital One, Chase",5944,NEEDS_REVIEW,true,0.55,Accounting treatment: UNKNOWN. Retained in activity; not counted in Spending Summary. Merchant/payee not confidently extracted. Could not confidently classify accounting treatment.
13935,2025-10-06 10:43:05,1.34,USD,UNKNOWN,UNKNOWN,,,,"Multiple: Capital One, Chase",5944,NEEDS_REVIEW,true,0.55,Accounting treatment: UNKNOWN. Retained in activity; not counted in Spending Summary. Merchant/payee not confidently extracted. Could not confidently classify accounting treatment.
13936,2025-10-05 12:16:08,2.00,USD,UNKNOWN,UNKNOWN,,,,"Multiple: Capital One, Chase",5944,NEEDS_REVIEW,true,0.55,Accounting treatment: UNKNOWN. Retained in activity; not counted in Spending Summary. Merchant/payee not confidently extracted. Could not confidently classify accounting treatment.
13937,2025-10-04 19:14:24,14.62,USD,UNKNOWN,UNKNOWN,,,,"Multiple: Capital One, Chase",5944,NEEDS_REVIEW,true,0.55,Accounting treatment: UNKNOWN. Retained in activity; not counted in Spending Summary. Merchant/payee not confidently extracted. Could not confidently classify accounting treatment.
13938,2025-10-04 11:48:35,4.00,USD,UNKNOWN,UNKNOWN,,,,"Multiple: Capital One, Chase",5944,NEEDS_REVIEW,true,0.55,Accounting treatment: UNKNOWN. Retained in activity; not counted in Spending Summary. Merchant/payee not confidently extracted. Could not confidently classify accounting treatment.
13939,2025-10-04 11:15:23,9.73,USD,UNKNOWN,UNKNOWN,,,,"Multiple: Capital One, Chase",5944,NEEDS_REVIEW,true,0.55,Accounting treatment: UNKNOWN. Retained in activity; not counted in Spending Summary. Merchant/payee not confidently extracted. Could not confidently classify accounting treatment.
13940,2025-10-04 05:37:48,104.49,USD,UNKNOWN,UNKNOWN,,,,"Multiple: Capital One, Chase",5944,NEEDS_REVIEW,true,0.55,Accounting treatment: UNKNOWN. Retained in activity; not counted in Spending Summary. Merchant/payee not confidently extracted. Could not confidently classify accounting treatment.
13941,2025-10-03 22:05:25,2.00,USD,UNKNOWN,UNKNOWN,,,,"Multiple: Capital One, Chase",5944,NEEDS_REVIEW,true,0.55,Accounting treatment: UNKNOWN. Retained in activity; not counted in Spending Summary. Merchant/payee not confidently extracted. Could not confidently classify accounting treatment.
13942,2025-10-03 20:37:34,14.57,USD,UNKNOWN,UNKNOWN,,,,"Multiple: Capital One, Chase",5944,NEEDS_REVIEW,true,0.55,Accounting treatment: UNKNOWN. Retained in activity; not counted in Spending Summary. Merchant/payee not confidently extracted. Could not confidently classify accounting treatment.
13943,2025-10-03 14:30:49,20.00,USD,UNKNOWN,UNKNOWN,,,,"Multiple: Capital One, Chase",5944,NEEDS_REVIEW,true,0.55,Accounting treatment: UNKNOWN. Retained in activity; not counted in Spending Summary. Merchant/payee not confidently extracted. Could not confidently classify accounting treatment.
13944,2025-10-03 11:12:19,12.55,USD,UNKNOWN,UNKNOWN,,,,"Multiple: Capital One, Chase",5944,NEEDS_REVIEW,true,0.55,Accounting treatment: UNKNOWN. Retained in activity; not counted in Spending Summary. Merchant/payee not confidently extracted. Could not confidently classify accounting treatment.
13945,2025-10-03 10:48:11,65.33,USD,UNKNOWN,UNKNOWN,,,,"Multiple: Capital One, Chase",5944,NEEDS_REVIEW,true,0.55,Accounting treatment: UNKNOWN. Retained in activity; not counted in Spending Summary. Merchant/payee not confidently extracted. Could not confidently classify accounting treatment.
13946,2025-10-02 21:10:48,4.42,USD,UNKNOWN,UNKNOWN,,,,"Multiple: Capital One, Chase",5944,NEEDS_REVIEW,true,0.55,Accounting treatment: UNKNOWN. Retained in activity; not counted in Spending Summary. Merchant/payee not confidently extracted. Could not confidently classify accounting treatment.
13947,2025-10-02 20:44:13,10.81,USD,UNKNOWN,UNKNOWN,,,,"Multiple: Capital One, Chase",5944,NEEDS_REVIEW,true,0.55,Accounting treatment: UNKNOWN. Retained in activity; not counted in Spending Summary. Merchant/payee not confidently extracted. Could not confidently classify accounting treatment.
13948,2025-10-02 18:55:58,18.39,USD,UNKNOWN,UNKNOWN,,,,"Multiple: Capital One, Chase",5944,NEEDS_REVIEW,true,0.55,Accounting treatment: UNKNOWN. Retained in activity; not counted in Spending Summary. Merchant/payee not confidently extracted. Could not confidently classify accounting treatment.
13949,2025-10-02 17:28:51,29.89,USD,UNKNOWN,UNKNOWN,,,,"Multiple: Capital One, Chase",5944,NEEDS_REVIEW,true,0.55,Accounting treatment: UNKNOWN. Retained in activity; not counted in Spending Summary. Merchant/payee not confidently extracted. Could not confidently classify accounting treatment.
14955,2025-10-02 17:12:24,17.00,USD,PERSON_TO_PERSON,PERSON_TO_PERSON,,,,Chase,3039,NEEDS_REVIEW,true,0.55,Accounting treatment: PERSON_TO_PERSON. Zelle detected; user review recommended. Retained in activity; not counted in Spending Summary. Merchant/payee not confidently extracted.
13950,2025-10-01 18:53:48,50.91,USD,UNKNOWN,UNKNOWN,,,,"Multiple: Capital One, Chase",5944,NEEDS_REVIEW,true,0.55,Accounting treatment: UNKNOWN. Retained in activity; not counted in Spending Summary. Merchant/payee not confidently extracted. Could not confidently classify accounting treatment.
14956,2025-10-01 10:12:20,1462.39,USD,TRANSFER,TRANSFER,3:51 AM ET was more than the $1,,,Chase,3039,AUTO_PARSED,true,0.86,Accounting treatment: TRANSFER. Merchant extracted by generic at. Retained in activity; not counted in Spending Summary.
14957,2025-09-30 10:41:10,2575.15,USD,INCOME,INCOME,4:34 AM ET was more than the $1,,,Chase,3039,AUTO_PARSED,true,0.86,Accounting treatment: INCOME. Merchant extracted by generic at. Retained in activity; not counted in Spending Summary.
14958,2025-09-30 10:06:38,160.00,USD,TRANSFER,TRANSFER,4:34 AM ET was more than the $1,,,Chase,3039,AUTO_PARSED,true,0.86,Accounting treatment: TRANSFER. Merchant extracted by generic at. Retained in activity; not counted in Spending Summary.
13951,2025-09-29 19:40:08,7.96,USD,UNKNOWN,UNKNOWN,,,,"Multiple: Capital One, Chase",5944,NEEDS_REVIEW,true,0.55,Accounting treatment: UNKNOWN. Retained in activity; not counted in Spending Summary. Merchant/payee not confidently extracted. Could not confidently classify accounting treatment.
13952,2025-09-28 21:08:58,2.00,USD,UNKNOWN,UNKNOWN,,,,"Multiple: Capital One, Chase",5944,NEEDS_REVIEW,true,0.55,Accounting treatment: UNKNOWN. Retained in activity; not counted in Spending Summary. Merchant/payee not confidently extracted. Could not confidently classify accounting treatment.
13953,2025-09-28 19:42:38,20.00,USD,UNKNOWN,UNKNOWN,,,,"Multiple: Capital One, Chase",5944,NEEDS_REVIEW,true,0.55,Accounting treatment: UNKNOWN. Retained in activity; not counted in Spending Summary. Merchant/payee not confidently extracted. Could not confidently classify accounting treatment.
13954,2025-09-28 16:10:16,12.99,USD,UNKNOWN,UNKNOWN,,,,"Multiple: Capital One, Chase",5944,NEEDS_REVIEW,true,0.55,Accounting treatment: UNKNOWN. Retained in activity; not counted in Spending Summary. Merchant/payee not confidently extracted. Could not confidently classify accounting treatment.
13955,2025-09-27 21:20:25,51.96,USD,UNKNOWN,UNKNOWN,,,,"Multiple: Capital One, Chase",5944,NEEDS_REVIEW,true,0.55,Accounting treatment: UNKNOWN. Retained in activity; not counted in Spending Summary. Merchant/payee not confidently extracted. Could not confidently classify accounting treatment.
13956,2025-09-27 12:40:27,27.14,USD,UNKNOWN,UNKNOWN,,,,"Multiple: Capital One, Chase",5944,NEEDS_REVIEW,true,0.55,Accounting treatment: UNKNOWN. Retained in activity; not counted in Spending Summary. Merchant/payee not confidently extracted. Could not confidently classify accounting treatment.
13957,2025-09-27 10:27:56,30.92,USD,UNKNOWN,UNKNOWN,,,,"Multiple: Capital One, Chase",5944,NEEDS_REVIEW,true,0.55,Accounting treatment: UNKNOWN. Retained in activity; not counted in Spending Summary. Merchant/payee not confidently extracted. Could not confidently classify accounting treatment.
14959,2025-09-26 23:12:41,2.14,USD,PERSON_TO_PERSON,PERSON_TO_PERSON,,,,Chase,3039,NEEDS_REVIEW,true,0.55,Accounting treatment: PERSON_TO_PERSON. Zelle detected; user review recommended. Retained in activity; not counted in Spending Summary. Merchant/payee not confidently extracted.
14960,2025-09-26 21:39:41,26.00,USD,PERSON_TO_PERSON,PERSON_TO_PERSON,,,,Chase,3039,NEEDS_REVIEW,true,0.55,Accounting treatment: PERSON_TO_PERSON. Zelle detected; user review recommended. Retained in activity; not counted in Spending Summary. Merchant/payee not confidently extracted.
13958,2025-09-26 21:02:18,13.73,USD,UNKNOWN,UNKNOWN,,,,"Multiple: Capital One, Chase",5944,NEEDS_REVIEW,true,0.55,Accounting treatment: UNKNOWN. Retained in activity; not counted in Spending Summary. Merchant/payee not confidently extracted. Could not confidently classify accounting treatment.
13959,2025-09-26 14:27:45,20.00,USD,UNKNOWN,UNKNOWN,,,,"Multiple: Capital One, Chase",5944,NEEDS_REVIEW,true,0.55,Accounting treatment: UNKNOWN. Retained in activity; not counted in Spending Summary. Merchant/payee not confidently extracted. Could not confidently classify accounting treatment.
13960,2025-09-26 12:32:21,663.53,USD,UNKNOWN,UNKNOWN,,,,"Multiple: Capital One, Chase",5944,NEEDS_REVIEW,true,0.55,Accounting treatment: UNKNOWN. Retained in activity; not counted in Spending Summary. Merchant/payee not confidently extracted. Could not confidently classify accounting treatment.
13961,2025-09-25 17:46:50,10.00,USD,UNKNOWN,UNKNOWN,,,,"Multiple: Capital One, Chase",5944,NEEDS_REVIEW,true,0.55,Accounting treatment: UNKNOWN. Retained in activity; not counted in Spending Summary. Merchant/payee not confidently extracted. Could not confidently classify accounting treatment.
13962,2025-09-24 20:54:59,44.35,USD,UNKNOWN,UNKNOWN,,,,"Multiple: Capital One, Chase",5944,NEEDS_REVIEW,true,0.55,Accounting treatment: UNKNOWN. Retained in activity; not counted in Spending Summary. Merchant/payee not confidently extracted. Could not confidently classify accounting treatment.
13963,2025-09-24 19:12:15,40.65,USD,UNKNOWN,UNKNOWN,,,,"Multiple: Capital One, Chase",5944,NEEDS_REVIEW,true,0.55,Accounting treatment: UNKNOWN. Retained in activity; not counted in Spending Summary. Merchant/payee not confidently extracted. Could not confidently classify accounting treatment.
13964,2025-09-24 00:56:52,25.28,USD,UNKNOWN,UNKNOWN,,,,"Multiple: Capital One, Chase",5944,NEEDS_REVIEW,true,0.55,Accounting treatment: UNKNOWN. Retained in activity; not counted in Spending Summary. Merchant/payee not confidently extracted. Could not confidently classify accounting treatment.
14961,2025-09-23 10:27:04,160.00,USD,TRANSFER,TRANSFER,4:34 AM ET was more than the $1,,,Chase,3039,AUTO_PARSED,true,0.86,Accounting treatment: TRANSFER. Merchant extracted by generic at. Retained in activity; not counted in Spending Summary.
13965,2025-09-20 20:20:37,45.07,USD,UNKNOWN,UNKNOWN,,,,"Multiple: Capital One, Chase",5944,NEEDS_REVIEW,true,0.55,Accounting treatment: UNKNOWN. Retained in activity; not counted in Spending Summary. Merchant/payee not confidently extracted. Could not confidently classify accounting treatment.
13966,2025-09-20 20:05:33,9.95,USD,UNKNOWN,UNKNOWN,,,,"Multiple: Capital One, Chase",5944,NEEDS_REVIEW,true,0.55,Accounting treatment: UNKNOWN. Retained in activity; not counted in Spending Summary. Merchant/payee not confidently extracted. Could not confidently classify accounting treatment.
13967,2025-09-20 19:26:49,4.03,USD,UNKNOWN,UNKNOWN,,,,"Multiple: Capital One, Chase",5944,NEEDS_REVIEW,true,0.55,Accounting treatment: UNKNOWN. Retained in activity; not counted in Spending Summary. Merchant/payee not confidently extracted. Could not confidently classify accounting treatment.
13968,2025-09-20 12:50:52,8.81,USD,UNKNOWN,UNKNOWN,,,,"Multiple: Capital One, Chase",5944,NEEDS_REVIEW,true,0.55,Accounting treatment: UNKNOWN. Retained in activity; not counted in Spending Summary. Merchant/payee not confidently extracted. Could not confidently classify accounting treatment.
13969,2025-09-20 12:10:24,40.00,USD,UNKNOWN,UNKNOWN,,,,"Multiple: Capital One, Chase",5944,NEEDS_REVIEW,true,0.55,Accounting treatment: UNKNOWN. Retained in activity; not counted in Spending Summary. Merchant/payee not confidently extracted. Could not confidently classify accounting treatment.
13970,2025-09-19 18:49:17,24.84,USD,UNKNOWN,UNKNOWN,,,,"Multiple: Capital One, Chase",5944,NEEDS_REVIEW,true,0.55,Accounting treatment: UNKNOWN. Retained in activity; not counted in Spending Summary. Merchant/payee not confidently extracted. Could not confidently classify accounting treatment.
13971,2025-09-19 16:41:05,11.85,USD,UNKNOWN,UNKNOWN,,,,"Multiple: Capital One, Chase",5944,NEEDS_REVIEW,true,0.55,Accounting treatment: UNKNOWN. Retained in activity; not counted in Spending Summary. Merchant/payee not confidently extracted. Could not confidently classify accounting treatment.
13972,2025-09-19 15:25:02,120.04,USD,UNKNOWN,UNKNOWN,,,,"Multiple: Capital One, Chase",5944,NEEDS_REVIEW,true,0.55,Accounting treatment: UNKNOWN. Retained in activity; not counted in Spending Summary. Merchant/payee not confidently extracted. Could not confidently classify accounting treatment.
13973,2025-09-18 12:52:09,13.72,USD,UNKNOWN,UNKNOWN,,,,"Multiple: Capital One, Chase",5944,NEEDS_REVIEW,true,0.55,Accounting treatment: UNKNOWN. Retained in activity; not counted in Spending Summary. Merchant/payee not confidently extracted. Could not confidently classify accounting treatment.
13974,2025-09-17 17:15:13,1.27,USD,UNKNOWN,UNKNOWN,,,,"Multiple: Capital One, Chase",5944,NEEDS_REVIEW,true,0.55,Accounting treatment: UNKNOWN. Retained in activity; not counted in Spending Summary. Merchant/payee not confidently extracted. Could not confidently classify accounting treatment.
14962,2025-09-17 10:28:56,27.11,USD,TRANSFER,TRANSFER,3:47 AM ET was more than the $1,,,Chase,3039,AUTO_PARSED,true,0.86,Accounting treatment: TRANSFER. Merchant extracted by generic at. Retained in activity; not counted in Spending Summary.
13975,2025-09-16 17:45:58,36.64,USD,UNKNOWN,UNKNOWN,,,,"Multiple: Capital One, Chase",5944,NEEDS_REVIEW,true,0.55,Accounting treatment: UNKNOWN. Retained in activity; not counted in Spending Summary. Merchant/payee not confidently extracted. Could not confidently classify accounting treatment.
14963,2025-09-16 10:09:43,160.00,USD,TRANSFER,TRANSFER,4:39 AM ET was more than the $1,,,Chase,3039,AUTO_PARSED,true,0.86,Accounting treatment: TRANSFER. Merchant extracted by generic at. Retained in activity; not counted in Spending Summary.
13976,2025-09-14 20:25:27,10.71,USD,UNKNOWN,UNKNOWN,,,,"Multiple: Capital One, Chase",5944,NEEDS_REVIEW,true,0.55,Accounting treatment: UNKNOWN. Retained in activity; not counted in Spending Summary. Merchant/payee not confidently extracted. Could not confidently classify accounting treatment.
13977,2025-09-14 18:02:58,64.95,USD,UNKNOWN,UNKNOWN,,,,"Multiple: Capital One, Chase",5944,NEEDS_REVIEW,true,0.55,Accounting treatment: UNKNOWN. Retained in activity; not counted in Spending Summary. Merchant/payee not confidently extracted. Could not confidently classify accounting treatment.
13978,2025-09-14 12:29:50,28.94,USD,UNKNOWN,UNKNOWN,,,,"Multiple: Capital One, Chase",5944,NEEDS_REVIEW,true,0.55,Accounting treatment: UNKNOWN. Retained in activity; not counted in Spending Summary. Merchant/payee not confidently extracted. Could not confidently classify accounting treatment.
14964,2025-09-14 12:00:11,69.66,USD,EXPENSE,EXPENSE,COSTCO WHSE #0655 on Sep 14,Groceries,General,Chase,3039,AUTO_PARSED,false,0.90,Accounting treatment: EXPENSE. Merchant extracted by action merchant. Suggested category: Groceries/General.
13979,2025-09-14 04:09:21,100.00,USD,UNKNOWN,UNKNOWN,,,,"Multiple: Capital One, Chase",5944,NEEDS_REVIEW,true,0.55,Accounting treatment: UNKNOWN. Retained in activity; not counted in Spending Summary. Merchant/payee not confidently extracted. Could not confidently classify accounting treatment.
13980,2025-09-13 22:08:22,25.95,USD,UNKNOWN,UNKNOWN,,,,"Multiple: Capital One, Chase",5944,NEEDS_REVIEW,true,0.55,Accounting treatment: UNKNOWN. Retained in activity; not counted in Spending Summary. Merchant/payee not confidently extracted. Could not confidently classify accounting treatment.
13981,2025-09-13 19:00:33,53.88,USD,UNKNOWN,UNKNOWN,,,,"Multiple: Capital One, Chase",5944,NEEDS_REVIEW,true,0.55,Accounting treatment: UNKNOWN. Retained in activity; not counted in Spending Summary. Merchant/payee not confidently extracted. Could not confidently classify accounting treatment.
13982,2025-09-13 18:07:33,49.57,USD,UNKNOWN,UNKNOWN,,,,"Multiple: Capital One, Chase",5944,NEEDS_REVIEW,true,0.55,Accounting treatment: UNKNOWN. Retained in activity; not counted in Spending Summary. Merchant/payee not confidently extracted. Could not confidently classify accounting treatment.
14965,2025-09-13 10:10:46,2575.15,USD,INCOME,INCOME,4:51 AM ET was more than the $1,,,Chase,3039,AUTO_PARSED,true,0.86,Accounting treatment: INCOME. Merchant extracted by generic at. Retained in activity; not counted in Spending Summary.
13983,2025-09-12 21:47:03,15.14,USD,UNKNOWN,UNKNOWN,,,,"Multiple: Capital One, Chase",5944,NEEDS_REVIEW,true,0.55,Accounting treatment: UNKNOWN. Retained in activity; not counted in Spending Summary. Merchant/payee not confidently extracted. Could not confidently classify accounting treatment.
14966,2025-09-12 15:08:00,11.45,USD,PERSON_TO_PERSON,PERSON_TO_PERSON,,,,Chase,3039,NEEDS_REVIEW,true,0.55,Accounting treatment: PERSON_TO_PERSON. Zelle detected; user review recommended. Retained in activity; not counted in Spending Summary. Merchant/payee not confidently extracted.
13984,2025-09-12 15:04:56,31.55,USD,UNKNOWN,UNKNOWN,,,,"Multiple: Capital One, Chase",5944,NEEDS_REVIEW,true,0.55,Accounting treatment: UNKNOWN. Retained in activity; not counted in Spending Summary. Merchant/payee not confidently extracted. Could not confidently classify accounting treatment.
13985,2025-09-10 20:54:02,297.81,USD,UNKNOWN,UNKNOWN,,,,"Multiple: Capital One, Chase",5944,NEEDS_REVIEW,true,0.55,Accounting treatment: UNKNOWN. Retained in activity; not counted in Spending Summary. Merchant/payee not confidently extracted. Could not confidently classify accounting treatment.
13986,2025-09-10 17:27:51,1668.61,USD,UNKNOWN,UNKNOWN,,,,"Multiple: Capital One, Chase",5944,NEEDS_REVIEW,true,0.55,Accounting treatment: UNKNOWN. Retained in activity; not counted in Spending Summary. Merchant/payee not confidently extracted. Could not confidently classify accounting treatment.
13987,2025-09-10 17:21:15,25.45,USD,UNKNOWN,UNKNOWN,,,,"Multiple: Capital One, Chase",5944,NEEDS_REVIEW,true,0.55,Accounting treatment: UNKNOWN. Retained in activity; not counted in Spending Summary. Merchant/payee not confidently extracted. Could not confidently classify accounting treatment.
14967,2025-09-10 10:26:14,1668.61,USD,TRANSFER,TRANSFER,10:10 PM ET was more than the $1,,,Chase,3039,AUTO_PARSED,true,0.86,Accounting treatment: TRANSFER. Merchant extracted by generic at. Retained in activity; not counted in Spending Summary.
13988,2025-09-10 07:22:50,107.42,USD,UNKNOWN,UNKNOWN,,,,"Multiple: Capital One, Chase",5944,NEEDS_REVIEW,true,0.55,Accounting treatment: UNKNOWN. Retained in activity; not counted in Spending Summary. Merchant/payee not confidently extracted. Could not confidently classify accounting treatment.
13989,2025-09-09 15:11:44,1668.61,USD,EXPENSE,EXPENSE,,,,"Multiple: Capital One, Chase",5944,NEEDS_REVIEW,false,0.55,Accounting treatment: EXPENSE. Merchant/payee not confidently extracted.
14968,2025-09-09 12:59:27,297.81,USD,TRANSFER,TRANSFER,1:59 PM ET was more than the $1,,,Chase,3039,AUTO_PARSED,true,0.86,Accounting treatment: TRANSFER. Merchant extracted by generic at. Retained in activity; not counted in Spending Summary.
14969,2025-09-09 10:07:32,160.00,USD,TRANSFER,TRANSFER,4:33 AM ET was more than the $1,,,Chase,3039,AUTO_PARSED,true,0.86,Accounting treatment: TRANSFER. Merchant extracted by generic at. Retained in activity; not counted in Spending Summary.
13990,2025-09-08 14:54:26,21.28,USD,UNKNOWN,UNKNOWN,,,,"Multiple: Capital One, Chase",5944,NEEDS_REVIEW,true,0.55,Accounting treatment: UNKNOWN. Retained in activity; not counted in Spending Summary. Merchant/payee not confidently extracted. Could not confidently classify accounting treatment.
13991,2025-09-07 21:04:37,4.80,USD,UNKNOWN,UNKNOWN,,,,"Multiple: Capital One, Chase",5944,NEEDS_REVIEW,true,0.55,Accounting treatment: UNKNOWN. Retained in activity; not counted in Spending Summary. Merchant/payee not confidently extracted. Could not confidently classify accounting treatment.
13992,2025-09-07 18:41:49,26.40,USD,UNKNOWN,UNKNOWN,,,,"Multiple: Capital One, Chase",5944,NEEDS_REVIEW,true,0.55,Accounting treatment: UNKNOWN. Retained in activity; not counted in Spending Summary. Merchant/payee not confidently extracted. Could not confidently classify accounting treatment.
13993,2025-09-07 17:01:47,32.46,USD,UNKNOWN,UNKNOWN,,,,"Multiple: Capital One, Chase",5944,NEEDS_REVIEW,true,0.55,Accounting treatment: UNKNOWN. Retained in activity; not counted in Spending Summary. Merchant/payee not confidently extracted. Could not confidently classify accounting treatment.
13994,2025-09-06 18:26:21,99.00,USD,UNKNOWN,UNKNOWN,,,,"Multiple: Capital One, Chase",5944,NEEDS_REVIEW,true,0.55,Accounting treatment: UNKNOWN. Retained in activity; not counted in Spending Summary. Merchant/payee not confidently extracted. Could not confidently classify accounting treatment.
13995,2025-09-06 17:22:24,40.24,USD,UNKNOWN,UNKNOWN,,,,"Multiple: Capital One, Chase",5944,NEEDS_REVIEW,true,0.55,Accounting treatment: UNKNOWN. Retained in activity; not counted in Spending Summary. Merchant/payee not confidently extracted. Could not confidently classify accounting treatment.
13996,2025-09-06 13:32:50,19.46,USD,UNKNOWN,UNKNOWN,,,,"Multiple: Capital One, Chase",5944,NEEDS_REVIEW,true,0.55,Accounting treatment: UNKNOWN. Retained in activity; not counted in Spending Summary. Merchant/payee not confidently extracted. Could not confidently classify accounting treatment.
13997,2025-09-05 22:25:36,32.28,USD,UNKNOWN,UNKNOWN,,,,"Multiple: Capital One, Chase",5944,NEEDS_REVIEW,true,0.55,Accounting treatment: UNKNOWN. Retained in activity; not counted in Spending Summary. Merchant/payee not confidently extracted. Could not confidently classify accounting treatment.
13998,2025-09-05 22:20:44,7.00,USD,UNKNOWN,UNKNOWN,,,,"Multiple: Capital One, Chase",5944,NEEDS_REVIEW,true,0.55,Accounting treatment: UNKNOWN. Retained in activity; not counted in Spending Summary. Merchant/payee not confidently extracted. Could not confidently classify accounting treatment.
13999,2025-09-05 19:55:06,4.85,USD,UNKNOWN,UNKNOWN,,,,"Multiple: Capital One, Chase",5944,NEEDS_REVIEW,true,0.55,Accounting treatment: UNKNOWN. Retained in activity; not counted in Spending Summary. Merchant/payee not confidently extracted. Could not confidently classify accounting treatment.
14000,2025-09-05 19:38:33,50.85,USD,UNKNOWN,UNKNOWN,,,,"Multiple: Capital One, Chase",5944,NEEDS_REVIEW,true,0.55,Accounting treatment: UNKNOWN. Retained in activity; not counted in Spending Summary. Merchant/payee not confidently extracted. Could not confidently classify accounting treatment.
14001,2025-09-05 14:50:52,20.00,USD,UNKNOWN,UNKNOWN,,,,"Multiple: Capital One, Chase",5944,NEEDS_REVIEW,true,0.55,Accounting treatment: UNKNOWN. Retained in activity; not counted in Spending Summary. Merchant/payee not confidently extracted. Could not confidently classify accounting treatment.
14970,2025-09-04 10:10:07,3843.00,USD,TRANSFER,TRANSFER,3:49 AM ET was more than the $1,,,Chase,3039,AUTO_PARSED,true,0.86,Accounting treatment: TRANSFER. Merchant extracted by generic at. Retained in activity; not counted in Spending Summary.
14002,2025-09-04 04:05:34,104.49,USD,UNKNOWN,UNKNOWN,,,,"Multiple: Capital One, Chase",5944,NEEDS_REVIEW,true,0.55,Accounting treatment: UNKNOWN. Retained in activity; not counted in Spending Summary. Merchant/payee not confidently extracted. Could not confidently classify accounting treatment.
14971,2025-09-03 10:34:19,1466.79,USD,TRANSFER,TRANSFER,4:23 AM ET was more than the $1,,,Chase,3039,AUTO_PARSED,true,0.86,Accounting treatment: TRANSFER. Merchant extracted by generic at. Retained in activity; not counted in Spending Summary.
14972,2025-09-03 10:21:33,160.00,USD,TRANSFER,TRANSFER,4:23 AM ET was more than the $1,,,Chase,3039,AUTO_PARSED,true,0.86,Accounting treatment: TRANSFER. Merchant extracted by generic at. Retained in activity; not counted in Spending Summary.
14973,2025-09-03 10:10:59,25.00,USD,TRANSFER,TRANSFER,5:56 AM ET was more than the $1,,,Chase,3039,AUTO_PARSED,true,0.86,Accounting treatment: TRANSFER. Merchant extracted by generic at. Retained in activity; not counted in Spending Summary.
14003,2025-09-03 09:29:07,65.33,USD,UNKNOWN,UNKNOWN,,,,"Multiple: Capital One, Chase",5944,NEEDS_REVIEW,true,0.55,Accounting treatment: UNKNOWN. Retained in activity; not counted in Spending Summary. Merchant/payee not confidently extracted. Could not confidently classify accounting treatment.
14004,2025-09-02 18:57:19,3.42,USD,UNKNOWN,UNKNOWN,,,,"Multiple: Capital One, Chase",5944,NEEDS_REVIEW,true,0.55,Accounting treatment: UNKNOWN. Retained in activity; not counted in Spending Summary. Merchant/payee not confidently extracted. Could not confidently classify accounting treatment.
14005,2025-09-01 17:46:40,14.97,USD,UNKNOWN,UNKNOWN,,,,"Multiple: Capital One, Chase",5944,NEEDS_REVIEW,true,0.55,Accounting treatment: UNKNOWN. Retained in activity; not counted in Spending Summary. Merchant/payee not confidently extracted. Could not confidently classify accounting treatment.
14006,2025-09-01 17:16:19,10.40,USD,UNKNOWN,UNKNOWN,,,,"Multiple: Capital One, Chase",5944,NEEDS_REVIEW,true,0.55,Accounting treatment: UNKNOWN. Retained in activity; not counted in Spending Summary. Merchant/payee not confidently extracted. Could not confidently classify accounting treatment.
14007,2025-09-01 11:34:48,28.07,USD,UNKNOWN,UNKNOWN,,,,"Multiple: Capital One, Chase",5944,NEEDS_REVIEW,true,0.55,Accounting treatment: UNKNOWN. Retained in activity; not counted in Spending Summary. Merchant/payee not confidently extracted. Could not confidently classify accounting treatment.
14008,2025-08-31 23:19:26,4.55,USD,UNKNOWN,UNKNOWN,,,,"Multiple: Capital One, Chase",5944,NEEDS_REVIEW,true,0.55,Accounting treatment: UNKNOWN. Retained in activity; not counted in Spending Summary. Merchant/payee not confidently extracted. Could not confidently classify accounting treatment.
14009,2025-08-31 20:57:41,45.03,USD,UNKNOWN,UNKNOWN,,,,"Multiple: Capital One, Chase",5944,NEEDS_REVIEW,true,0.55,Accounting treatment: UNKNOWN. Retained in activity; not counted in Spending Summary. Merchant/payee not confidently extracted. Could not confidently classify accounting treatment.
14010,2025-08-31 04:06:41,5.00,USD,UNKNOWN,UNKNOWN,,,,"Multiple: Capital One, Chase",5944,NEEDS_REVIEW,true,0.55,Accounting treatment: UNKNOWN. Retained in activity; not counted in Spending Summary. Merchant/payee not confidently extracted. Could not confidently classify accounting treatment.
14011,2025-08-30 04:07:24,5.00,USD,UNKNOWN,UNKNOWN,,,,"Multiple: Capital One, Chase",5944,NEEDS_REVIEW,true,0.55,Accounting treatment: UNKNOWN. Retained in activity; not counted in Spending Summary. Merchant/payee not confidently extracted. Could not confidently classify accounting treatment.
14012,2025-08-30 01:18:23,34.11,USD,UNKNOWN,UNKNOWN,,,,"Multiple: Capital One, Chase",5944,NEEDS_REVIEW,true,0.55,Accounting treatment: UNKNOWN. Retained in activity; not counted in Spending Summary. Merchant/payee not confidently extracted. Could not confidently classify accounting treatment.
14013,2025-08-29 15:38:55,20.00,USD,UNKNOWN,UNKNOWN,,,,"Multiple: Capital One, Chase",5944,NEEDS_REVIEW,true,0.55,Accounting treatment: UNKNOWN. Retained in activity; not counted in Spending Summary. Merchant/payee not confidently extracted. Could not confidently classify accounting treatment.
14974,2025-08-29 10:08:44,3056.69,USD,INCOME,INCOME,3:51 AM ET was more than the $1,,,Chase,3039,AUTO_PARSED,true,0.86,Accounting treatment: INCOME. Merchant extracted by generic at. Retained in activity; not counted in Spending Summary.
14014,2025-08-29 04:10:12,5.00,USD,UNKNOWN,UNKNOWN,,,,"Multiple: Capital One, Chase",5944,NEEDS_REVIEW,true,0.55,Accounting treatment: UNKNOWN. Retained in activity; not counted in Spending Summary. Merchant/payee not confidently extracted. Could not confidently classify accounting treatment.
14015,2025-08-28 20:05:17,22.49,USD,UNKNOWN,UNKNOWN,,,,"Multiple: Capital One, Chase",5944,NEEDS_REVIEW,true,0.55,Accounting treatment: UNKNOWN. Retained in activity; not counted in Spending Summary. Merchant/payee not confidently extracted. Could not confidently classify accounting treatment.
14016,2025-08-28 04:10:12,5.00,USD,UNKNOWN,UNKNOWN,,,,"Multiple: Capital One, Chase",5944,NEEDS_REVIEW,true,0.55,Accounting treatment: UNKNOWN. Retained in activity; not counted in Spending Summary. Merchant/payee not confidently extracted. Could not confidently classify accounting treatment.
14017,2025-08-27 04:09:23,5.00,USD,UNKNOWN,UNKNOWN,,,,"Multiple: Capital One, Chase",5944,NEEDS_REVIEW,true,0.55,Accounting treatment: UNKNOWN. Retained in activity; not counted in Spending Summary. Merchant/payee not confidently extracted. Could not confidently classify accounting treatment.
14018,2025-08-26 13:45:12,34.81,USD,UNKNOWN,UNKNOWN,,,,"Multiple: Capital One, Chase",5944,NEEDS_REVIEW,true,0.55,Accounting treatment: UNKNOWN. Retained in activity; not counted in Spending Summary. Merchant/payee not confidently extracted. Could not confidently classify accounting treatment.
14019,2025-08-26 12:32:10,897.15,USD,UNKNOWN,UNKNOWN,,,,"Multiple: Capital One, Chase",5944,NEEDS_REVIEW,true,0.55,Accounting treatment: UNKNOWN. Retained in activity; not counted in Spending Summary. Merchant/payee not confidently extracted. Could not confidently classify accounting treatment.
14020,2025-08-26 12:11:22,12.52,USD,UNKNOWN,UNKNOWN,,,,"Multiple: Capital One, Chase",5944,NEEDS_REVIEW,true,0.55,Accounting treatment: UNKNOWN. Retained in activity; not counted in Spending Summary. Merchant/payee not confidently extracted. Could not confidently classify accounting treatment.
14021,2025-08-26 11:54:46,20.39,USD,UNKNOWN,UNKNOWN,,,,"Multiple: Capital One, Chase",5944,NEEDS_REVIEW,true,0.55,Accounting treatment: UNKNOWN. Retained in activity; not counted in Spending Summary. Merchant/payee not confidently extracted. Could not confidently classify accounting treatment.
14975,2025-08-26 10:08:46,160.00,USD,TRANSFER,TRANSFER,4:33 AM ET was more than the $1,,,Chase,3039,AUTO_PARSED,true,0.86,Accounting treatment: TRANSFER. Merchant extracted by generic at. Retained in activity; not counted in Spending Summary.
14022,2025-08-26 04:09:57,5.00,USD,UNKNOWN,UNKNOWN,,,,"Multiple: Capital One, Chase",5944,NEEDS_REVIEW,true,0.55,Accounting treatment: UNKNOWN. Retained in activity; not counted in Spending Summary. Merchant/payee not confidently extracted. Could not confidently classify accounting treatment.
14023,2025-08-25 04:09:09,5.00,USD,UNKNOWN,UNKNOWN,,,,"Multiple: Capital One, Chase",5944,NEEDS_REVIEW,true,0.55,Accounting treatment: UNKNOWN. Retained in activity; not counted in Spending Summary. Merchant/payee not confidently extracted. Could not confidently classify accounting treatment.
14024,2025-08-24 19:31:03,43.52,USD,UNKNOWN,UNKNOWN,,,,"Multiple: Capital One, Chase",5944,NEEDS_REVIEW,true,0.55,Accounting treatment: UNKNOWN. Retained in activity; not counted in Spending Summary. Merchant/payee not confidently extracted. Could not confidently classify accounting treatment.
14025,2025-08-24 18:54:11,30.35,USD,UNKNOWN,UNKNOWN,,,,"Multiple: Capital One, Chase",5944,NEEDS_REVIEW,true,0.55,Accounting treatment: UNKNOWN. Retained in activity; not counted in Spending Summary. Merchant/payee not confidently extracted. Could not confidently classify accounting treatment.
14026,2025-08-24 04:09:27,5.00,USD,UNKNOWN,UNKNOWN,,,,"Multiple: Capital One, Chase",5944,NEEDS_REVIEW,true,0.55,Accounting treatment: UNKNOWN. Retained in activity; not counted in Spending Summary. Merchant/payee not confidently extracted. Could not confidently classify accounting treatment.
14027,2025-08-23 18:07:10,88.49,USD,UNKNOWN,UNKNOWN,,,,"Multiple: Capital One, Chase",5944,NEEDS_REVIEW,true,0.55,Accounting treatment: UNKNOWN. Retained in activity; not counted in Spending Summary. Merchant/payee not confidently extracted. Could not confidently classify accounting treatment.
14028,2025-08-23 17:11:03,10.00,USD,EXPENSE,EXPENSE,NTTA AUTOCHARGE,,,"Multiple: Capital One, Chase",5944,AUTO_PARSED,false,0.86,Accounting treatment: EXPENSE. Merchant extracted by generic at.
14029,2025-08-23 12:31:07,21.61,USD,UNKNOWN,UNKNOWN,,,,"Multiple: Capital One, Chase",5944,NEEDS_REVIEW,true,0.55,Accounting treatment: UNKNOWN. Retained in activity; not counted in Spending Summary. Merchant/payee not confidently extracted. Could not confidently classify accounting treatment.
14976,2025-08-23 11:38:15,85.87,USD,EXPENSE,EXPENSE,COSTCO WHSE #0655 on Aug 23,Groceries,General,Chase,3039,AUTO_PARSED,false,0.90,Accounting treatment: EXPENSE. Merchant extracted by action merchant. Suggested category: Groceries/General.
14030,2025-08-23 10:41:27,17.68,USD,UNKNOWN,UNKNOWN,,,,"Multiple: Capital One, Chase",5944,NEEDS_REVIEW,true,0.55,Accounting treatment: UNKNOWN. Retained in activity; not counted in Spending Summary. Merchant/payee not confidently extracted. Could not confidently classify accounting treatment.
14031,2025-08-23 10:32:23,27.85,USD,UNKNOWN,UNKNOWN,,,,"Multiple: Capital One, Chase",5944,NEEDS_REVIEW,true,0.55,Accounting treatment: UNKNOWN. Retained in activity; not counted in Spending Summary. Merchant/payee not confidently extracted. Could not confidently classify accounting treatment.
14032,2025-08-23 10:26:24,16.11,USD,UNKNOWN,UNKNOWN,,,,"Multiple: Capital One, Chase",5944,NEEDS_REVIEW,true,0.55,Accounting treatment: UNKNOWN. Retained in activity; not counted in Spending Summary. Merchant/payee not confidently extracted. Could not confidently classify accounting treatment.
14033,2025-08-23 04:07:52,5.00,USD,UNKNOWN,UNKNOWN,,,,"Multiple: Capital One, Chase",5944,NEEDS_REVIEW,true,0.55,Accounting treatment: UNKNOWN. Retained in activity; not counted in Spending Summary. Merchant/payee not confidently extracted. Could not confidently classify accounting treatment.
14034,2025-08-22 15:59:35,12.51,USD,UNKNOWN,UNKNOWN,,,,"Multiple: Capital One, Chase",5944,NEEDS_REVIEW,true,0.55,Accounting treatment: UNKNOWN. Retained in activity; not counted in Spending Summary. Merchant/payee not confidently extracted. Could not confidently classify accounting treatment.
14035,2025-08-22 15:40:18,10.81,USD,UNKNOWN,UNKNOWN,,,,"Multiple: Capital One, Chase",5944,NEEDS_REVIEW,true,0.55,Accounting treatment: UNKNOWN. Retained in activity; not counted in Spending Summary. Merchant/payee not confidently extracted. Could not confidently classify accounting treatment.
14036,2025-08-22 15:25:02,20.00,USD,UNKNOWN,UNKNOWN,,,,"Multiple: Capital One, Chase",5944,NEEDS_REVIEW,true,0.55,Accounting treatment: UNKNOWN. Retained in activity; not counted in Spending Summary. Merchant/payee not confidently extracted. Could not confidently classify accounting treatment.
14037,2025-08-22 04:11:51,5.00,USD,UNKNOWN,UNKNOWN,,,,"Multiple: Capital One, Chase",5944,NEEDS_REVIEW,true,0.55,Accounting treatment: UNKNOWN. Retained in activity; not counted in Spending Summary. Merchant/payee not confidently extracted. Could not confidently classify accounting treatment.
14038,2025-08-21 04:10:11,5.00,USD,UNKNOWN,UNKNOWN,,,,"Multiple: Capital One, Chase",5944,NEEDS_REVIEW,true,0.55,Accounting treatment: UNKNOWN. Retained in activity; not counted in Spending Summary. Merchant/payee not confidently extracted. Could not confidently classify accounting treatment.
14039,2025-08-20 20:41:02,29.20,USD,UNKNOWN,UNKNOWN,,,,"Multiple: Capital One, Chase",5944,NEEDS_REVIEW,true,0.55,Accounting treatment: UNKNOWN. Retained in activity; not counted in Spending Summary. Merchant/payee not confidently extracted. Could not confidently classify accounting treatment.
14040,2025-08-20 04:09:37,5.00,USD,UNKNOWN,UNKNOWN,,,,"Multiple: Capital One, Chase",5944,NEEDS_REVIEW,true,0.55,Accounting treatment: UNKNOWN. Retained in activity; not counted in Spending Summary. Merchant/payee not confidently extracted. Could not confidently classify accounting treatment.
14977,2025-08-19 10:17:07,160.00,USD,TRANSFER,TRANSFER,4:34 AM ET was more than the $1,,,Chase,3039,AUTO_PARSED,true,0.86,Accounting treatment: TRANSFER. Merchant extracted by generic at. Retained in activity; not counted in Spending Summary.
14041,2025-08-19 09:24:35,32.35,USD,UNKNOWN,UNKNOWN,,,,"Multiple: Capital One, Chase",5944,NEEDS_REVIEW,true,0.55,Accounting treatment: UNKNOWN. Retained in activity; not counted in Spending Summary. Merchant/payee not confidently extracted. Could not confidently classify accounting treatment.
14042,2025-08-19 04:09:29,5.00,USD,UNKNOWN,UNKNOWN,,,,"Multiple: Capital One, Chase",5944,NEEDS_REVIEW,true,0.55,Accounting treatment: UNKNOWN. Retained in activity; not counted in Spending Summary. Merchant/payee not confidently extracted. Could not confidently classify accounting treatment.
14043,2025-08-18 04:09:49,5.00,USD,UNKNOWN,UNKNOWN,,,,"Multiple: Capital One, Chase",5944,NEEDS_REVIEW,true,0.55,Accounting treatment: UNKNOWN. Retained in activity; not counted in Spending Summary. Merchant/payee not confidently extracted. Could not confidently classify accounting treatment.
14044,2025-08-17 22:36:43,7.31,USD,UNKNOWN,UNKNOWN,,,,"Multiple: Capital One, Chase",5944,NEEDS_REVIEW,true,0.55,Accounting treatment: UNKNOWN. Retained in activity; not counted in Spending Summary. Merchant/payee not confidently extracted. Could not confidently classify accounting treatment.
14045,2025-08-17 04:09:31,5.00,USD,UNKNOWN,UNKNOWN,,,,"Multiple: Capital One, Chase",5944,NEEDS_REVIEW,true,0.55,Accounting treatment: UNKNOWN. Retained in activity; not counted in Spending Summary. Merchant/payee not confidently extracted. Could not confidently classify accounting treatment.
14978,2025-08-16 10:31:53,27.11,USD,TRANSFER,TRANSFER,4:52 AM ET was more than the $1,,,Chase,3039,AUTO_PARSED,true,0.86,Accounting treatment: TRANSFER. Merchant extracted by generic at. Retained in activity; not counted in Spending Summary.
14046,2025-08-16 04:13:11,5.00,USD,UNKNOWN,UNKNOWN,,,,"Multiple: Capital One, Chase",5944,NEEDS_REVIEW,true,0.55,Accounting treatment: UNKNOWN. Retained in activity; not counted in Spending Summary. Merchant/payee not confidently extracted. Could not confidently classify accounting treatment.
14047,2025-08-15 17:49:33,105.07,USD,UNKNOWN,UNKNOWN,,,,"Multiple: Capital One, Chase",5944,NEEDS_REVIEW,true,0.55,Accounting treatment: UNKNOWN. Retained in activity; not counted in Spending Summary. Merchant/payee not confidently extracted. Could not confidently classify accounting treatment.
14048,2025-08-15 16:10:41,20.00,USD,UNKNOWN,UNKNOWN,,,,"Multiple: Capital One, Chase",5944,NEEDS_REVIEW,true,0.55,Accounting treatment: UNKNOWN. Retained in activity; not counted in Spending Summary. Merchant/payee not confidently extracted. Could not confidently classify accounting treatment.
14979,2025-08-15 10:12:58,3056.69,USD,INCOME,INCOME,3:50 AM ET was more than the $1,,,Chase,3039,AUTO_PARSED,true,0.86,Accounting treatment: INCOME. Merchant extracted by generic at. Retained in activity; not counted in Spending Summary.
14049,2025-08-15 04:14:06,5.00,USD,UNKNOWN,UNKNOWN,,,,"Multiple: Capital One, Chase",5944,NEEDS_REVIEW,true,0.55,Accounting treatment: UNKNOWN. Retained in activity; not counted in Spending Summary. Merchant/payee not confidently extracted. Could not confidently classify accounting treatment.
14050,2025-08-14 04:09:33,5.00,USD,UNKNOWN,UNKNOWN,,,,"Multiple: Capital One, Chase",5944,NEEDS_REVIEW,true,0.55,Accounting treatment: UNKNOWN. Retained in activity; not counted in Spending Summary. Merchant/payee not confidently extracted. Could not confidently classify accounting treatment.
14051,2025-08-14 04:08:51,100.00,USD,UNKNOWN,UNKNOWN,,,,"Multiple: Capital One, Chase",5944,NEEDS_REVIEW,true,0.55,Accounting treatment: UNKNOWN. Retained in activity; not counted in Spending Summary. Merchant/payee not confidently extracted. Could not confidently classify accounting treatment.
14052,2025-08-13 22:54:48,7.29,USD,UNKNOWN,UNKNOWN,,,,"Multiple: Capital One, Chase",5944,NEEDS_REVIEW,true,0.55,Accounting treatment: UNKNOWN. Retained in activity; not counted in Spending Summary. Merchant/payee not confidently extracted. Could not confidently classify accounting treatment.
14053,2025-08-13 04:08:07,5.00,USD,UNKNOWN,UNKNOWN,,,,"Multiple: Capital One, Chase",5944,NEEDS_REVIEW,true,0.55,Accounting treatment: UNKNOWN. Retained in activity; not counted in Spending Summary. Merchant/payee not confidently extracted. Could not confidently classify accounting treatment.
14054,2025-08-12 16:30:35,1289.29,USD,UNKNOWN,UNKNOWN,,,,"Multiple: Capital One, Chase",5944,NEEDS_REVIEW,true,0.55,Accounting treatment: UNKNOWN. Retained in activity; not counted in Spending Summary. Merchant/payee not confidently extracted. Could not confidently classify accounting treatment.
14980,2025-08-12 10:20:12,1289.29,USD,TRANSFER,TRANSFER,10:06 PM ET was more than the $1,,,Chase,3039,AUTO_PARSED,true,0.86,Accounting treatment: TRANSFER. Merchant extracted by generic at. Retained in activity; not counted in Spending Summary.
14981,2025-08-12 10:09:40,160.00,USD,TRANSFER,TRANSFER,4:31 AM ET was more than the $1,,,Chase,3039,AUTO_PARSED,true,0.86,Accounting treatment: TRANSFER. Merchant extracted by generic at. Retained in activity; not counted in Spending Summary.
14055,2025-08-12 04:09:35,5.00,USD,UNKNOWN,UNKNOWN,,,,"Multiple: Capital One, Chase",5944,NEEDS_REVIEW,true,0.55,Accounting treatment: UNKNOWN. Retained in activity; not counted in Spending Summary. Merchant/payee not confidently extracted. Could not confidently classify accounting treatment.
14056,2025-08-11 19:53:25,16.90,USD,UNKNOWN,UNKNOWN,,,,"Multiple: Capital One, Chase",5944,NEEDS_REVIEW,true,0.55,Accounting treatment: UNKNOWN. Retained in activity; not counted in Spending Summary. Merchant/payee not confidently extracted. Could not confidently classify accounting treatment.
14057,2025-08-11 18:30:48,41.89,USD,UNKNOWN,UNKNOWN,,,,"Multiple: Capital One, Chase",5944,NEEDS_REVIEW,true,0.55,Accounting treatment: UNKNOWN. Retained in activity; not counted in Spending Summary. Merchant/payee not confidently extracted. Could not confidently classify accounting treatment.
14058,2025-08-11 18:24:17,1289.29,USD,EXPENSE,EXPENSE,,,,"Multiple: Capital One, Chase",5944,NEEDS_REVIEW,false,0.55,Accounting treatment: EXPENSE. Merchant/payee not confidently extracted.
14982,2025-08-11 17:29:18,330.00,USD,PERSON_TO_PERSON,PERSON_TO_PERSON,,,,Chase,3039,NEEDS_REVIEW,true,0.55,Accounting treatment: PERSON_TO_PERSON. Zelle detected; user review recommended. Retained in activity; not counted in Spending Summary. Merchant/payee not confidently extracted.
14983,2025-08-11 10:14:03,908.95,USD,TRANSFER,TRANSFER,1:37 AM ET was more than the $1,,,Chase,3039,AUTO_PARSED,true,0.86,Accounting treatment: TRANSFER. Merchant extracted by generic at. Retained in activity; not counted in Spending Summary.
14059,2025-08-11 04:09:29,5.00,USD,UNKNOWN,UNKNOWN,,,,"Multiple: Capital One, Chase",5944,NEEDS_REVIEW,true,0.55,Accounting treatment: UNKNOWN. Retained in activity; not counted in Spending Summary. Merchant/payee not confidently extracted. Could not confidently classify accounting treatment.
14060,2025-08-10 20:33:07,30.26,USD,UNKNOWN,UNKNOWN,,,,"Multiple: Capital One, Chase",5944,NEEDS_REVIEW,true,0.55,Accounting treatment: UNKNOWN. Retained in activity; not counted in Spending Summary. Merchant/payee not confidently extracted. Could not confidently classify accounting treatment.
14061,2025-08-10 18:37:43,908.95,USD,UNKNOWN,UNKNOWN,,,,"Multiple: Capital One, Chase",5944,NEEDS_REVIEW,true,0.55,Accounting treatment: UNKNOWN. Retained in activity; not counted in Spending Summary. Merchant/payee not confidently extracted. Could not confidently classify accounting treatment.
14062,2025-08-10 04:09:14,5.00,USD,UNKNOWN,UNKNOWN,,,,"Multiple: Capital One, Chase",5944,NEEDS_REVIEW,true,0.55,Accounting treatment: UNKNOWN. Retained in activity; not counted in Spending Summary. Merchant/payee not confidently extracted. Could not confidently classify accounting treatment.
14063,2025-08-09 22:46:30,31.03,USD,UNKNOWN,UNKNOWN,,,,"Multiple: Capital One, Chase",5944,NEEDS_REVIEW,true,0.55,Accounting treatment: UNKNOWN. Retained in activity; not counted in Spending Summary. Merchant/payee not confidently extracted. Could not confidently classify accounting treatment.
14064,2025-08-09 04:09:49,5.00,USD,UNKNOWN,UNKNOWN,,,,"Multiple: Capital One, Chase",5944,NEEDS_REVIEW,true,0.55,Accounting treatment: UNKNOWN. Retained in activity; not counted in Spending Summary. Merchant/payee not confidently extracted. Could not confidently classify accounting treatment.
14065,2025-08-08 21:27:07,2.00,USD,UNKNOWN,UNKNOWN,,,,"Multiple: Capital One, Chase",5944,NEEDS_REVIEW,true,0.55,Accounting treatment: UNKNOWN. Retained in activity; not counted in Spending Summary. Merchant/payee not confidently extracted. Could not confidently classify accounting treatment.
14066,2025-08-08 14:53:43,21.28,USD,UNKNOWN,UNKNOWN,,,,"Multiple: Capital One, Chase",5944,NEEDS_REVIEW,true,0.55,Accounting treatment: UNKNOWN. Retained in activity; not counted in Spending Summary. Merchant/payee not confidently extracted. Could not confidently classify accounting treatment.
14067,2025-08-08 14:23:01,20.00,USD,UNKNOWN,UNKNOWN,,,,"Multiple: Capital One, Chase",5944,NEEDS_REVIEW,true,0.55,Accounting treatment: UNKNOWN. Retained in activity; not counted in Spending Summary. Merchant/payee not confidently extracted. Could not confidently classify accounting treatment.
14984,2025-08-08 10:35:56,300.00,USD,EXPENSE,EXPENSE,10:30 PM ET was more than the $1,,,Chase,3039,AUTO_PARSED,false,0.86,Accounting treatment: EXPENSE. Merchant extracted by generic at.
14068,2025-08-08 04:12:35,5.00,USD,UNKNOWN,UNKNOWN,,,,"Multiple: Capital One, Chase",5944,NEEDS_REVIEW,true,0.55,Accounting treatment: UNKNOWN. Retained in activity; not counted in Spending Summary. Merchant/payee not confidently extracted. Could not confidently classify accounting treatment.
14069,2025-08-07 18:45:31,26.40,USD,UNKNOWN,UNKNOWN,,,,"Multiple: Capital One, Chase",5944,NEEDS_REVIEW,true,0.55,Accounting treatment: UNKNOWN. Retained in activity; not counted in Spending Summary. Merchant/payee not confidently extracted. Could not confidently classify accounting treatment.
14985,2025-08-07 16:23:36,300.00,USD,PERSON_TO_PERSON,PERSON_TO_PERSON,Safia wajeed,,,Chase,3039,NEEDS_REVIEW,true,0.55,Accounting treatment: PERSON_TO_PERSON. Merchant extracted by source template outlier. Zelle detected; user review recommended. Retained in activity; not counted in Spending Summary.
14070,2025-08-07 16:19:48,1190.74,USD,UNKNOWN,UNKNOWN,,,,"Multiple: Capital One, Chase",5944,NEEDS_REVIEW,true,0.55,Accounting treatment: UNKNOWN. Retained in activity; not counted in Spending Summary. Merchant/payee not confidently extracted. Could not confidently classify accounting treatment.
14071,2025-08-07 16:19:46,1190.74,USD,EXPENSE,EXPENSE,your Venture Credit Card,,,"Multiple: Capital One, Chase",5944,AUTO_PARSED,false,0.86,Accounting treatment: EXPENSE. Merchant extracted by action merchant.
14072,2025-08-07 12:21:30,26.38,USD,UNKNOWN,UNKNOWN,,,,"Multiple: Capital One, Chase",5944,NEEDS_REVIEW,true,0.55,Accounting treatment: UNKNOWN. Retained in activity; not counted in Spending Summary. Merchant/payee not confidently extracted. Could not confidently classify accounting treatment.
14073,2025-08-07 04:11:01,5.00,USD,UNKNOWN,UNKNOWN,,,,"Multiple: Capital One, Chase",5944,NEEDS_REVIEW,true,0.55,Accounting treatment: UNKNOWN. Retained in activity; not counted in Spending Summary. Merchant/payee not confidently extracted. Could not confidently classify accounting treatment.
14986,2025-08-06 20:19:05,62.99,USD,PERSON_TO_PERSON,PERSON_TO_PERSON,,,,Chase,3039,NEEDS_REVIEW,true,0.55,Accounting treatment: PERSON_TO_PERSON. Zelle detected; user review recommended. Retained in activity; not counted in Spending Summary. Merchant/payee not confidently extracted.
14987,2025-08-06 20:07:37,125.98,USD,EXPENSE,EXPENSE,COSTCO WHSE #0684 on Aug 6,Groceries,General,Chase,3039,AUTO_PARSED,false,0.90,Accounting treatment: EXPENSE. Merchant extracted by action merchant. Suggested category: Groceries/General.
14074,2025-08-06 04:09:55,5.00,USD,UNKNOWN,UNKNOWN,,,,"Multiple: Capital One, Chase",5944,NEEDS_REVIEW,true,0.55,Accounting treatment: UNKNOWN. Retained in activity; not counted in Spending Summary. Merchant/payee not confidently extracted. Could not confidently classify accounting treatment.
14075,2025-08-05 18:49:47,2519.61,USD,UNKNOWN,UNKNOWN,,,,"Multiple: Capital One, Chase",5944,NEEDS_REVIEW,true,0.55,Accounting treatment: UNKNOWN. Retained in activity; not counted in Spending Summary. Merchant/payee not confidently extracted. Could not confidently classify accounting treatment.
14076,2025-08-05 18:32:09,8.53,USD,UNKNOWN,UNKNOWN,,,,"Multiple: Capital One, Chase",5944,NEEDS_REVIEW,true,0.55,Accounting treatment: UNKNOWN. Retained in activity; not counted in Spending Summary. Merchant/payee not confidently extracted. Could not confidently classify accounting treatment.
14077,2025-08-05 18:12:23,7.49,USD,UNKNOWN,UNKNOWN,,,,"Multiple: Capital One, Chase",5944,NEEDS_REVIEW,true,0.55,Accounting treatment: UNKNOWN. Retained in activity; not counted in Spending Summary. Merchant/payee not confidently extracted. Could not confidently classify accounting treatment.
14988,2025-08-05 10:30:39,25.00,USD,TRANSFER,TRANSFER,4:33 AM ET was more than the $1,,,Chase,3039,AUTO_PARSED,true,0.86,Accounting treatment: TRANSFER. Merchant extracted by generic at. Retained in activity; not counted in Spending Summary.
14989,2025-08-05 10:21:55,2519.61,USD,TRANSFER,TRANSFER,10:15 PM ET was more than the $1,,,Chase,3039,AUTO_PARSED,true,0.86,Accounting treatment: TRANSFER. Merchant extracted by generic at. Retained in activity; not counted in Spending Summary.
14990,2025-08-05 10:09:03,160.00,USD,TRANSFER,TRANSFER,4:33 AM ET was more than the $1,,,Chase,3039,AUTO_PARSED,true,0.86,Accounting treatment: TRANSFER. Merchant extracted by generic at. Retained in activity; not counted in Spending Summary.
14078,2025-08-05 04:40:53,104.49,USD,UNKNOWN,UNKNOWN,,,,"Multiple: Capital One, Chase",5944,NEEDS_REVIEW,true,0.55,Accounting treatment: UNKNOWN. Retained in activity; not counted in Spending Summary. Merchant/payee not confidently extracted. Could not confidently classify accounting treatment.
14079,2025-08-05 04:09:56,5.00,USD,UNKNOWN,UNKNOWN,,,,"Multiple: Capital One, Chase",5944,NEEDS_REVIEW,true,0.55,Accounting treatment: UNKNOWN. Retained in activity; not counted in Spending Summary. Merchant/payee not confidently extracted. Could not confidently classify accounting treatment.
14080,2025-08-04 10:55:00,2519.61,USD,EXPENSE,EXPENSE,,,,"Multiple: Capital One, Chase",5944,NEEDS_REVIEW,false,0.55,Accounting treatment: EXPENSE. Merchant/payee not confidently extracted.
14991,2025-08-04 10:25:28,5.06,USD,TRANSFER,TRANSFER,5:18 AM ET was more than the $1,,,Chase,3039,AUTO_PARSED,true,0.86,Accounting treatment: TRANSFER. Merchant extracted by generic at. Retained in activity; not counted in Spending Summary.
14081,2025-08-04 04:09:55,5.00,USD,UNKNOWN,UNKNOWN,,,,"Multiple: Capital One, Chase",5944,NEEDS_REVIEW,true,0.55,Accounting treatment: UNKNOWN. Retained in activity; not counted in Spending Summary. Merchant/payee not confidently extracted. Could not confidently classify accounting treatment.
14082,2025-08-03 12:16:59,31.63,USD,UNKNOWN,UNKNOWN,,,,"Multiple: Capital One, Chase",5944,NEEDS_REVIEW,true,0.55,Accounting treatment: UNKNOWN. Retained in activity; not counted in Spending Summary. Merchant/payee not confidently extracted. Could not confidently classify accounting treatment.
14083,2025-08-03 12:09:20,7.96,USD,UNKNOWN,UNKNOWN,,,,"Multiple: Capital One, Chase",5944,NEEDS_REVIEW,true,0.55,Accounting treatment: UNKNOWN. Retained in activity; not counted in Spending Summary. Merchant/payee not confidently extracted. Could not confidently classify accounting treatment.
14084,2025-08-03 11:59:34,22.05,USD,UNKNOWN,UNKNOWN,,,,"Multiple: Capital One, Chase",5944,NEEDS_REVIEW,true,0.55,Accounting treatment: UNKNOWN. Retained in activity; not counted in Spending Summary. Merchant/payee not confidently extracted. Could not confidently classify accounting treatment.
14085,2025-08-03 09:59:16,50.25,USD,UNKNOWN,UNKNOWN,,,,"Multiple: Capital One, Chase",5944,NEEDS_REVIEW,true,0.55,Accounting treatment: UNKNOWN. Retained in activity; not counted in Spending Summary. Merchant/payee not confidently extracted. Could not confidently classify accounting treatment.
14086,2025-08-03 04:10:06,5.00,USD,UNKNOWN,UNKNOWN,,,,"Multiple: Capital One, Chase",5944,NEEDS_REVIEW,true,0.55,Accounting treatment: UNKNOWN. Retained in activity; not counted in Spending Summary. Merchant/payee not confidently extracted. Could not confidently classify accounting treatment.
14087,2025-08-02 20:58:30,25.85,USD,UNKNOWN,UNKNOWN,,,,"Multiple: Capital One, Chase",5944,NEEDS_REVIEW,true,0.55,Accounting treatment: UNKNOWN. Retained in activity; not counted in Spending Summary. Merchant/payee not confidently extracted. Could not confidently classify accounting treatment.
14088,2025-08-02 19:54:11,41.13,USD,UNKNOWN,UNKNOWN,,,,"Multiple: Capital One, Chase",5944,NEEDS_REVIEW,true,0.55,Accounting treatment: UNKNOWN. Retained in activity; not counted in Spending Summary. Merchant/payee not confidently extracted. Could not confidently classify accounting treatment.
14089,2025-08-02 17:22:18,65.00,USD,UNKNOWN,UNKNOWN,,,,"Multiple: Capital One, Chase",5944,NEEDS_REVIEW,true,0.55,Accounting treatment: UNKNOWN. Retained in activity; not counted in Spending Summary. Merchant/payee not confidently extracted. Could not confidently classify accounting treatment.
14090,2025-08-02 16:17:01,500.00,USD,UNKNOWN,UNKNOWN,,,,"Multiple: Capital One, Chase",5944,NEEDS_REVIEW,true,0.55,Accounting treatment: UNKNOWN. Retained in activity; not counted in Spending Summary. Merchant/payee not confidently extracted. Could not confidently classify accounting treatment.
14992,2025-08-02 10:23:34,500.00,USD,TRANSFER,TRANSFER,4:52 AM ET was more than the $1,,,Chase,3039,AUTO_PARSED,true,0.86,Accounting treatment: TRANSFER. Merchant extracted by generic at. Retained in activity; not counted in Spending Summary.
14091,2025-08-02 04:12:04,5.00,USD,UNKNOWN,UNKNOWN,,,,"Multiple: Capital One, Chase",5944,NEEDS_REVIEW,true,0.55,Accounting treatment: UNKNOWN. Retained in activity; not counted in Spending Summary. Merchant/payee not confidently extracted. Could not confidently classify accounting treatment.
14092,2025-08-01 16:51:19,12.06,USD,UNKNOWN,UNKNOWN,,,,"Multiple: Capital One, Chase",5944,NEEDS_REVIEW,true,0.55,Accounting treatment: UNKNOWN. Retained in activity; not counted in Spending Summary. Merchant/payee not confidently extracted. Could not confidently classify accounting treatment.
14093,2025-08-01 14:25:55,20.00,USD,UNKNOWN,UNKNOWN,,,,"Multiple: Capital One, Chase",5944,NEEDS_REVIEW,true,0.55,Accounting treatment: UNKNOWN. Retained in activity; not counted in Spending Summary. Merchant/payee not confidently extracted. Could not confidently classify accounting treatment.
14993,2025-08-01 10:09:26,1463.91,USD,TRANSFER,TRANSFER,4:02 AM ET was more than the $1,,,Chase,3039,AUTO_PARSED,true,0.86,Accounting treatment: TRANSFER. Merchant extracted by generic at. Retained in activity; not counted in Spending Summary.
14094,2025-08-01 04:20:40,5.00,USD,UNKNOWN,UNKNOWN,,,,"Multiple: Capital One, Chase",5944,NEEDS_REVIEW,true,0.55,Accounting treatment: UNKNOWN. Retained in activity; not counted in Spending Summary. Merchant/payee not confidently extracted. Could not confidently classify accounting treatment.
14095,2025-07-31 12:42:25,8.98,USD,UNKNOWN,UNKNOWN,,,,"Multiple: Capital One, Chase",5944,NEEDS_REVIEW,true,0.55,Accounting treatment: UNKNOWN. Retained in activity; not counted in Spending Summary. Merchant/payee not confidently extracted. Could not confidently classify accounting treatment.
14994,2025-07-31 10:08:07,3056.69,USD,INCOME,INCOME,3:49 AM ET was more than the $1,,,Chase,3039,AUTO_PARSED,true,0.86,Accounting treatment: INCOME. Merchant extracted by generic at. Retained in activity; not counted in Spending Summary.
14096,2025-07-31 04:07:01,5.00,USD,UNKNOWN,UNKNOWN,,,,"Multiple: Capital One, Chase",5944,NEEDS_REVIEW,true,0.55,Accounting treatment: UNKNOWN. Retained in activity; not counted in Spending Summary. Merchant/payee not confidently extracted. Could not confidently classify accounting treatment.
14995,2025-07-30 22:10:03,170.72,USD,PERSON_TO_PERSON,PERSON_TO_PERSON,,,,Chase,3039,NEEDS_REVIEW,true,0.55,Accounting treatment: PERSON_TO_PERSON. Zelle detected; user review recommended. Retained in activity; not counted in Spending Summary. Merchant/payee not confidently extracted.
14097,2025-07-30 22:09:03,170.72,USD,UNKNOWN,UNKNOWN,,,,"Multiple: Capital One, Chase",5944,NEEDS_REVIEW,true,0.55,Accounting treatment: UNKNOWN. Retained in activity; not counted in Spending Summary. Merchant/payee not confidently extracted. Could not confidently classify accounting treatment.
14098,2025-07-30 20:36:18,19.75,USD,UNKNOWN,UNKNOWN,,,,"Multiple: Capital One, Chase",5944,NEEDS_REVIEW,true,0.55,Accounting treatment: UNKNOWN. Retained in activity; not counted in Spending Summary. Merchant/payee not confidently extracted. Could not confidently classify accounting treatment.
14996,2025-07-30 15:56:55,110.00,USD,PERSON_TO_PERSON,PERSON_TO_PERSON,,,,Chase,3039,NEEDS_REVIEW,true,0.55,Accounting treatment: PERSON_TO_PERSON. Zelle detected; user review recommended. Retained in activity; not counted in Spending Summary. Merchant/payee not confidently extracted.
14099,2025-07-30 04:07:22,5.00,USD,UNKNOWN,UNKNOWN,,,,"Multiple: Capital One, Chase",5944,NEEDS_REVIEW,true,0.55,Accounting treatment: UNKNOWN. Retained in activity; not counted in Spending Summary. Merchant/payee not confidently extracted. Could not confidently classify accounting treatment.
14100,2025-07-29 19:05:25,41.46,USD,UNKNOWN,UNKNOWN,,,,"Multiple: Capital One, Chase",5944,NEEDS_REVIEW,true,0.55,Accounting treatment: UNKNOWN. Retained in activity; not counted in Spending Summary. Merchant/payee not confidently extracted. Could not confidently classify accounting treatment.
14997,2025-07-29 10:27:05,165.00,USD,TRANSFER,TRANSFER,4:35 AM ET was more than the $1,,,Chase,3039,AUTO_PARSED,true,0.86,Accounting treatment: TRANSFER. Merchant extracted by generic at. Retained in activity; not counted in Spending Summary.
14101,2025-07-29 04:07:50,5.00,USD,UNKNOWN,UNKNOWN,,,,"Multiple: Capital One, Chase",5944,NEEDS_REVIEW,true,0.55,Accounting treatment: UNKNOWN. Retained in activity; not counted in Spending Summary. Merchant/payee not confidently extracted. Could not confidently classify accounting treatment.
14102,2025-07-28 04:10:34,5.00,USD,UNKNOWN,UNKNOWN,,,,"Multiple: Capital One, Chase",5944,NEEDS_REVIEW,true,0.55,Accounting treatment: UNKNOWN. Retained in activity; not counted in Spending Summary. Merchant/payee not confidently extracted. Could not confidently classify accounting treatment.
14998,2025-07-27 23:11:03,200.00,USD,PERSON_TO_PERSON,PERSON_TO_PERSON,,,,Chase,3039,NEEDS_REVIEW,true,0.55,Accounting treatment: PERSON_TO_PERSON. Zelle detected; user review recommended. Retained in activity; not counted in Spending Summary. Merchant/payee not confidently extracted.
14103,2025-07-27 23:09:04,200.26,USD,UNKNOWN,UNKNOWN,,,,"Multiple: Capital One, Chase",5944,NEEDS_REVIEW,true,0.55,Accounting treatment: UNKNOWN. Retained in activity; not counted in Spending Summary. Merchant/payee not confidently extracted. Could not confidently classify accounting treatment.
14104,2025-07-27 21:57:50,9.69,USD,UNKNOWN,UNKNOWN,,,,"Multiple: Capital One, Chase",5944,NEEDS_REVIEW,true,0.55,Accounting treatment: UNKNOWN. Retained in activity; not counted in Spending Summary. Merchant/payee not confidently extracted. Could not confidently classify accounting treatment.
14105,2025-07-27 19:41:53,35.42,USD,UNKNOWN,UNKNOWN,,,,"Multiple: Capital One, Chase",5944,NEEDS_REVIEW,true,0.55,Accounting treatment: UNKNOWN. Retained in activity; not counted in Spending Summary. Merchant/payee not confidently extracted. Could not confidently classify accounting treatment.
14106,2025-07-27 17:44:53,10.00,USD,EXPENSE,EXPENSE,NTTA AUTOCHARGE,,,"Multiple: Capital One, Chase",5944,AUTO_PARSED,false,0.86,Accounting treatment: EXPENSE. Merchant extracted by generic at.
14107,2025-07-27 17:13:05,82.77,USD,UNKNOWN,UNKNOWN,,,,"Multiple: Capital One, Chase",5944,NEEDS_REVIEW,true,0.55,Accounting treatment: UNKNOWN. Retained in activity; not counted in Spending Summary. Merchant/payee not confidently extracted. Could not confidently classify accounting treatment.
14108,2025-07-27 04:09:52,5.00,USD,UNKNOWN,UNKNOWN,,,,"Multiple: Capital One, Chase",5944,NEEDS_REVIEW,true,0.55,Accounting treatment: UNKNOWN. Retained in activity; not counted in Spending Summary. Merchant/payee not confidently extracted. Could not confidently classify accounting treatment.
14109,2025-07-26 14:45:22,1455.54,USD,EXPENSE,EXPENSE,,,,"Multiple: Capital One, Chase",5944,NEEDS_REVIEW,false,0.55,Accounting treatment: EXPENSE. Merchant/payee not confidently extracted.
14110,2025-07-26 14:39:29,1455.54,USD,UNKNOWN,UNKNOWN,,,,"Multiple: Capital One, Chase",5944,NEEDS_REVIEW,true,0.55,Accounting treatment: UNKNOWN. Retained in activity; not counted in Spending Summary. Merchant/payee not confidently extracted. Could not confidently classify accounting treatment.
14111,2025-07-26 09:35:11,13.45,USD,UNKNOWN,UNKNOWN,,,,"Multiple: Capital One, Chase",5944,NEEDS_REVIEW,true,0.55,Accounting treatment: UNKNOWN. Retained in activity; not counted in Spending Summary. Merchant/payee not confidently extracted. Could not confidently classify accounting treatment.
14112,2025-07-26 04:10:23,5.00,USD,UNKNOWN,UNKNOWN,,,,"Multiple: Capital One, Chase",5944,NEEDS_REVIEW,true,0.55,Accounting treatment: UNKNOWN. Retained in activity; not counted in Spending Summary. Merchant/payee not confidently extracted. Could not confidently classify accounting treatment.
14999,2025-07-25 22:44:18,299.04,USD,PERSON_TO_PERSON,PERSON_TO_PERSON,,,,Chase,3039,NEEDS_REVIEW,true,0.55,Accounting treatment: PERSON_TO_PERSON. Zelle detected; user review recommended. Retained in activity; not counted in Spending Summary. Merchant/payee not confidently extracted.
14113,2025-07-25 22:04:11,299.04,USD,UNKNOWN,UNKNOWN,,,,"Multiple: Capital One, Chase",5944,NEEDS_REVIEW,true,0.55,Accounting treatment: UNKNOWN. Retained in activity; not counted in Spending Summary. Merchant/payee not confidently extracted. Could not confidently classify accounting treatment.
14114,2025-07-25 21:53:23,25.94,USD,UNKNOWN,UNKNOWN,,,,"Multiple: Capital One, Chase",5944,NEEDS_REVIEW,true,0.55,Accounting treatment: UNKNOWN. Retained in activity; not counted in Spending Summary. Merchant/payee not confidently extracted. Could not confidently classify accounting treatment.
14115,2025-07-25 15:23:39,86.59,USD,UNKNOWN,UNKNOWN,,,,"Multiple: Capital One, Chase",5944,NEEDS_REVIEW,true,0.55,Accounting treatment: UNKNOWN. Retained in activity; not counted in Spending Summary. Merchant/payee not confidently extracted. Could not confidently classify accounting treatment.
14116,2025-07-25 14:29:59,20.00,USD,UNKNOWN,UNKNOWN,,,,"Multiple: Capital One, Chase",5944,NEEDS_REVIEW,true,0.55,Accounting treatment: UNKNOWN. Retained in activity; not counted in Spending Summary. Merchant/payee not confidently extracted. Could not confidently classify accounting treatment.
14117,2025-07-25 04:11:49,5.00,USD,UNKNOWN,UNKNOWN,,,,"Multiple: Capital One, Chase",5944,NEEDS_REVIEW,true,0.55,Accounting treatment: UNKNOWN. Retained in activity; not counted in Spending Summary. Merchant/payee not confidently extracted. Could not confidently classify accounting treatment.
15000,2025-07-24 17:57:38,6000.00,USD,PERSON_TO_PERSON,PERSON_TO_PERSON,,,,Chase,3039,NEEDS_REVIEW,true,0.55,Accounting treatment: PERSON_TO_PERSON. Zelle detected; user review recommended. Retained in activity; not counted in Spending Summary. Merchant/payee not confidently extracted.
14118,2025-07-24 07:45:39,30.09,USD,UNKNOWN,UNKNOWN,,,,"Multiple: Capital One, Chase",5944,NEEDS_REVIEW,true,0.55,Accounting treatment: UNKNOWN. Retained in activity; not counted in Spending Summary. Merchant/payee not confidently extracted. Could not confidently classify accounting treatment.
14119,2025-07-24 04:09:37,5.00,USD,UNKNOWN,UNKNOWN,,,,"Multiple: Capital One, Chase",5944,NEEDS_REVIEW,true,0.55,Accounting treatment: UNKNOWN. Retained in activity; not counted in Spending Summary. Merchant/payee not confidently extracted. Could not confidently classify accounting treatment.
14120,2025-07-23 04:08:29,5.00,USD,UNKNOWN,UNKNOWN,,,,"Multiple: Capital One, Chase",5944,NEEDS_REVIEW,true,0.55,Accounting treatment: UNKNOWN. Retained in activity; not counted in Spending Summary. Merchant/payee not confidently extracted. Could not confidently classify accounting treatment.
14121,2025-07-22 11:40:48,3.47,USD,UNKNOWN,UNKNOWN,,,,"Multiple: Capital One, Chase",5944,NEEDS_REVIEW,true,0.55,Accounting treatment: UNKNOWN. Retained in activity; not counted in Spending Summary. Merchant/payee not confidently extracted. Could not confidently classify accounting treatment.
15001,2025-07-22 10:16:11,165.00,USD,TRANSFER,TRANSFER,4:31 AM ET was more than the $1,,,Chase,3039,AUTO_PARSED,true,0.86,Accounting treatment: TRANSFER. Merchant extracted by generic at. Retained in activity; not counted in Spending Summary.
14122,2025-07-22 04:09:39,5.00,USD,UNKNOWN,UNKNOWN,,,,"Multiple: Capital One, Chase",5944,NEEDS_REVIEW,true,0.55,Accounting treatment: UNKNOWN. Retained in activity; not counted in Spending Summary. Merchant/payee not confidently extracted. Could not confidently classify accounting treatment.
14123,2025-07-21 04:09:50,5.00,USD,UNKNOWN,UNKNOWN,,,,"Multiple: Capital One, Chase",5944,NEEDS_REVIEW,true,0.55,Accounting treatment: UNKNOWN. Retained in activity; not counted in Spending Summary. Merchant/payee not confidently extracted. Could not confidently classify accounting treatment.
14124,2025-07-20 20:26:20,9.73,USD,UNKNOWN,UNKNOWN,,,,"Multiple: Capital One, Chase",5944,NEEDS_REVIEW,true,0.55,Accounting treatment: UNKNOWN. Retained in activity; not counted in Spending Summary. Merchant/payee not confidently extracted. Could not confidently classify accounting treatment.
14125,2025-07-20 18:50:58,37.31,USD,UNKNOWN,UNKNOWN,,,,"Multiple: Capital One, Chase",5944,NEEDS_REVIEW,true,0.55,Accounting treatment: UNKNOWN. Retained in activity; not counted in Spending Summary. Merchant/payee not confidently extracted. Could not confidently classify accounting treatment.
14126,2025-07-20 13:35:10,25.00,USD,UNKNOWN,UNKNOWN,,,,"Multiple: Capital One, Chase",5944,NEEDS_REVIEW,true,0.55,Accounting treatment: UNKNOWN. Retained in activity; not counted in Spending Summary. Merchant/payee not confidently extracted. Could not confidently classify accounting treatment.
14127,2025-07-20 04:09:13,5.00,USD,UNKNOWN,UNKNOWN,,,,"Multiple: Capital One, Chase",5944,NEEDS_REVIEW,true,0.55,Accounting treatment: UNKNOWN. Retained in activity; not counted in Spending Summary. Merchant/payee not confidently extracted. Could not confidently classify accounting treatment.
14128,2025-07-19 20:41:26,50.11,USD,UNKNOWN,UNKNOWN,,,,"Multiple: Capital One, Chase",5944,NEEDS_REVIEW,true,0.55,Accounting treatment: UNKNOWN. Retained in activity; not counted in Spending Summary. Merchant/payee not confidently extracted. Could not confidently classify accounting treatment.
14129,2025-07-19 18:19:44,27.05,USD,UNKNOWN,UNKNOWN,,,,"Multiple: Capital One, Chase",5944,NEEDS_REVIEW,true,0.55,Accounting treatment: UNKNOWN. Retained in activity; not counted in Spending Summary. Merchant/payee not confidently extracted. Could not confidently classify accounting treatment.
14130,2025-07-19 14:48:47,24.23,USD,UNKNOWN,UNKNOWN,,,,"Multiple: Capital One, Chase",5944,NEEDS_REVIEW,true,0.55,Accounting treatment: UNKNOWN. Retained in activity; not counted in Spending Summary. Merchant/payee not confidently extracted. Could not confidently classify accounting treatment.
15002,2025-07-19 10:18:33,101.55,USD,EXPENSE,EXPENSE,COSTCO WHSE #0655 on Jul 19,Groceries,General,Chase,3039,AUTO_PARSED,false,0.90,Accounting treatment: EXPENSE. Merchant extracted by action merchant. Suggested category: Groceries/General.
14131,2025-07-19 08:58:27,30.59,USD,UNKNOWN,UNKNOWN,,,,"Multiple: Capital One, Chase",5944,NEEDS_REVIEW,true,0.55,Accounting treatment: UNKNOWN. Retained in activity; not counted in Spending Summary. Merchant/payee not confidently extracted. Could not confidently classify accounting treatment.
14132,2025-07-19 08:21:56,25.95,USD,UNKNOWN,UNKNOWN,,,,"Multiple: Capital One, Chase",5944,NEEDS_REVIEW,true,0.55,Accounting treatment: UNKNOWN. Retained in activity; not counted in Spending Summary. Merchant/payee not confidently extracted. Could not confidently classify accounting treatment.
14133,2025-07-19 07:51:50,7.98,USD,UNKNOWN,UNKNOWN,,,,"Multiple: Capital One, Chase",5944,NEEDS_REVIEW,true,0.55,Accounting treatment: UNKNOWN. Retained in activity; not counted in Spending Summary. Merchant/payee not confidently extracted. Could not confidently classify accounting treatment.
14134,2025-07-19 04:09:21,5.00,USD,UNKNOWN,UNKNOWN,,,,"Multiple: Capital One, Chase",5944,NEEDS_REVIEW,true,0.55,Accounting treatment: UNKNOWN. Retained in activity; not counted in Spending Summary. Merchant/payee not confidently extracted. Could not confidently classify accounting treatment.
14135,2025-07-18 15:35:54,16.86,USD,UNKNOWN,UNKNOWN,,,,"Multiple: Capital One, Chase",5944,NEEDS_REVIEW,true,0.55,Accounting treatment: UNKNOWN. Retained in activity; not counted in Spending Summary. Merchant/payee not confidently extracted. Could not confidently classify accounting treatment.
14136,2025-07-18 14:28:19,20.00,USD,UNKNOWN,UNKNOWN,,,,"Multiple: Capital One, Chase",5944,NEEDS_REVIEW,true,0.55,Accounting treatment: UNKNOWN. Retained in activity; not counted in Spending Summary. Merchant/payee not confidently extracted. Could not confidently classify accounting treatment.
14137,2025-07-18 04:11:51,5.00,USD,UNKNOWN,UNKNOWN,,,,"Multiple: Capital One, Chase",5944,NEEDS_REVIEW,true,0.55,Accounting treatment: UNKNOWN. Retained in activity; not counted in Spending Summary. Merchant/payee not confidently extracted. Could not confidently classify accounting treatment.
15003,2025-07-17 10:43:34,27.11,USD,TRANSFER,TRANSFER,3:48 AM ET was more than the $1,,,Chase,3039,AUTO_PARSED,true,0.86,Accounting treatment: TRANSFER. Merchant extracted by generic at. Retained in activity; not counted in Spending Summary.
14138,2025-07-17 04:09:31,5.00,USD,UNKNOWN,UNKNOWN,,,,"Multiple: Capital One, Chase",5944,NEEDS_REVIEW,true,0.55,Accounting treatment: UNKNOWN. Retained in activity; not counted in Spending Summary. Merchant/payee not confidently extracted. Could not confidently classify accounting treatment.
14139,2025-07-16 20:26:06,15.13,USD,UNKNOWN,UNKNOWN,,,,"Multiple: Capital One, Chase",5944,NEEDS_REVIEW,true,0.55,Accounting treatment: UNKNOWN. Retained in activity; not counted in Spending Summary. Merchant/payee not confidently extracted. Could not confidently classify accounting treatment.
15004,2025-07-16 10:09:15,18.00,USD,TRANSFER,TRANSFER,3:48 AM ET was more than the $1,,,Chase,3039,AUTO_PARSED,true,0.86,Accounting treatment: TRANSFER. Merchant extracted by generic at. Retained in activity; not counted in Spending Summary.
14140,2025-07-16 04:13:18,5.00,USD,UNKNOWN,UNKNOWN,,,,"Multiple: Capital One, Chase",5944,NEEDS_REVIEW,true,0.55,Accounting treatment: UNKNOWN. Retained in activity; not counted in Spending Summary. Merchant/payee not confidently extracted. Could not confidently classify accounting treatment.
14141,2025-07-15 17:26:15,15.81,USD,UNKNOWN,UNKNOWN,,,,"Multiple: Capital One, Chase",5944,NEEDS_REVIEW,true,0.55,Accounting treatment: UNKNOWN. Retained in activity; not counted in Spending Summary. Merchant/payee not confidently extracted. Could not confidently classify accounting treatment.
15005,2025-07-15 10:34:06,155.00,USD,TRANSFER,TRANSFER,4:32 AM ET was more than the $1,,,Chase,3039,AUTO_PARSED,true,0.86,Accounting treatment: TRANSFER. Merchant extracted by generic at. Retained in activity; not counted in Spending Summary.
15006,2025-07-15 10:12:11,3056.69,USD,INCOME,INCOME,4:32 AM ET was more than the $1,,,Chase,3039,AUTO_PARSED,true,0.86,Accounting treatment: INCOME. Merchant extracted by generic at. Retained in activity; not counted in Spending Summary.
14142,2025-07-15 04:11:44,5.00,USD,UNKNOWN,UNKNOWN,,,,"Multiple: Capital One, Chase",5944,NEEDS_REVIEW,true,0.55,Accounting treatment: UNKNOWN. Retained in activity; not counted in Spending Summary. Merchant/payee not confidently extracted. Could not confidently classify accounting treatment.
14143,2025-07-14 18:08:21,32.93,USD,UNKNOWN,UNKNOWN,,,,"Multiple: Capital One, Chase",5944,NEEDS_REVIEW,true,0.55,Accounting treatment: UNKNOWN. Retained in activity; not counted in Spending Summary. Merchant/payee not confidently extracted. Could not confidently classify accounting treatment.
14144,2025-07-14 04:09:31,5.00,USD,UNKNOWN,UNKNOWN,,,,"Multiple: Capital One, Chase",5944,NEEDS_REVIEW,true,0.55,Accounting treatment: UNKNOWN. Retained in activity; not counted in Spending Summary. Merchant/payee not confidently extracted. Could not confidently classify accounting treatment.
14145,2025-07-14 04:08:50,100.00,USD,UNKNOWN,UNKNOWN,,,,"Multiple: Capital One, Chase",5944,NEEDS_REVIEW,true,0.55,Accounting treatment: UNKNOWN. Retained in activity; not counted in Spending Summary. Merchant/payee not confidently extracted. Could not confidently classify accounting treatment.
14146,2025-07-13 19:48:24,8.45,USD,UNKNOWN,UNKNOWN,,,,"Multiple: Capital One, Chase",5944,NEEDS_REVIEW,true,0.55,Accounting treatment: UNKNOWN. Retained in activity; not counted in Spending Summary. Merchant/payee not confidently extracted. Could not confidently classify accounting treatment.
14147,2025-07-13 04:08:14,5.00,USD,UNKNOWN,UNKNOWN,,,,"Multiple: Capital One, Chase",5944,NEEDS_REVIEW,true,0.55,Accounting treatment: UNKNOWN. Retained in activity; not counted in Spending Summary. Merchant/payee not confidently extracted. Could not confidently classify accounting treatment.
14148,2025-07-12 14:21:00,10.00,USD,EXPENSE,EXPENSE,NTTA AUTOCHARGE,,,"Multiple: Capital One, Chase",5944,AUTO_PARSED,false,0.86,Accounting treatment: EXPENSE. Merchant extracted by generic at.
14149,2025-07-12 12:33:20,25.95,USD,UNKNOWN,UNKNOWN,,,,"Multiple: Capital One, Chase",5944,NEEDS_REVIEW,true,0.55,Accounting treatment: UNKNOWN. Retained in activity; not counted in Spending Summary. Merchant/payee not confidently extracted. Could not confidently classify accounting treatment.
14150,2025-07-12 09:47:42,59.90,USD,UNKNOWN,UNKNOWN,,,,"Multiple: Capital One, Chase",5944,NEEDS_REVIEW,true,0.55,Accounting treatment: UNKNOWN. Retained in activity; not counted in Spending Summary. Merchant/payee not confidently extracted. Could not confidently classify accounting treatment.
14151,2025-07-12 09:26:56,38.93,USD,UNKNOWN,UNKNOWN,,,,"Multiple: Capital One, Chase",5944,NEEDS_REVIEW,true,0.55,Accounting treatment: UNKNOWN. Retained in activity; not counted in Spending Summary. Merchant/payee not confidently extracted. Could not confidently classify accounting treatment.
14152,2025-07-12 04:09:42,5.00,USD,UNKNOWN,UNKNOWN,,,,"Multiple: Capital One, Chase",5944,NEEDS_REVIEW,true,0.55,Accounting treatment: UNKNOWN. Retained in activity; not counted in Spending Summary. Merchant/payee not confidently extracted. Could not confidently classify accounting treatment.
14153,2025-07-12 03:43:20,5.20,USD,UNKNOWN,UNKNOWN,,,,"Multiple: Capital One, Chase",5944,NEEDS_REVIEW,true,0.55,Accounting treatment: UNKNOWN. Retained in activity; not counted in Spending Summary. Merchant/payee not confidently extracted. Could not confidently classify accounting treatment.
14154,2025-07-11 18:48:21,13.40,USD,UNKNOWN,UNKNOWN,,,,"Multiple: Capital One, Chase",5944,NEEDS_REVIEW,true,0.55,Accounting treatment: UNKNOWN. Retained in activity; not counted in Spending Summary. Merchant/payee not confidently extracted. Could not confidently classify accounting treatment.
14155,2025-07-11 15:32:59,20.00,USD,UNKNOWN,UNKNOWN,,,,"Multiple: Capital One, Chase",5944,NEEDS_REVIEW,true,0.55,Accounting treatment: UNKNOWN. Retained in activity; not counted in Spending Summary. Merchant/payee not confidently extracted. Could not confidently classify accounting treatment.
14156,2025-07-11 14:48:45,3.99,USD,UNKNOWN,UNKNOWN,,,,"Multiple: Capital One, Chase",5944,NEEDS_REVIEW,true,0.55,Accounting treatment: UNKNOWN. Retained in activity; not counted in Spending Summary. Merchant/payee not confidently extracted. Could not confidently classify accounting treatment.
14157,2025-07-11 08:27:32,95.65,USD,UNKNOWN,UNKNOWN,,,,"Multiple: Capital One, Chase",5944,NEEDS_REVIEW,true,0.55,Accounting treatment: UNKNOWN. Retained in activity; not counted in Spending Summary. Merchant/payee not confidently extracted. Could not confidently classify accounting treatment.
14158,2025-07-11 04:11:44,5.00,USD,UNKNOWN,UNKNOWN,,,,"Multiple: Capital One, Chase",5944,NEEDS_REVIEW,true,0.55,Accounting treatment: UNKNOWN. Retained in activity; not counted in Spending Summary. Merchant/payee not confidently extracted. Could not confidently classify accounting treatment.
14159,2025-07-10 20:12:31,38.93,USD,UNKNOWN,UNKNOWN,,,,"Multiple: Capital One, Chase",5944,NEEDS_REVIEW,true,0.55,Accounting treatment: UNKNOWN. Retained in activity; not counted in Spending Summary. Merchant/payee not confidently extracted. Could not confidently classify accounting treatment.
14160,2025-07-10 17:58:06,1528.99,USD,UNKNOWN,UNKNOWN,,,,"Multiple: Capital One, Chase",5944,NEEDS_REVIEW,true,0.55,Accounting treatment: UNKNOWN. Retained in activity; not counted in Spending Summary. Merchant/payee not confidently extracted. Could not confidently classify accounting treatment.
15007,2025-07-10 10:20:18,1528.99,USD,TRANSFER,TRANSFER,10:14 PM ET was more than the $1,,,Chase,3039,AUTO_PARSED,true,0.86,Accounting treatment: TRANSFER. Merchant extracted by generic at. Retained in activity; not counted in Spending Summary.
14161,2025-07-10 04:09:37,5.00,USD,UNKNOWN,UNKNOWN,,,,"Multiple: Capital One, Chase",5944,NEEDS_REVIEW,true,0.55,Accounting treatment: UNKNOWN. Retained in activity; not counted in Spending Summary. Merchant/payee not confidently extracted. Could not confidently classify accounting treatment.
14162,2025-07-09 17:52:27,37.35,USD,UNKNOWN,UNKNOWN,,,,"Multiple: Capital One, Chase",5944,NEEDS_REVIEW,true,0.55,Accounting treatment: UNKNOWN. Retained in activity; not counted in Spending Summary. Merchant/payee not confidently extracted. Could not confidently classify accounting treatment.
14163,2025-07-09 16:57:31,25.89,USD,UNKNOWN,UNKNOWN,,,,"Multiple: Capital One, Chase",5944,NEEDS_REVIEW,true,0.55,Accounting treatment: UNKNOWN. Retained in activity; not counted in Spending Summary. Merchant/payee not confidently extracted. Could not confidently classify accounting treatment.
14164,2025-07-09 16:48:26,29.93,USD,UNKNOWN,UNKNOWN,,,,"Multiple: Capital One, Chase",5944,NEEDS_REVIEW,true,0.55,Accounting treatment: UNKNOWN. Retained in activity; not counted in Spending Summary. Merchant/payee not confidently extracted. Could not confidently classify accounting treatment.
14165,2025-07-09 16:41:38,9.97,USD,UNKNOWN,UNKNOWN,,,,"Multiple: Capital One, Chase",5944,NEEDS_REVIEW,true,0.55,Accounting treatment: UNKNOWN. Retained in activity; not counted in Spending Summary. Merchant/payee not confidently extracted. Could not confidently classify accounting treatment.
15008,2025-07-09 10:29:36,18.00,USD,TRANSFER,TRANSFER,3:46 AM ET was more than the $1,,,Chase,3039,AUTO_PARSED,true,0.86,Accounting treatment: TRANSFER. Merchant extracted by generic at. Retained in activity; not counted in Spending Summary.
14166,2025-07-09 10:23:51,195.00,USD,UNKNOWN,UNKNOWN,,,,"Multiple: Capital One, Chase",5944,NEEDS_REVIEW,true,0.55,Accounting treatment: UNKNOWN. Retained in activity; not counted in Spending Summary. Merchant/payee not confidently extracted. Could not confidently classify accounting treatment.
14167,2025-07-09 07:32:41,1528.99,USD,EXPENSE,EXPENSE,,,,"Multiple: Capital One, Chase",5944,NEEDS_REVIEW,false,0.55,Accounting treatment: EXPENSE. Merchant/payee not confidently extracted.
14168,2025-07-09 04:09:42,5.00,USD,UNKNOWN,UNKNOWN,,,,"Multiple: Capital One, Chase",5944,NEEDS_REVIEW,true,0.55,Accounting treatment: UNKNOWN. Retained in activity; not counted in Spending Summary. Merchant/payee not confidently extracted. Could not confidently classify accounting treatment.
14169,2025-07-09 00:15:33,258.48,USD,UNKNOWN,UNKNOWN,,,,"Multiple: Capital One, Chase",5944,NEEDS_REVIEW,true,0.55,Accounting treatment: UNKNOWN. Retained in activity; not counted in Spending Summary. Merchant/payee not confidently extracted. Could not confidently classify accounting treatment.
14170,2025-07-08 14:54:51,21.28,USD,UNKNOWN,UNKNOWN,,,,"Multiple: Capital One, Chase",5944,NEEDS_REVIEW,true,0.55,Accounting treatment: UNKNOWN. Retained in activity; not counted in Spending Summary. Merchant/payee not confidently extracted. Could not confidently classify accounting treatment.
15009,2025-07-08 10:32:54,155.00,USD,TRANSFER,TRANSFER,4:42 AM ET was more than the $1,,,Chase,3039,AUTO_PARSED,true,0.86,Accounting treatment: TRANSFER. Merchant extracted by generic at. Retained in activity; not counted in Spending Summary.
14171,2025-07-08 04:09:39,5.00,USD,UNKNOWN,UNKNOWN,,,,"Multiple: Capital One, Chase",5944,NEEDS_REVIEW,true,0.55,Accounting treatment: UNKNOWN. Retained in activity; not counted in Spending Summary. Merchant/payee not confidently extracted. Could not confidently classify accounting treatment.
14172,2025-07-07 04:10:36,5.00,USD,UNKNOWN,UNKNOWN,,,,"Multiple: Capital One, Chase",5944,NEEDS_REVIEW,true,0.55,Accounting treatment: UNKNOWN. Retained in activity; not counted in Spending Summary. Merchant/payee not confidently extracted. Could not confidently classify accounting treatment.
14173,2025-07-06 20:21:08,300.00,USD,UNKNOWN,UNKNOWN,,,,"Multiple: Capital One, Chase",5944,NEEDS_REVIEW,true,0.55,Accounting treatment: UNKNOWN. Retained in activity; not counted in Spending Summary. Merchant/payee not confidently extracted. Could not confidently classify accounting treatment.
14174,2025-07-06 18:48:01,40.78,USD,UNKNOWN,UNKNOWN,,,,"Multiple: Capital One, Chase",5944,NEEDS_REVIEW,true,0.55,Accounting treatment: UNKNOWN. Retained in activity; not counted in Spending Summary. Merchant/payee not confidently extracted. Could not confidently classify accounting treatment.
14175,2025-07-06 18:14:55,25.55,USD,UNKNOWN,UNKNOWN,,,,"Multiple: Capital One, Chase",5944,NEEDS_REVIEW,true,0.55,Accounting treatment: UNKNOWN. Retained in activity; not counted in Spending Summary. Merchant/payee not confidently extracted. Could not confidently classify accounting treatment.
14176,2025-07-06 04:09:41,5.00,USD,UNKNOWN,UNKNOWN,,,,"Multiple: Capital One, Chase",5944,NEEDS_REVIEW,true,0.55,Accounting treatment: UNKNOWN. Retained in activity; not counted in Spending Summary. Merchant/payee not confidently extracted. Could not confidently classify accounting treatment.
14177,2025-07-05 17:41:20,26.60,USD,UNKNOWN,UNKNOWN,,,,"Multiple: Capital One, Chase",5944,NEEDS_REVIEW,true,0.55,Accounting treatment: UNKNOWN. Retained in activity; not counted in Spending Summary. Merchant/payee not confidently extracted. Could not confidently classify accounting treatment.
14178,2025-07-05 04:09:57,5.00,USD,UNKNOWN,UNKNOWN,,,,"Multiple: Capital One, Chase",5944,NEEDS_REVIEW,true,0.55,Accounting treatment: UNKNOWN. Retained in activity; not counted in Spending Summary. Merchant/payee not confidently extracted. Could not confidently classify accounting treatment.
14179,2025-07-05 04:09:56,5.00,USD,UNKNOWN,UNKNOWN,,,,"Multiple: Capital One, Chase",5944,NEEDS_REVIEW,true,0.55,Accounting treatment: UNKNOWN. Retained in activity; not counted in Spending Summary. Merchant/payee not confidently extracted. Could not confidently classify accounting treatment.
14180,2025-07-04 20:29:42,18.39,USD,UNKNOWN,UNKNOWN,,,,"Multiple: Capital One, Chase",5944,NEEDS_REVIEW,true,0.55,Accounting treatment: UNKNOWN. Retained in activity; not counted in Spending Summary. Merchant/payee not confidently extracted. Could not confidently classify accounting treatment.
14181,2025-07-04 05:25:54,104.49,USD,UNKNOWN,UNKNOWN,,,,"Multiple: Capital One, Chase",5944,NEEDS_REVIEW,true,0.55,Accounting treatment: UNKNOWN. Retained in activity; not counted in Spending Summary. Merchant/payee not confidently extracted. Could not confidently classify accounting treatment.
14182,2025-07-04 04:12:31,5.00,USD,UNKNOWN,UNKNOWN,,,,"Multiple: Capital One, Chase",5944,NEEDS_REVIEW,true,0.55,Accounting treatment: UNKNOWN. Retained in activity; not counted in Spending Summary. Merchant/payee not confidently extracted. Could not confidently classify accounting treatment.
14183,2025-07-04 04:12:27,5.00,USD,UNKNOWN,UNKNOWN,,,,"Multiple: Capital One, Chase",5944,NEEDS_REVIEW,true,0.55,Accounting treatment: UNKNOWN. Retained in activity; not counted in Spending Summary. Merchant/payee not confidently extracted. Could not confidently classify accounting treatment.
14184,2025-07-03 21:09:12,20.00,USD,UNKNOWN,UNKNOWN,,,,"Multiple: Capital One, Chase",5944,NEEDS_REVIEW,true,0.55,Accounting treatment: UNKNOWN. Retained in activity; not counted in Spending Summary. Merchant/payee not confidently extracted. Could not confidently classify accounting treatment.
14185,2025-07-03 20:20:32,28.14,USD,UNKNOWN,UNKNOWN,,,,"Multiple: Capital One, Chase",5944,NEEDS_REVIEW,true,0.55,Accounting treatment: UNKNOWN. Retained in activity; not counted in Spending Summary. Merchant/payee not confidently extracted. Could not confidently classify accounting treatment.
15010,2025-07-03 10:24:54,25.00,USD,TRANSFER,TRANSFER,3:49 AM ET was more than the $1,,,Chase,3039,AUTO_PARSED,true,0.86,Accounting treatment: TRANSFER. Merchant extracted by generic at. Retained in activity; not counted in Spending Summary.
14186,2025-07-03 09:40:04,50.25,USD,UNKNOWN,UNKNOWN,,,,"Multiple: Capital One, Chase",5944,NEEDS_REVIEW,true,0.55,Accounting treatment: UNKNOWN. Retained in activity; not counted in Spending Summary. Merchant/payee not confidently extracted. Could not confidently classify accounting treatment.
14187,2025-07-03 04:10:22,5.00,USD,UNKNOWN,UNKNOWN,,,,"Multiple: Capital One, Chase",5944,NEEDS_REVIEW,true,0.55,Accounting treatment: UNKNOWN. Retained in activity; not counted in Spending Summary. Merchant/payee not confidently extracted. Could not confidently classify accounting treatment.
14188,2025-07-03 04:10:21,5.00,USD,UNKNOWN,UNKNOWN,,,,"Multiple: Capital One, Chase",5944,NEEDS_REVIEW,true,0.55,Accounting treatment: UNKNOWN. Retained in activity; not counted in Spending Summary. Merchant/payee not confidently extracted. Could not confidently classify accounting treatment.
15011,2025-07-02 10:23:48,500.00,USD,TRANSFER,TRANSFER,3:52 AM ET was more than the $1,,,Chase,3039,AUTO_PARSED,true,0.86,Accounting treatment: TRANSFER. Merchant extracted by generic at. Retained in activity; not counted in Spending Summary.
15012,2025-07-02 10:22:03,18.00,USD,TRANSFER,TRANSFER,3:52 AM ET was more than the $1,,,Chase,3039,AUTO_PARSED,true,0.86,Accounting treatment: TRANSFER. Merchant extracted by generic at. Retained in activity; not counted in Spending Summary.
14189,2025-07-02 04:11:45,5.00,USD,UNKNOWN,UNKNOWN,,,,"Multiple: Capital One, Chase",5944,NEEDS_REVIEW,true,0.55,Accounting treatment: UNKNOWN. Retained in activity; not counted in Spending Summary. Merchant/payee not confidently extracted. Could not confidently classify accounting treatment.
14190,2025-07-02 04:11:43,5.00,USD,UNKNOWN,UNKNOWN,,,,"Multiple: Capital One, Chase",5944,NEEDS_REVIEW,true,0.55,Accounting treatment: UNKNOWN. Retained in activity; not counted in Spending Summary. Merchant/payee not confidently extracted. Could not confidently classify accounting treatment.
14191,2025-07-01 17:36:08,19.41,USD,UNKNOWN,UNKNOWN,,,,"Multiple: Capital One, Chase",5944,NEEDS_REVIEW,true,0.55,Accounting treatment: UNKNOWN. Retained in activity; not counted in Spending Summary. Merchant/payee not confidently extracted. Could not confidently classify accounting treatment.
15013,2025-07-01 10:25:41,155.00,USD,TRANSFER,TRANSFER,4:37 AM ET was more than the $1,,,Chase,3039,AUTO_PARSED,true,0.86,Accounting treatment: TRANSFER. Merchant extracted by generic at. Retained in activity; not counted in Spending Summary.
14192,2025-07-01 04:17:40,5.00,USD,UNKNOWN,UNKNOWN,,,,"Multiple: Capital One, Chase",5944,NEEDS_REVIEW,true,0.55,Accounting treatment: UNKNOWN. Retained in activity; not counted in Spending Summary. Merchant/payee not confidently extracted. Could not confidently classify accounting treatment.
14193,2025-07-01 04:17:38,5.00,USD,UNKNOWN,UNKNOWN,,,,"Multiple: Capital One, Chase",5944,NEEDS_REVIEW,true,0.55,Accounting treatment: UNKNOWN. Retained in activity; not counted in Spending Summary. Merchant/payee not confidently extracted. Could not confidently classify accounting treatment.
14194,2025-06-30 04:07:18,5.00,USD,UNKNOWN,UNKNOWN,,,,"Multiple: Capital One, Chase",5944,NEEDS_REVIEW,true,0.55,Accounting treatment: UNKNOWN. Retained in activity; not counted in Spending Summary. Merchant/payee not confidently extracted. Could not confidently classify accounting treatment.
14195,2025-06-30 04:07:15,5.00,USD,UNKNOWN,UNKNOWN,,,,"Multiple: Capital One, Chase",5944,NEEDS_REVIEW,true,0.55,Accounting treatment: UNKNOWN. Retained in activity; not counted in Spending Summary. Merchant/payee not confidently extracted. Could not confidently classify accounting treatment.
14196,2025-06-29 19:17:07,20.76,USD,UNKNOWN,UNKNOWN,,,,"Multiple: Capital One, Chase",5944,NEEDS_REVIEW,true,0.55,Accounting treatment: UNKNOWN. Retained in activity; not counted in Spending Summary. Merchant/payee not confidently extracted. Could not confidently classify accounting treatment.
14197,2025-06-29 18:18:16,7.48,USD,UNKNOWN,UNKNOWN,,,,"Multiple: Capital One, Chase",5944,NEEDS_REVIEW,true,0.55,Accounting treatment: UNKNOWN. Retained in activity; not counted in Spending Summary. Merchant/payee not confidently extracted. Could not confidently classify accounting treatment.
14198,2025-06-29 18:11:56,6.48,USD,UNKNOWN,UNKNOWN,,,,"Multiple: Capital One, Chase",5944,NEEDS_REVIEW,true,0.55,Accounting treatment: UNKNOWN. Retained in activity; not counted in Spending Summary. Merchant/payee not confidently extracted. Could not confidently classify accounting treatment.
14199,2025-06-29 12:22:08,3.98,USD,UNKNOWN,UNKNOWN,,,,"Multiple: Capital One, Chase",5944,NEEDS_REVIEW,true,0.55,Accounting treatment: UNKNOWN. Retained in activity; not counted in Spending Summary. Merchant/payee not confidently extracted. Could not confidently classify accounting treatment.
14200,2025-06-29 12:11:33,12.48,USD,UNKNOWN,UNKNOWN,,,,"Multiple: Capital One, Chase",5944,NEEDS_REVIEW,true,0.55,Accounting treatment: UNKNOWN. Retained in activity; not counted in Spending Summary. Merchant/payee not confidently extracted. Could not confidently classify accounting treatment.
14201,2025-06-29 04:08:13,5.00,USD,UNKNOWN,UNKNOWN,,,,"Multiple: Capital One, Chase",5944,NEEDS_REVIEW,true,0.55,Accounting treatment: UNKNOWN. Retained in activity; not counted in Spending Summary. Merchant/payee not confidently extracted. Could not confidently classify accounting treatment.
14202,2025-06-29 04:08:11,5.00,USD,UNKNOWN,UNKNOWN,,,,"Multiple: Capital One, Chase",5944,NEEDS_REVIEW,true,0.55,Accounting treatment: UNKNOWN. Retained in activity; not counted in Spending Summary. Merchant/payee not confidently extracted. Could not confidently classify accounting treatment.
15014,2025-06-28 21:29:54,34.14,USD,PERSON_TO_PERSON,PERSON_TO_PERSON,Vikharuddin,,,Chase,3039,NEEDS_REVIEW,true,0.55,Accounting treatment: PERSON_TO_PERSON. Merchant extracted by source template outlier. Zelle detected; user review recommended. Retained in activity; not counted in Spending Summary.
14203,2025-06-28 18:47:45,21.64,USD,UNKNOWN,UNKNOWN,,,,"Multiple: Capital One, Chase",5944,NEEDS_REVIEW,true,0.55,Accounting treatment: UNKNOWN. Retained in activity; not counted in Spending Summary. Merchant/payee not confidently extracted. Could not confidently classify accounting treatment.
14204,2025-06-28 14:27:16,1.00,USD,UNKNOWN,UNKNOWN,,,,"Multiple: Capital One, Chase",5944,NEEDS_REVIEW,true,0.55,Accounting treatment: UNKNOWN. Retained in activity; not counted in Spending Summary. Merchant/payee not confidently extracted. Could not confidently classify accounting treatment.
14205,2025-06-28 13:45:18,34.14,USD,UNKNOWN,UNKNOWN,,,,"Multiple: Capital One, Chase",5944,NEEDS_REVIEW,true,0.55,Accounting treatment: UNKNOWN. Retained in activity; not counted in Spending Summary. Merchant/payee not confidently extracted. Could not confidently classify accounting treatment.
14206,2025-06-28 11:26:57,12.78,USD,UNKNOWN,UNKNOWN,,,,"Multiple: Capital One, Chase",5944,NEEDS_REVIEW,true,0.55,Accounting treatment: UNKNOWN. Retained in activity; not counted in Spending Summary. Merchant/payee not confidently extracted. Could not confidently classify accounting treatment.
15015,2025-06-28 10:21:16,3056.69,USD,INCOME,INCOME,4:49 AM ET was more than the $1,,,Chase,3039,AUTO_PARSED,true,0.86,Accounting treatment: INCOME. Merchant extracted by generic at. Retained in activity; not counted in Spending Summary.
14207,2025-06-28 04:10:55,5.00,USD,UNKNOWN,UNKNOWN,,,,"Multiple: Capital One, Chase",5944,NEEDS_REVIEW,true,0.55,Accounting treatment: UNKNOWN. Retained in activity; not counted in Spending Summary. Merchant/payee not confidently extracted. Could not confidently classify accounting treatment.
14208,2025-06-28 04:10:38,5.00,USD,UNKNOWN,UNKNOWN,,,,"Multiple: Capital One, Chase",5944,NEEDS_REVIEW,true,0.55,Accounting treatment: UNKNOWN. Retained in activity; not counted in Spending Summary. Merchant/payee not confidently extracted. Could not confidently classify accounting treatment.
14209,2025-06-27 22:02:10,25.95,USD,UNKNOWN,UNKNOWN,,,,"Multiple: Capital One, Chase",5944,NEEDS_REVIEW,true,0.55,Accounting treatment: UNKNOWN. Retained in activity; not counted in Spending Summary. Merchant/payee not confidently extracted. Could not confidently classify accounting treatment.
14210,2025-06-27 15:44:44,20.00,USD,UNKNOWN,UNKNOWN,,,,"Multiple: Capital One, Chase",5944,NEEDS_REVIEW,true,0.55,Accounting treatment: UNKNOWN. Retained in activity; not counted in Spending Summary. Merchant/payee not confidently extracted. Could not confidently classify accounting treatment.
14211,2025-06-27 04:12:48,5.00,USD,UNKNOWN,UNKNOWN,,,,"Multiple: Capital One, Chase",5944,NEEDS_REVIEW,true,0.55,Accounting treatment: UNKNOWN. Retained in activity; not counted in Spending Summary. Merchant/payee not confidently extracted. Could not confidently classify accounting treatment.
14212,2025-06-27 04:12:46,5.00,USD,UNKNOWN,UNKNOWN,,,,"Multiple: Capital One, Chase",5944,NEEDS_REVIEW,true,0.55,Accounting treatment: UNKNOWN. Retained in activity; not counted in Spending Summary. Merchant/payee not confidently extracted. Could not confidently classify accounting treatment.
14213,2025-06-26 12:31:36,568.69,USD,UNKNOWN,UNKNOWN,,,,"Multiple: Capital One, Chase",5944,NEEDS_REVIEW,true,0.55,Accounting treatment: UNKNOWN. Retained in activity; not counted in Spending Summary. Merchant/payee not confidently extracted. Could not confidently classify accounting treatment.
14214,2025-06-26 04:10:29,5.00,USD,UNKNOWN,UNKNOWN,,,,"Multiple: Capital One, Chase",5944,NEEDS_REVIEW,true,0.55,Accounting treatment: UNKNOWN. Retained in activity; not counted in Spending Summary. Merchant/payee not confidently extracted. Could not confidently classify accounting treatment.
14215,2025-06-26 04:10:25,5.00,USD,UNKNOWN,UNKNOWN,,,,"Multiple: Capital One, Chase",5944,NEEDS_REVIEW,true,0.55,Accounting treatment: UNKNOWN. Retained in activity; not counted in Spending Summary. Merchant/payee not confidently extracted. Could not confidently classify accounting treatment.
15016,2025-06-25 10:28:25,18.00,USD,TRANSFER,TRANSFER,3:48 AM ET was more than the $1,,,Chase,3039,AUTO_PARSED,true,0.86,Accounting treatment: TRANSFER. Merchant extracted by generic at. Retained in activity; not counted in Spending Summary.
14216,2025-06-25 04:09:32,5.00,USD,UNKNOWN,UNKNOWN,,,,"Multiple: Capital One, Chase",5944,NEEDS_REVIEW,true,0.55,Accounting treatment: UNKNOWN. Retained in activity; not counted in Spending Summary. Merchant/payee not confidently extracted. Could not confidently classify accounting treatment.
14217,2025-06-25 04:09:30,5.00,USD,UNKNOWN,UNKNOWN,,,,"Multiple: Capital One, Chase",5944,NEEDS_REVIEW,true,0.55,Accounting treatment: UNKNOWN. Retained in activity; not counted in Spending Summary. Merchant/payee not confidently extracted. Could not confidently classify accounting treatment.
14218,2025-06-24 14:43:34,35.00,USD,UNKNOWN,UNKNOWN,,,,"Multiple: Capital One, Chase",5944,NEEDS_REVIEW,true,0.55,Accounting treatment: UNKNOWN. Retained in activity; not counted in Spending Summary. Merchant/payee not confidently extracted. Could not confidently classify accounting treatment.
15017,2025-06-24 10:38:04,155.00,USD,TRANSFER,TRANSFER,4:32 AM ET was more than the $1,,,Chase,3039,AUTO_PARSED,true,0.86,Accounting treatment: TRANSFER. Merchant extracted by generic at. Retained in activity; not counted in Spending Summary.
14219,2025-06-24 04:09:49,5.00,USD,UNKNOWN,UNKNOWN,,,,"Multiple: Capital One, Chase",5944,NEEDS_REVIEW,true,0.55,Accounting treatment: UNKNOWN. Retained in activity; not counted in Spending Summary. Merchant/payee not confidently extracted. Could not confidently classify accounting treatment.
14220,2025-06-24 04:09:44,5.00,USD,UNKNOWN,UNKNOWN,,,,"Multiple: Capital One, Chase",5944,NEEDS_REVIEW,true,0.55,Accounting treatment: UNKNOWN. Retained in activity; not counted in Spending Summary. Merchant/payee not confidently extracted. Could not confidently classify accounting treatment.
14221,2025-06-23 12:29:00,10.00,USD,UNKNOWN,UNKNOWN,,,,"Multiple: Capital One, Chase",5944,NEEDS_REVIEW,true,0.55,Accounting treatment: UNKNOWN. Retained in activity; not counted in Spending Summary. Merchant/payee not confidently extracted. Could not confidently classify accounting treatment.
14222,2025-06-23 04:08:41,5.00,USD,UNKNOWN,UNKNOWN,,,,"Multiple: Capital One, Chase",5944,NEEDS_REVIEW,true,0.55,Accounting treatment: UNKNOWN. Retained in activity; not counted in Spending Summary. Merchant/payee not confidently extracted. Could not confidently classify accounting treatment.
14223,2025-06-23 04:08:38,5.00,USD,UNKNOWN,UNKNOWN,,,,"Multiple: Capital One, Chase",5944,NEEDS_REVIEW,true,0.55,Accounting treatment: UNKNOWN. Retained in activity; not counted in Spending Summary. Merchant/payee not confidently extracted. Could not confidently classify accounting treatment.
14224,2025-06-22 18:26:23,36.56,USD,UNKNOWN,UNKNOWN,,,,"Multiple: Capital One, Chase",5944,NEEDS_REVIEW,true,0.55,Accounting treatment: UNKNOWN. Retained in activity; not counted in Spending Summary. Merchant/payee not confidently extracted. Could not confidently classify accounting treatment.
14225,2025-06-22 14:48:51,36.79,USD,UNKNOWN,UNKNOWN,,,,"Multiple: Capital One, Chase",5944,NEEDS_REVIEW,true,0.55,Accounting treatment: UNKNOWN. Retained in activity; not counted in Spending Summary. Merchant/payee not confidently extracted. Could not confidently classify accounting treatment.
14226,2025-06-22 04:09:59,5.00,USD,UNKNOWN,UNKNOWN,,,,"Multiple: Capital One, Chase",5944,NEEDS_REVIEW,true,0.55,Accounting treatment: UNKNOWN. Retained in activity; not counted in Spending Summary. Merchant/payee not confidently extracted. Could not confidently classify accounting treatment.
14227,2025-06-22 04:09:50,5.00,USD,UNKNOWN,UNKNOWN,,,,"Multiple: Capital One, Chase",5944,NEEDS_REVIEW,true,0.55,Accounting treatment: UNKNOWN. Retained in activity; not counted in Spending Summary. Merchant/payee not confidently extracted. Could not confidently classify accounting treatment.
14228,2025-06-22 01:04:43,64.93,USD,UNKNOWN,UNKNOWN,,,,"Multiple: Capital One, Chase",5944,NEEDS_REVIEW,true,0.55,Accounting treatment: UNKNOWN. Retained in activity; not counted in Spending Summary. Merchant/payee not confidently extracted. Could not confidently classify accounting treatment.
14229,2025-06-21 18:08:09,13.92,USD,UNKNOWN,UNKNOWN,,,,"Multiple: Capital One, Chase",5944,NEEDS_REVIEW,true,0.55,Accounting treatment: UNKNOWN. Retained in activity; not counted in Spending Summary. Merchant/payee not confidently extracted. Could not confidently classify accounting treatment.
14230,2025-06-21 12:06:07,64.94,USD,UNKNOWN,UNKNOWN,,,,"Multiple: Capital One, Chase",5944,NEEDS_REVIEW,true,0.55,Accounting treatment: UNKNOWN. Retained in activity; not counted in Spending Summary. Merchant/payee not confidently extracted. Could not confidently classify accounting treatment.
14231,2025-06-21 04:10:19,5.00,USD,UNKNOWN,UNKNOWN,,,,"Multiple: Capital One, Chase",5944,NEEDS_REVIEW,true,0.55,Accounting treatment: UNKNOWN. Retained in activity; not counted in Spending Summary. Merchant/payee not confidently extracted. Could not confidently classify accounting treatment.
14232,2025-06-21 04:10:11,5.00,USD,UNKNOWN,UNKNOWN,,,,"Multiple: Capital One, Chase",5944,NEEDS_REVIEW,true,0.55,Accounting treatment: UNKNOWN. Retained in activity; not counted in Spending Summary. Merchant/payee not confidently extracted. Could not confidently classify accounting treatment.
14233,2025-06-20 20:03:38,32.24,USD,UNKNOWN,UNKNOWN,,,,"Multiple: Capital One, Chase",5944,NEEDS_REVIEW,true,0.55,Accounting treatment: UNKNOWN. Retained in activity; not counted in Spending Summary. Merchant/payee not confidently extracted. Could not confidently classify accounting treatment.
14234,2025-06-20 19:03:43,23.57,USD,UNKNOWN,UNKNOWN,,,,"Multiple: Capital One, Chase",5944,NEEDS_REVIEW,true,0.55,Accounting treatment: UNKNOWN. Retained in activity; not counted in Spending Summary. Merchant/payee not confidently extracted. Could not confidently classify accounting treatment.
14235,2025-06-20 18:24:04,7.56,USD,UNKNOWN,UNKNOWN,,,,"Multiple: Capital One, Chase",5944,NEEDS_REVIEW,true,0.55,Accounting treatment: UNKNOWN. Retained in activity; not counted in Spending Summary. Merchant/payee not confidently extracted. Could not confidently classify accounting treatment.
14236,2025-06-20 18:06:59,26.40,USD,UNKNOWN,UNKNOWN,,,,"Multiple: Capital One, Chase",5944,NEEDS_REVIEW,true,0.55,Accounting treatment: UNKNOWN. Retained in activity; not counted in Spending Summary. Merchant/payee not confidently extracted. Could not confidently classify accounting treatment.
14237,2025-06-20 14:58:40,34.08,USD,UNKNOWN,UNKNOWN,,,,"Multiple: Capital One, Chase",5944,NEEDS_REVIEW,true,0.55,Accounting treatment: UNKNOWN. Retained in activity; not counted in Spending Summary. Merchant/payee not confidently extracted. Could not confidently classify accounting treatment.
14238,2025-06-20 14:24:41,20.00,USD,UNKNOWN,UNKNOWN,,,,"Multiple: Capital One, Chase",5944,NEEDS_REVIEW,true,0.55,Accounting treatment: UNKNOWN. Retained in activity; not counted in Spending Summary. Merchant/payee not confidently extracted. Could not confidently classify accounting treatment.
14239,2025-06-20 04:12:05,5.00,USD,UNKNOWN,UNKNOWN,,,,"Multiple: Capital One, Chase",5944,NEEDS_REVIEW,true,0.55,Accounting treatment: UNKNOWN. Retained in activity; not counted in Spending Summary. Merchant/payee not confidently extracted. Could not confidently classify accounting treatment.
14240,2025-06-20 04:12:04,5.00,USD,UNKNOWN,UNKNOWN,,,,"Multiple: Capital One, Chase",5944,NEEDS_REVIEW,true,0.55,Accounting treatment: UNKNOWN. Retained in activity; not counted in Spending Summary. Merchant/payee not confidently extracted. Could not confidently classify accounting treatment.
14241,2025-06-19 04:09:19,5.00,USD,UNKNOWN,UNKNOWN,,,,"Multiple: Capital One, Chase",5944,NEEDS_REVIEW,true,0.55,Accounting treatment: UNKNOWN. Retained in activity; not counted in Spending Summary. Merchant/payee not confidently extracted. Could not confidently classify accounting treatment.
14242,2025-06-19 04:09:17,5.00,USD,UNKNOWN,UNKNOWN,,,,"Multiple: Capital One, Chase",5944,NEEDS_REVIEW,true,0.55,Accounting treatment: UNKNOWN. Retained in activity; not counted in Spending Summary. Merchant/payee not confidently extracted. Could not confidently classify accounting treatment.
14243,2025-06-18 20:19:36,16.16,USD,UNKNOWN,UNKNOWN,,,,"Multiple: Capital One, Chase",5944,NEEDS_REVIEW,true,0.55,Accounting treatment: UNKNOWN. Retained in activity; not counted in Spending Summary. Merchant/payee not confidently extracted. Could not confidently classify accounting treatment.
15018,2025-06-18 10:07:54,18.00,USD,TRANSFER,TRANSFER,3:52 AM ET was more than the $1,,,Chase,3039,AUTO_PARSED,true,0.86,Accounting treatment: TRANSFER. Merchant extracted by generic at. Retained in activity; not counted in Spending Summary.
14244,2025-06-18 04:09:48,5.00,USD,UNKNOWN,UNKNOWN,,,,"Multiple: Capital One, Chase",5944,NEEDS_REVIEW,true,0.55,Accounting treatment: UNKNOWN. Retained in activity; not counted in Spending Summary. Merchant/payee not confidently extracted. Could not confidently classify accounting treatment.
14245,2025-06-18 04:09:40,5.00,USD,UNKNOWN,UNKNOWN,,,,"Multiple: Capital One, Chase",5944,NEEDS_REVIEW,true,0.55,Accounting treatment: UNKNOWN. Retained in activity; not counted in Spending Summary. Merchant/payee not confidently extracted. Could not confidently classify accounting treatment.
15019,2025-06-17 10:19:07,155.00,USD,TRANSFER,TRANSFER,4:45 AM ET was more than the $1,,,Chase,3039,AUTO_PARSED,true,0.86,Accounting treatment: TRANSFER. Merchant extracted by generic at. Retained in activity; not counted in Spending Summary.
15020,2025-06-17 10:08:35,27.11,USD,TRANSFER,TRANSFER,4:45 AM ET was more than the $1,,,Chase,3039,AUTO_PARSED,true,0.86,Accounting treatment: TRANSFER. Merchant extracted by generic at. Retained in activity; not counted in Spending Summary.
14246,2025-06-17 04:09:28,5.00,USD,UNKNOWN,UNKNOWN,,,,"Multiple: Capital One, Chase",5944,NEEDS_REVIEW,true,0.55,Accounting treatment: UNKNOWN. Retained in activity; not counted in Spending Summary. Merchant/payee not confidently extracted. Could not confidently classify accounting treatment.
14247,2025-06-17 04:09:20,5.00,USD,UNKNOWN,UNKNOWN,,,,"Multiple: Capital One, Chase",5944,NEEDS_REVIEW,true,0.55,Accounting treatment: UNKNOWN. Retained in activity; not counted in Spending Summary. Merchant/payee not confidently extracted. Could not confidently classify accounting treatment.
14248,2025-06-16 04:13:04,5.00,USD,UNKNOWN,UNKNOWN,,,,"Multiple: Capital One, Chase",5944,NEEDS_REVIEW,true,0.55,Accounting treatment: UNKNOWN. Retained in activity; not counted in Spending Summary. Merchant/payee not confidently extracted. Could not confidently classify accounting treatment.
14249,2025-06-16 04:12:56,5.00,USD,UNKNOWN,UNKNOWN,,,,"Multiple: Capital One, Chase",5944,NEEDS_REVIEW,true,0.55,Accounting treatment: UNKNOWN. Retained in activity; not counted in Spending Summary. Merchant/payee not confidently extracted. Could not confidently classify accounting treatment.
15021,2025-06-15 15:10:08,22.00,USD,PERSON_TO_PERSON,PERSON_TO_PERSON,,,,Chase,3039,NEEDS_REVIEW,true,0.55,Accounting treatment: PERSON_TO_PERSON. Zelle detected; user review recommended. Retained in activity; not counted in Spending Summary. Merchant/payee not confidently extracted.
14250,2025-06-15 15:09:11,21.96,USD,UNKNOWN,UNKNOWN,,,,"Multiple: Capital One, Chase",5944,NEEDS_REVIEW,true,0.55,Accounting treatment: UNKNOWN. Retained in activity; not counted in Spending Summary. Merchant/payee not confidently extracted. Could not confidently classify accounting treatment.
14251,2025-06-15 13:49:46,29.95,USD,UNKNOWN,UNKNOWN,,,,"Multiple: Capital One, Chase",5944,NEEDS_REVIEW,true,0.55,Accounting treatment: UNKNOWN. Retained in activity; not counted in Spending Summary. Merchant/payee not confidently extracted. Could not confidently classify accounting treatment.
14252,2025-06-15 12:43:10,4.88,USD,UNKNOWN,UNKNOWN,,,,"Multiple: Capital One, Chase",5944,NEEDS_REVIEW,true,0.55,Accounting treatment: UNKNOWN. Retained in activity; not counted in Spending Summary. Merchant/payee not confidently extracted. Could not confidently classify accounting treatment.
14253,2025-06-15 12:25:10,16.99,USD,UNKNOWN,UNKNOWN,,,,"Multiple: Capital One, Chase",5944,NEEDS_REVIEW,true,0.55,Accounting treatment: UNKNOWN. Retained in activity; not counted in Spending Summary. Merchant/payee not confidently extracted. Could not confidently classify accounting treatment.
15022,2025-06-15 11:40:33,95.79,USD,EXPENSE,EXPENSE,COSTCO WHSE #0655 on Jun 15,Groceries,General,Chase,3039,AUTO_PARSED,false,0.90,Accounting treatment: EXPENSE. Merchant extracted by action merchant. Suggested category: Groceries/General.
14254,2025-06-15 04:11:50,5.00,USD,UNKNOWN,UNKNOWN,,,,"Multiple: Capital One, Chase",5944,NEEDS_REVIEW,true,0.55,Accounting treatment: UNKNOWN. Retained in activity; not counted in Spending Summary. Merchant/payee not confidently extracted. Could not confidently classify accounting treatment.
14255,2025-06-15 04:11:42,5.00,USD,UNKNOWN,UNKNOWN,,,,"Multiple: Capital One, Chase",5944,NEEDS_REVIEW,true,0.55,Accounting treatment: UNKNOWN. Retained in activity; not counted in Spending Summary. Merchant/payee not confidently extracted. Could not confidently classify accounting treatment.
14256,2025-06-14 22:33:36,7.03,USD,UNKNOWN,UNKNOWN,,,,"Multiple: Capital One, Chase",5944,NEEDS_REVIEW,true,0.55,Accounting treatment: UNKNOWN. Retained in activity; not counted in Spending Summary. Merchant/payee not confidently extracted. Could not confidently classify accounting treatment.
14257,2025-06-14 20:03:12,32.97,USD,UNKNOWN,UNKNOWN,,,,"Multiple: Capital One, Chase",5944,NEEDS_REVIEW,true,0.55,Accounting treatment: UNKNOWN. Retained in activity; not counted in Spending Summary. Merchant/payee not confidently extracted. Could not confidently classify accounting treatment.
14258,2025-06-14 19:43:12,73.58,USD,UNKNOWN,UNKNOWN,,,,"Multiple: Capital One, Chase",5944,NEEDS_REVIEW,true,0.55,Accounting treatment: UNKNOWN. Retained in activity; not counted in Spending Summary. Merchant/payee not confidently extracted. Could not confidently classify accounting treatment.
14259,2025-06-14 18:44:13,33.93,USD,UNKNOWN,UNKNOWN,,,,"Multiple: Capital One, Chase",5944,NEEDS_REVIEW,true,0.55,Accounting treatment: UNKNOWN. Retained in activity; not counted in Spending Summary. Merchant/payee not confidently extracted. Could not confidently classify accounting treatment.
14260,2025-06-14 15:19:12,2.00,USD,UNKNOWN,UNKNOWN,,,,"Multiple: Capital One, Chase",5944,NEEDS_REVIEW,true,0.55,Accounting treatment: UNKNOWN. Retained in activity; not counted in Spending Summary. Merchant/payee not confidently extracted. Could not confidently classify accounting treatment.
14261,2025-06-14 14:51:28,12.98,USD,UNKNOWN,UNKNOWN,,,,"Multiple: Capital One, Chase",5944,NEEDS_REVIEW,true,0.55,Accounting treatment: UNKNOWN. Retained in activity; not counted in Spending Summary. Merchant/payee not confidently extracted. Could not confidently classify accounting treatment.
14262,2025-06-14 12:22:46,18.37,USD,UNKNOWN,UNKNOWN,,,,"Multiple: Capital One, Chase",5944,NEEDS_REVIEW,true,0.55,Accounting treatment: UNKNOWN. Retained in activity; not counted in Spending Summary. Merchant/payee not confidently extracted. Could not confidently classify accounting treatment.
14263,2025-06-14 04:09:37,5.00,USD,UNKNOWN,UNKNOWN,,,,"Multiple: Capital One, Chase",5944,NEEDS_REVIEW,true,0.55,Accounting treatment: UNKNOWN. Retained in activity; not counted in Spending Summary. Merchant/payee not confidently extracted. Could not confidently classify accounting treatment.
14264,2025-06-14 04:09:21,5.00,USD,UNKNOWN,UNKNOWN,,,,"Multiple: Capital One, Chase",5944,NEEDS_REVIEW,true,0.55,Accounting treatment: UNKNOWN. Retained in activity; not counted in Spending Summary. Merchant/payee not confidently extracted. Could not confidently classify accounting treatment.
14265,2025-06-14 04:08:51,100.00,USD,UNKNOWN,UNKNOWN,,,,"Multiple: Capital One, Chase",5944,NEEDS_REVIEW,true,0.55,Accounting treatment: UNKNOWN. Retained in activity; not counted in Spending Summary. Merchant/payee not confidently extracted. Could not confidently classify accounting treatment.
14266,2025-06-13 16:56:24,13.80,USD,UNKNOWN,UNKNOWN,,,,"Multiple: Capital One, Chase",5944,NEEDS_REVIEW,true,0.55,Accounting treatment: UNKNOWN. Retained in activity; not counted in Spending Summary. Merchant/payee not confidently extracted. Could not confidently classify accounting treatment.
14267,2025-06-13 16:06:07,20.00,USD,UNKNOWN,UNKNOWN,,,,"Multiple: Capital One, Chase",5944,NEEDS_REVIEW,true,0.55,Accounting treatment: UNKNOWN. Retained in activity; not counted in Spending Summary. Merchant/payee not confidently extracted. Could not confidently classify accounting treatment.
15023,2025-06-13 10:23:50,3056.69,USD,INCOME,INCOME,5:35 AM ET was more than the $1,,,Chase,3039,AUTO_PARSED,true,0.86,Accounting treatment: INCOME. Merchant extracted by generic at. Retained in activity; not counted in Spending Summary.
14268,2025-06-13 08:37:59,9.87,USD,UNKNOWN,UNKNOWN,,,,"Multiple: Capital One, Chase",5944,NEEDS_REVIEW,true,0.55,Accounting treatment: UNKNOWN. Retained in activity; not counted in Spending Summary. Merchant/payee not confidently extracted. Could not confidently classify accounting treatment.
14269,2025-06-13 04:10:47,5.00,USD,UNKNOWN,UNKNOWN,,,,"Multiple: Capital One, Chase",5944,NEEDS_REVIEW,true,0.55,Accounting treatment: UNKNOWN. Retained in activity; not counted in Spending Summary. Merchant/payee not confidently extracted. Could not confidently classify accounting treatment.
14270,2025-06-13 04:10:38,5.00,USD,UNKNOWN,UNKNOWN,,,,"Multiple: Capital One, Chase",5944,NEEDS_REVIEW,true,0.55,Accounting treatment: UNKNOWN. Retained in activity; not counted in Spending Summary. Merchant/payee not confidently extracted. Could not confidently classify accounting treatment.
14271,2025-06-12 04:09:46,5.00,USD,UNKNOWN,UNKNOWN,,,,"Multiple: Capital One, Chase",5944,NEEDS_REVIEW,true,0.55,Accounting treatment: UNKNOWN. Retained in activity; not counted in Spending Summary. Merchant/payee not confidently extracted. Could not confidently classify accounting treatment.
14272,2025-06-12 04:09:39,5.00,USD,UNKNOWN,UNKNOWN,,,,"Multiple: Capital One, Chase",5944,NEEDS_REVIEW,true,0.55,Accounting treatment: UNKNOWN. Retained in activity; not counted in Spending Summary. Merchant/payee not confidently extracted. Could not confidently classify accounting treatment.
14273,2025-06-11 17:41:27,23.05,USD,UNKNOWN,UNKNOWN,,,,"Multiple: Capital One, Chase",5944,NEEDS_REVIEW,true,0.55,Accounting treatment: UNKNOWN. Retained in activity; not counted in Spending Summary. Merchant/payee not confidently extracted. Could not confidently classify accounting treatment.
15024,2025-06-11 10:28:38,18.00,USD,TRANSFER,TRANSFER,3:52 AM ET was more than the $1,,,Chase,3039,AUTO_PARSED,true,0.86,Accounting treatment: TRANSFER. Merchant extracted by generic at. Retained in activity; not counted in Spending Summary.
14274,2025-06-11 08:11:53,54.11,USD,UNKNOWN,UNKNOWN,,,,"Multiple: Capital One, Chase",5944,NEEDS_REVIEW,true,0.55,Accounting treatment: UNKNOWN. Retained in activity; not counted in Spending Summary. Merchant/payee not confidently extracted. Could not confidently classify accounting treatment.
14275,2025-06-11 04:09:30,5.00,USD,UNKNOWN,UNKNOWN,,,,"Multiple: Capital One, Chase",5944,NEEDS_REVIEW,true,0.55,Accounting treatment: UNKNOWN. Retained in activity; not counted in Spending Summary. Merchant/payee not confidently extracted. Could not confidently classify accounting treatment.
14276,2025-06-11 04:09:23,5.00,USD,UNKNOWN,UNKNOWN,,,,"Multiple: Capital One, Chase",5944,NEEDS_REVIEW,true,0.55,Accounting treatment: UNKNOWN. Retained in activity; not counted in Spending Summary. Merchant/payee not confidently extracted. Could not confidently classify accounting treatment.
14277,2025-06-10 20:40:53,941.06,USD,UNKNOWN,UNKNOWN,,,,"Multiple: Capital One, Chase",5944,NEEDS_REVIEW,true,0.55,Accounting treatment: UNKNOWN. Retained in activity; not counted in Spending Summary. Merchant/payee not confidently extracted. Could not confidently classify accounting treatment.
14278,2025-06-10 15:45:21,1839.14,USD,UNKNOWN,UNKNOWN,,,,"Multiple: Capital One, Chase",5944,NEEDS_REVIEW,true,0.55,Accounting treatment: UNKNOWN. Retained in activity; not counted in Spending Summary. Merchant/payee not confidently extracted. Could not confidently classify accounting treatment.
15025,2025-06-10 10:29:43,155.00,USD,TRANSFER,TRANSFER,4:45 AM ET was more than the $1,,,Chase,3039,AUTO_PARSED,true,0.86,Accounting treatment: TRANSFER. Merchant extracted by generic at. Retained in activity; not counted in Spending Summary.
15026,2025-06-10 10:20:35,1839.14,USD,TRANSFER,TRANSFER,10:14 PM ET was more than the $1,,,Chase,3039,AUTO_PARSED,true,0.86,Accounting treatment: TRANSFER. Merchant extracted by generic at. Retained in activity; not counted in Spending Summary.
14279,2025-06-10 04:09:37,5.00,USD,UNKNOWN,UNKNOWN,,,,"Multiple: Capital One, Chase",5944,NEEDS_REVIEW,true,0.55,Accounting treatment: UNKNOWN. Retained in activity; not counted in Spending Summary. Merchant/payee not confidently extracted. Could not confidently classify accounting treatment.
14280,2025-06-10 04:09:33,5.00,USD,UNKNOWN,UNKNOWN,,,,"Multiple: Capital One, Chase",5944,NEEDS_REVIEW,true,0.55,Accounting treatment: UNKNOWN. Retained in activity; not counted in Spending Summary. Merchant/payee not confidently extracted. Could not confidently classify accounting treatment.
14281,2025-06-09 13:05:18,1839.14,USD,EXPENSE,EXPENSE,Jun,,,"Multiple: Capital One, Chase",5944,AUTO_PARSED,false,0.88,Accounting treatment: EXPENSE. Merchant extracted by source template outlier.
15027,2025-06-09 13:04:22,941.06,USD,TRANSFER,TRANSFER,2:04 PM ET was more than the $1,,,Chase,3039,AUTO_PARSED,true,0.86,Accounting treatment: TRANSFER. Merchant extracted by generic at. Retained in activity; not counted in Spending Summary.
14282,2025-06-09 11:18:41,2.66,USD,UNKNOWN,UNKNOWN,,,,"Multiple: Capital One, Chase",5944,NEEDS_REVIEW,true,0.55,Accounting treatment: UNKNOWN. Retained in activity; not counted in Spending Summary. Merchant/payee not confidently extracted. Could not confidently classify accounting treatment.
14283,2025-06-09 04:10:03,5.00,USD,UNKNOWN,UNKNOWN,,,,"Multiple: Capital One, Chase",5944,NEEDS_REVIEW,true,0.55,Accounting treatment: UNKNOWN. Retained in activity; not counted in Spending Summary. Merchant/payee not confidently extracted. Could not confidently classify accounting treatment.
14284,2025-06-09 04:09:58,5.00,USD,UNKNOWN,UNKNOWN,,,,"Multiple: Capital One, Chase",5944,NEEDS_REVIEW,true,0.55,Accounting treatment: UNKNOWN. Retained in activity; not counted in Spending Summary. Merchant/payee not confidently extracted. Could not confidently classify accounting treatment.
14285,2025-06-08 23:53:01,32.48,USD,UNKNOWN,UNKNOWN,,,,"Multiple: Capital One, Chase",5944,NEEDS_REVIEW,true,0.55,Accounting treatment: UNKNOWN. Retained in activity; not counted in Spending Summary. Merchant/payee not confidently extracted. Could not confidently classify accounting treatment.
14286,2025-06-08 16:37:16,10.00,USD,EXPENSE,EXPENSE,NTTA AUTOCHARGE,,,"Multiple: Capital One, Chase",5944,AUTO_PARSED,false,0.86,Accounting treatment: EXPENSE. Merchant extracted by generic at.
14287,2025-06-08 15:02:28,33.63,USD,UNKNOWN,UNKNOWN,,,,"Multiple: Capital One, Chase",5944,NEEDS_REVIEW,true,0.55,Accounting treatment: UNKNOWN. Retained in activity; not counted in Spending Summary. Merchant/payee not confidently extracted. Could not confidently classify accounting treatment.
14288,2025-06-08 14:53:33,21.28,USD,UNKNOWN,UNKNOWN,,,,"Multiple: Capital One, Chase",5944,NEEDS_REVIEW,true,0.55,Accounting treatment: UNKNOWN. Retained in activity; not counted in Spending Summary. Merchant/payee not confidently extracted. Could not confidently classify accounting treatment.
14289,2025-06-08 13:41:31,32.46,USD,UNKNOWN,UNKNOWN,,,,"Multiple: Capital One, Chase",5944,NEEDS_REVIEW,true,0.55,Accounting treatment: UNKNOWN. Retained in activity; not counted in Spending Summary. Merchant/payee not confidently extracted. Could not confidently classify accounting treatment.
14290,2025-06-08 13:32:41,13.80,USD,UNKNOWN,UNKNOWN,,,,"Multiple: Capital One, Chase",5944,NEEDS_REVIEW,true,0.55,Accounting treatment: UNKNOWN. Retained in activity; not counted in Spending Summary. Merchant/payee not confidently extracted. Could not confidently classify accounting treatment.
14291,2025-06-08 04:10:19,5.00,USD,UNKNOWN,UNKNOWN,,,,"Multiple: Capital One, Chase",5944,NEEDS_REVIEW,true,0.55,Accounting treatment: UNKNOWN. Retained in activity; not counted in Spending Summary. Merchant/payee not confidently extracted. Could not confidently classify accounting treatment.
14292,2025-06-08 04:10:06,5.00,USD,UNKNOWN,UNKNOWN,,,,"Multiple: Capital One, Chase",5944,NEEDS_REVIEW,true,0.55,Accounting treatment: UNKNOWN. Retained in activity; not counted in Spending Summary. Merchant/payee not confidently extracted. Could not confidently classify accounting treatment.
14293,2025-06-07 22:54:34,297.57,USD,UNKNOWN,UNKNOWN,,,,"Multiple: Capital One, Chase",5944,NEEDS_REVIEW,true,0.55,Accounting treatment: UNKNOWN. Retained in activity; not counted in Spending Summary. Merchant/payee not confidently extracted. Could not confidently classify accounting treatment.
14294,2025-06-07 21:47:02,6.00,USD,UNKNOWN,UNKNOWN,,,,"Multiple: Capital One, Chase",5944,NEEDS_REVIEW,true,0.55,Accounting treatment: UNKNOWN. Retained in activity; not counted in Spending Summary. Merchant/payee not confidently extracted. Could not confidently classify accounting treatment.
14295,2025-06-07 12:15:41,24.53,USD,UNKNOWN,UNKNOWN,,,,"Multiple: Capital One, Chase",5944,NEEDS_REVIEW,true,0.55,Accounting treatment: UNKNOWN. Retained in activity; not counted in Spending Summary. Merchant/payee not confidently extracted. Could not confidently classify accounting treatment.
14296,2025-06-07 04:11:20,5.00,USD,UNKNOWN,UNKNOWN,,,,"Multiple: Capital One, Chase",5944,NEEDS_REVIEW,true,0.55,Accounting treatment: UNKNOWN. Retained in activity; not counted in Spending Summary. Merchant/payee not confidently extracted. Could not confidently classify accounting treatment.
14297,2025-06-07 04:11:03,5.00,USD,UNKNOWN,UNKNOWN,,,,"Multiple: Capital One, Chase",5944,NEEDS_REVIEW,true,0.55,Accounting treatment: UNKNOWN. Retained in activity; not counted in Spending Summary. Merchant/payee not confidently extracted. Could not confidently classify accounting treatment.
14298,2025-06-06 14:33:51,20.00,USD,UNKNOWN,UNKNOWN,,,,"Multiple: Capital One, Chase",5944,NEEDS_REVIEW,true,0.55,Accounting treatment: UNKNOWN. Retained in activity; not counted in Spending Summary. Merchant/payee not confidently extracted. Could not confidently classify accounting treatment.
14299,2025-06-06 14:33:27,5.00,USD,UNKNOWN,UNKNOWN,,,,"Multiple: Capital One, Chase",5944,NEEDS_REVIEW,true,0.55,Accounting treatment: UNKNOWN. Retained in activity; not counted in Spending Summary. Merchant/payee not confidently extracted. Could not confidently classify accounting treatment.
14300,2025-06-06 04:13:38,5.00,USD,UNKNOWN,UNKNOWN,,,,"Multiple: Capital One, Chase",5944,NEEDS_REVIEW,true,0.55,Accounting treatment: UNKNOWN. Retained in activity; not counted in Spending Summary. Merchant/payee not confidently extracted. Could not confidently classify accounting treatment.
14301,2025-06-05 20:11:08,100.00,USD,UNKNOWN,UNKNOWN,,,,"Multiple: Capital One, Chase",5944,NEEDS_REVIEW,true,0.55,Accounting treatment: UNKNOWN. Retained in activity; not counted in Spending Summary. Merchant/payee not confidently extracted. Could not confidently classify accounting treatment.
14302,2025-06-05 19:55:13,26.96,USD,UNKNOWN,UNKNOWN,,,,"Multiple: Capital One, Chase",5944,NEEDS_REVIEW,true,0.55,Accounting treatment: UNKNOWN. Retained in activity; not counted in Spending Summary. Merchant/payee not confidently extracted. Could not confidently classify accounting treatment.
14303,2025-06-05 16:51:56,15.16,USD,UNKNOWN,UNKNOWN,,,,"Multiple: Capital One, Chase",5944,NEEDS_REVIEW,true,0.55,Accounting treatment: UNKNOWN. Retained in activity; not counted in Spending Summary. Merchant/payee not confidently extracted. Could not confidently classify accounting treatment.
14304,2025-06-05 04:12:28,5.00,USD,UNKNOWN,UNKNOWN,,,,"Multiple: Capital One, Chase",5944,NEEDS_REVIEW,true,0.55,Accounting treatment: UNKNOWN. Retained in activity; not counted in Spending Summary. Merchant/payee not confidently extracted. Could not confidently classify accounting treatment.
14305,2025-06-05 00:05:54,10.00,USD,EXPENSE,EXPENSE,NTTA AUTOCHARGE,,,"Multiple: Capital One, Chase",5944,AUTO_PARSED,false,0.86,Accounting treatment: EXPENSE. Merchant extracted by generic at.
14306,2025-06-04 23:34:50,55.14,USD,UNKNOWN,UNKNOWN,,,,"Multiple: Capital One, Chase",5944,NEEDS_REVIEW,true,0.55,Accounting treatment: UNKNOWN. Retained in activity; not counted in Spending Summary. Merchant/payee not confidently extracted. Could not confidently classify accounting treatment.
14307,2025-06-04 20:12:29,16.32,USD,UNKNOWN,UNKNOWN,,,,"Multiple: Capital One, Chase",5944,NEEDS_REVIEW,true,0.55,Accounting treatment: UNKNOWN. Retained in activity; not counted in Spending Summary. Merchant/payee not confidently extracted. Could not confidently classify accounting treatment.
14308,2025-06-04 19:55:29,10.81,USD,UNKNOWN,UNKNOWN,,,,"Multiple: Capital One, Chase",5944,NEEDS_REVIEW,true,0.55,Accounting treatment: UNKNOWN. Retained in activity; not counted in Spending Summary. Merchant/payee not confidently extracted. Could not confidently classify accounting treatment.
14309,2025-06-04 17:48:23,32.46,USD,UNKNOWN,UNKNOWN,,,,"Multiple: Capital One, Chase",5944,NEEDS_REVIEW,true,0.55,Accounting treatment: UNKNOWN. Retained in activity; not counted in Spending Summary. Merchant/payee not confidently extracted. Could not confidently classify accounting treatment.
14310,2025-06-04 16:54:14,69.05,USD,UNKNOWN,UNKNOWN,,,,"Multiple: Capital One, Chase",5944,NEEDS_REVIEW,true,0.55,Accounting treatment: UNKNOWN. Retained in activity; not counted in Spending Summary. Merchant/payee not confidently extracted. Could not confidently classify accounting treatment.
15028,2025-06-04 10:18:32,18.00,USD,TRANSFER,TRANSFER,3:52 AM ET was more than the $1,,,Chase,3039,AUTO_PARSED,true,0.86,Accounting treatment: TRANSFER. Merchant extracted by generic at. Retained in activity; not counted in Spending Summary.
14311,2025-06-04 04:11:53,5.00,USD,UNKNOWN,UNKNOWN,,,,"Multiple: Capital One, Chase",5944,NEEDS_REVIEW,true,0.55,Accounting treatment: UNKNOWN. Retained in activity; not counted in Spending Summary. Merchant/payee not confidently extracted. Could not confidently classify accounting treatment.
14312,2025-06-04 04:01:17,104.49,USD,UNKNOWN,UNKNOWN,,,,"Multiple: Capital One, Chase",5944,NEEDS_REVIEW,true,0.55,Accounting treatment: UNKNOWN. Retained in activity; not counted in Spending Summary. Merchant/payee not confidently extracted. Could not confidently classify accounting treatment.
14313,2025-06-03 20:41:33,24.88,USD,UNKNOWN,UNKNOWN,,,,"Multiple: Capital One, Chase",5944,NEEDS_REVIEW,true,0.55,Accounting treatment: UNKNOWN. Retained in activity; not counted in Spending Summary. Merchant/payee not confidently extracted. Could not confidently classify accounting treatment.
14314,2025-06-03 15:53:48,7.68,USD,UNKNOWN,UNKNOWN,,,,"Multiple: Capital One, Chase",5944,NEEDS_REVIEW,true,0.55,Accounting treatment: UNKNOWN. Retained in activity; not counted in Spending Summary. Merchant/payee not confidently extracted. Could not confidently classify accounting treatment.
15029,2025-06-03 10:33:12,155.00,USD,TRANSFER,TRANSFER,4:45 AM ET was more than the $1,,,Chase,3039,AUTO_PARSED,true,0.86,Accounting treatment: TRANSFER. Merchant extracted by generic at. Retained in activity; not counted in Spending Summary.
15030,2025-06-03 10:31:23,1461.31,USD,TRANSFER,TRANSFER,4:45 AM ET was more than the $1,,,Chase,3039,AUTO_PARSED,true,0.86,Accounting treatment: TRANSFER. Merchant extracted by generic at. Retained in activity; not counted in Spending Summary.
15031,2025-06-03 10:22:22,80.00,USD,TRANSFER,TRANSFER,4:45 AM ET was more than the $1,,,Chase,3039,AUTO_PARSED,true,0.86,Accounting treatment: TRANSFER. Merchant extracted by generic at. Retained in activity; not counted in Spending Summary.
15032,2025-06-03 10:21:40,500.00,USD,TRANSFER,TRANSFER,4:45 AM ET was more than the $1,,,Chase,3039,AUTO_PARSED,true,0.86,Accounting treatment: TRANSFER. Merchant extracted by generic at. Retained in activity; not counted in Spending Summary.
15033,2025-06-03 10:20:54,1461.31,USD,TRANSFER,TRANSFER,4:45 AM ET was more than the $1,,,Chase,3039,AUTO_PARSED,true,0.86,Accounting treatment: TRANSFER. Merchant extracted by generic at. Retained in activity; not counted in Spending Summary.
14315,2025-06-03 09:49:53,50.25,USD,UNKNOWN,UNKNOWN,,,,"Multiple: Capital One, Chase",5944,NEEDS_REVIEW,true,0.55,Accounting treatment: UNKNOWN. Retained in activity; not counted in Spending Summary. Merchant/payee not confidently extracted. Could not confidently classify accounting treatment.
14316,2025-06-03 04:12:31,5.00,USD,UNKNOWN,UNKNOWN,,,,"Multiple: Capital One, Chase",5944,NEEDS_REVIEW,true,0.55,Accounting treatment: UNKNOWN. Retained in activity; not counted in Spending Summary. Merchant/payee not confidently extracted. Could not confidently classify accounting treatment.
14317,2025-06-02 04:13:35,5.00,USD,UNKNOWN,UNKNOWN,,,,"Multiple: Capital One, Chase",5944,NEEDS_REVIEW,true,0.55,Accounting treatment: UNKNOWN. Retained in activity; not counted in Spending Summary. Merchant/payee not confidently extracted. Could not confidently classify accounting treatment.
14318,2025-06-01 21:17:47,5.00,USD,UNKNOWN,UNKNOWN,,,,"Multiple: Capital One, Chase",5944,NEEDS_REVIEW,true,0.55,Accounting treatment: UNKNOWN. Retained in activity; not counted in Spending Summary. Merchant/payee not confidently extracted. Could not confidently classify accounting treatment.
14319,2025-06-01 14:38:55,33.44,USD,UNKNOWN,UNKNOWN,,,,"Multiple: Capital One, Chase",5944,NEEDS_REVIEW,true,0.55,Accounting treatment: UNKNOWN. Retained in activity; not counted in Spending Summary. Merchant/payee not confidently extracted. Could not confidently classify accounting treatment.
14320,2025-06-01 04:20:34,5.00,USD,UNKNOWN,UNKNOWN,,,,"Multiple: Capital One, Chase",5944,NEEDS_REVIEW,true,0.55,Accounting treatment: UNKNOWN. Retained in activity; not counted in Spending Summary. Merchant/payee not confidently extracted. Could not confidently classify accounting treatment.
14321,2025-05-31 22:42:06,45.32,USD,UNKNOWN,UNKNOWN,,,,"Multiple: Capital One, Chase",5944,NEEDS_REVIEW,true,0.55,Accounting treatment: UNKNOWN. Retained in activity; not counted in Spending Summary. Merchant/payee not confidently extracted. Could not confidently classify accounting treatment.
14322,2025-05-31 20:54:10,55.00,USD,UNKNOWN,UNKNOWN,,,,"Multiple: Capital One, Chase",5944,NEEDS_REVIEW,true,0.55,Accounting treatment: UNKNOWN. Retained in activity; not counted in Spending Summary. Merchant/payee not confidently extracted. Could not confidently classify accounting treatment.
14323,2025-05-31 15:03:43,26.50,USD,UNKNOWN,UNKNOWN,,,,"Multiple: Capital One, Chase",5944,NEEDS_REVIEW,true,0.55,Accounting treatment: UNKNOWN. Retained in activity; not counted in Spending Summary. Merchant/payee not confidently extracted. Could not confidently classify accounting treatment.
14324,2025-05-31 10:20:24,620.00,USD,UNKNOWN,UNKNOWN,,,,"Multiple: Capital One, Chase",5944,NEEDS_REVIEW,true,0.55,Accounting treatment: UNKNOWN. Retained in activity; not counted in Spending Summary. Merchant/payee not confidently extracted. Could not confidently classify accounting treatment.
14325,2025-05-31 04:08:47,5.00,USD,UNKNOWN,UNKNOWN,,,,"Multiple: Capital One, Chase",5944,NEEDS_REVIEW,true,0.55,Accounting treatment: UNKNOWN. Retained in activity; not counted in Spending Summary. Merchant/payee not confidently extracted. Could not confidently classify accounting treatment.
14326,2025-05-30 14:55:57,20.00,USD,UNKNOWN,UNKNOWN,,,,"Multiple: Capital One, Chase",5944,NEEDS_REVIEW,true,0.55,Accounting treatment: UNKNOWN. Retained in activity; not counted in Spending Summary. Merchant/payee not confidently extracted. Could not confidently classify accounting treatment.
15034,2025-05-30 10:07:12,2885.97,USD,INCOME,INCOME,3:54 AM ET was more than the $1,,,Chase,3039,AUTO_PARSED,true,0.86,Accounting treatment: INCOME. Merchant extracted by generic at. Retained in activity; not counted in Spending Summary.
14327,2025-05-30 04:11:18,5.00,USD,UNKNOWN,UNKNOWN,,,,"Multiple: Capital One, Chase",5944,NEEDS_REVIEW,true,0.55,Accounting treatment: UNKNOWN. Retained in activity; not counted in Spending Summary. Merchant/payee not confidently extracted. Could not confidently classify accounting treatment.
14328,2025-05-29 16:11:13,13.96,USD,UNKNOWN,UNKNOWN,,,,"Multiple: Capital One, Chase",5944,NEEDS_REVIEW,true,0.55,Accounting treatment: UNKNOWN. Retained in activity; not counted in Spending Summary. Merchant/payee not confidently extracted. Could not confidently classify accounting treatment.
14329,2025-05-29 16:06:09,24.41,USD,UNKNOWN,UNKNOWN,,,,"Multiple: Capital One, Chase",5944,NEEDS_REVIEW,true,0.55,Accounting treatment: UNKNOWN. Retained in activity; not counted in Spending Summary. Merchant/payee not confidently extracted. Could not confidently classify accounting treatment.
14330,2025-05-29 04:09:11,5.00,USD,UNKNOWN,UNKNOWN,,,,"Multiple: Capital One, Chase",5944,NEEDS_REVIEW,true,0.55,Accounting treatment: UNKNOWN. Retained in activity; not counted in Spending Summary. Merchant/payee not confidently extracted. Could not confidently classify accounting treatment.
14331,2025-05-28 17:48:24,44.69,USD,UNKNOWN,UNKNOWN,,,,"Multiple: Capital One, Chase",5944,NEEDS_REVIEW,true,0.55,Accounting treatment: UNKNOWN. Retained in activity; not counted in Spending Summary. Merchant/payee not confidently extracted. Could not confidently classify accounting treatment.
15035,2025-05-28 10:21:23,173.00,USD,TRANSFER,TRANSFER,4:26 AM ET was more than the $1,,,Chase,3039,AUTO_PARSED,true,0.86,Accounting treatment: TRANSFER. Merchant extracted by generic at. Retained in activity; not counted in Spending Summary.
14332,2025-05-28 04:11:12,5.00,USD,UNKNOWN,UNKNOWN,,,,"Multiple: Capital One, Chase",5944,NEEDS_REVIEW,true,0.55,Accounting treatment: UNKNOWN. Retained in activity; not counted in Spending Summary. Merchant/payee not confidently extracted. Could not confidently classify accounting treatment.
14333,2025-05-27 04:09:48,5.00,USD,UNKNOWN,UNKNOWN,,,,"Multiple: Capital One, Chase",5944,NEEDS_REVIEW,true,0.55,Accounting treatment: UNKNOWN. Retained in activity; not counted in Spending Summary. Merchant/payee not confidently extracted. Could not confidently classify accounting treatment.
14334,2025-05-26 17:01:58,26.40,USD,UNKNOWN,UNKNOWN,,,,"Multiple: Capital One, Chase",5944,NEEDS_REVIEW,true,0.55,Accounting treatment: UNKNOWN. Retained in activity; not counted in Spending Summary. Merchant/payee not confidently extracted. Could not confidently classify accounting treatment.
14335,2025-05-26 16:34:56,2.19,USD,UNKNOWN,UNKNOWN,,,,"Multiple: Capital One, Chase",5944,NEEDS_REVIEW,true,0.55,Accounting treatment: UNKNOWN. Retained in activity; not counted in Spending Summary. Merchant/payee not confidently extracted. Could not confidently classify accounting treatment.
14336,2025-05-26 12:30:17,32.62,USD,UNKNOWN,UNKNOWN,,,,"Multiple: Capital One, Chase",5944,NEEDS_REVIEW,true,0.55,Accounting treatment: UNKNOWN. Retained in activity; not counted in Spending Summary. Merchant/payee not confidently extracted. Could not confidently classify accounting treatment.
14337,2025-05-26 04:09:59,5.00,USD,UNKNOWN,UNKNOWN,,,,"Multiple: Capital One, Chase",5944,NEEDS_REVIEW,true,0.55,Accounting treatment: UNKNOWN. Retained in activity; not counted in Spending Summary. Merchant/payee not confidently extracted. Could not confidently classify accounting treatment.
14338,2025-05-25 21:37:49,15.14,USD,UNKNOWN,UNKNOWN,,,,"Multiple: Capital One, Chase",5944,NEEDS_REVIEW,true,0.55,Accounting treatment: UNKNOWN. Retained in activity; not counted in Spending Summary. Merchant/payee not confidently extracted. Could not confidently classify accounting treatment.
14339,2025-05-25 20:37:27,125.49,USD,UNKNOWN,UNKNOWN,,,,"Multiple: Capital One, Chase",5944,NEEDS_REVIEW,true,0.55,Accounting treatment: UNKNOWN. Retained in activity; not counted in Spending Summary. Merchant/payee not confidently extracted. Could not confidently classify accounting treatment.
14340,2025-05-25 19:30:13,21.45,USD,UNKNOWN,UNKNOWN,,,,"Multiple: Capital One, Chase",5944,NEEDS_REVIEW,true,0.55,Accounting treatment: UNKNOWN. Retained in activity; not counted in Spending Summary. Merchant/payee not confidently extracted. Could not confidently classify accounting treatment.
14341,2025-05-25 11:58:51,4.80,USD,UNKNOWN,UNKNOWN,,,,"Multiple: Capital One, Chase",5944,NEEDS_REVIEW,true,0.55,Accounting treatment: UNKNOWN. Retained in activity; not counted in Spending Summary. Merchant/payee not confidently extracted. Could not confidently classify accounting treatment.
14342,2025-05-25 04:09:28,5.00,USD,UNKNOWN,UNKNOWN,,,,"Multiple: Capital One, Chase",5944,NEEDS_REVIEW,true,0.55,Accounting treatment: UNKNOWN. Retained in activity; not counted in Spending Summary. Merchant/payee not confidently extracted. Could not confidently classify accounting treatment.
14343,2025-05-24 19:40:15,1761.79,USD,UNKNOWN,UNKNOWN,,,,"Multiple: Capital One, Chase",5944,NEEDS_REVIEW,true,0.55,Accounting treatment: UNKNOWN. Retained in activity; not counted in Spending Summary. Merchant/payee not confidently extracted. Could not confidently classify accounting treatment.
14344,2025-05-24 15:39:02,9.90,USD,UNKNOWN,UNKNOWN,,,,"Multiple: Capital One, Chase",5944,NEEDS_REVIEW,true,0.55,Accounting treatment: UNKNOWN. Retained in activity; not counted in Spending Summary. Merchant/payee not confidently extracted. Could not confidently classify accounting treatment.
15036,2025-05-24 10:27:51,1761.79,USD,TRANSFER,TRANSFER,10:13 PM ET was more than the $1,,,Chase,3039,AUTO_PARSED,true,0.86,Accounting treatment: TRANSFER. Merchant extracted by generic at. Retained in activity; not counted in Spending Summary.
14345,2025-05-24 04:09:32,5.00,USD,UNKNOWN,UNKNOWN,,,,"Multiple: Capital One, Chase",5944,NEEDS_REVIEW,true,0.55,Accounting treatment: UNKNOWN. Retained in activity; not counted in Spending Summary. Merchant/payee not confidently extracted. Could not confidently classify accounting treatment.
14346,2025-05-23 22:31:10,100.49,USD,UNKNOWN,UNKNOWN,,,,"Multiple: Capital One, Chase",5944,NEEDS_REVIEW,true,0.55,Accounting treatment: UNKNOWN. Retained in activity; not counted in Spending Summary. Merchant/payee not confidently extracted. Could not confidently classify accounting treatment.
14347,2025-05-23 11:40:57,1761.79,USD,EXPENSE,EXPENSE,,,,"Multiple: Capital One, Chase",5944,NEEDS_REVIEW,false,0.55,Accounting treatment: EXPENSE. Merchant/payee not confidently extracted.
15037,2025-05-23 10:21:57,1005.00,USD,TRANSFER,TRANSFER,3:52 AM ET was more than the $1,,,Chase,3039,AUTO_PARSED,true,0.86,Accounting treatment: TRANSFER. Merchant extracted by generic at. Retained in activity; not counted in Spending Summary.
15038,2025-05-23 10:19:37,500.00,USD,TRANSFER,TRANSFER,3:52 AM ET was more than the $1,,,Chase,3039,AUTO_PARSED,true,0.86,Accounting treatment: TRANSFER. Merchant extracted by generic at. Retained in activity; not counted in Spending Summary.
14348,2025-05-23 04:11:02,5.00,USD,UNKNOWN,UNKNOWN,,,,"Multiple: Capital One, Chase",5944,NEEDS_REVIEW,true,0.55,Accounting treatment: UNKNOWN. Retained in activity; not counted in Spending Summary. Merchant/payee not confidently extracted. Could not confidently classify accounting treatment.
14349,2025-05-22 23:28:53,19.29,USD,UNKNOWN,UNKNOWN,,,,"Multiple: Capital One, Chase",5944,NEEDS_REVIEW,true,0.55,Accounting treatment: UNKNOWN. Retained in activity; not counted in Spending Summary. Merchant/payee not confidently extracted. Could not confidently classify accounting treatment.
14350,2025-05-22 16:18:05,3.33,USD,UNKNOWN,UNKNOWN,,,,"Multiple: Capital One, Chase",5944,NEEDS_REVIEW,true,0.55,Accounting treatment: UNKNOWN. Retained in activity; not counted in Spending Summary. Merchant/payee not confidently extracted. Could not confidently classify accounting treatment.
14351,2025-05-22 04:09:50,5.00,USD,UNKNOWN,UNKNOWN,,,,"Multiple: Capital One, Chase",5944,NEEDS_REVIEW,true,0.55,Accounting treatment: UNKNOWN. Retained in activity; not counted in Spending Summary. Merchant/payee not confidently extracted. Could not confidently classify accounting treatment.
14352,2025-05-21 04:10:00,5.00,USD,UNKNOWN,UNKNOWN,,,,"Multiple: Capital One, Chase",5944,NEEDS_REVIEW,true,0.55,Accounting treatment: UNKNOWN. Retained in activity; not counted in Spending Summary. Merchant/payee not confidently extracted. Could not confidently classify accounting treatment.
14353,2025-05-20 23:42:50,49.62,USD,UNKNOWN,UNKNOWN,,,,"Multiple: Capital One, Chase",5944,NEEDS_REVIEW,true,0.55,Accounting treatment: UNKNOWN. Retained in activity; not counted in Spending Summary. Merchant/payee not confidently extracted. Could not confidently classify accounting treatment.
14354,2025-05-20 23:31:06,3.78,USD,UNKNOWN,UNKNOWN,,,,"Multiple: Capital One, Chase",5944,NEEDS_REVIEW,true,0.55,Accounting treatment: UNKNOWN. Retained in activity; not counted in Spending Summary. Merchant/payee not confidently extracted. Could not confidently classify accounting treatment.
15039,2025-05-20 10:48:20,120.00,USD,TRANSFER,TRANSFER,4:42 AM ET was more than the $1,,,Chase,3039,AUTO_PARSED,true,0.86,Accounting treatment: TRANSFER. Merchant extracted by generic at. Retained in activity; not counted in Spending Summary.
14355,2025-05-20 04:09:12,5.00,USD,UNKNOWN,UNKNOWN,,,,"Multiple: Capital One, Chase",5944,NEEDS_REVIEW,true,0.55,Accounting treatment: UNKNOWN. Retained in activity; not counted in Spending Summary. Merchant/payee not confidently extracted. Could not confidently classify accounting treatment.
14356,2025-05-19 20:24:05,3.30,USD,UNKNOWN,UNKNOWN,,,,"Multiple: Capital One, Chase",5944,NEEDS_REVIEW,true,0.55,Accounting treatment: UNKNOWN. Retained in activity; not counted in Spending Summary. Merchant/payee not confidently extracted. Could not confidently classify accounting treatment.
14357,2025-05-19 19:47:16,37.30,USD,UNKNOWN,UNKNOWN,,,,"Multiple: Capital One, Chase",5944,NEEDS_REVIEW,true,0.55,Accounting treatment: UNKNOWN. Retained in activity; not counted in Spending Summary. Merchant/payee not confidently extracted. Could not confidently classify accounting treatment.
14358,2025-05-19 14:25:22,40.74,USD,UNKNOWN,UNKNOWN,,,,"Multiple: Capital One, Chase",5944,NEEDS_REVIEW,true,0.55,Accounting treatment: UNKNOWN. Retained in activity; not counted in Spending Summary. Merchant/payee not confidently extracted. Could not confidently classify accounting treatment.
14359,2025-05-19 04:09:14,5.00,USD,UNKNOWN,UNKNOWN,,,,"Multiple: Capital One, Chase",5944,NEEDS_REVIEW,true,0.55,Accounting treatment: UNKNOWN. Retained in activity; not counted in Spending Summary. Merchant/payee not confidently extracted. Could not confidently classify accounting treatment.
14360,2025-05-18 21:00:01,150.00,USD,UNKNOWN,UNKNOWN,,,,"Multiple: Capital One, Chase",5944,NEEDS_REVIEW,true,0.55,Accounting treatment: UNKNOWN. Retained in activity; not counted in Spending Summary. Merchant/payee not confidently extracted. Could not confidently classify accounting treatment.
14361,2025-05-18 17:06:01,24.92,USD,UNKNOWN,UNKNOWN,,,,"Multiple: Capital One, Chase",5944,NEEDS_REVIEW,true,0.55,Accounting treatment: UNKNOWN. Retained in activity; not counted in Spending Summary. Merchant/payee not confidently extracted. Could not confidently classify accounting treatment.
14362,2025-05-18 15:28:28,10.00,USD,UNKNOWN,UNKNOWN,,,,"Multiple: Capital One, Chase",5944,NEEDS_REVIEW,true,0.55,Accounting treatment: UNKNOWN. Retained in activity; not counted in Spending Summary. Merchant/payee not confidently extracted. Could not confidently classify accounting treatment.
14363,2025-05-18 12:59:39,35.00,USD,UNKNOWN,UNKNOWN,,,,"Multiple: Capital One, Chase",5944,NEEDS_REVIEW,true,0.55,Accounting treatment: UNKNOWN. Retained in activity; not counted in Spending Summary. Merchant/payee not confidently extracted. Could not confidently classify accounting treatment.
14364,2025-05-18 12:16:56,30.76,USD,UNKNOWN,UNKNOWN,,,,"Multiple: Capital One, Chase",5944,NEEDS_REVIEW,true,0.55,Accounting treatment: UNKNOWN. Retained in activity; not counted in Spending Summary. Merchant/payee not confidently extracted. Could not confidently classify accounting treatment.
14365,2025-05-18 04:09:20,5.00,USD,UNKNOWN,UNKNOWN,,,,"Multiple: Capital One, Chase",5944,NEEDS_REVIEW,true,0.55,Accounting treatment: UNKNOWN. Retained in activity; not counted in Spending Summary. Merchant/payee not confidently extracted. Could not confidently classify accounting treatment.
14366,2025-05-17 23:20:13,26.46,USD,UNKNOWN,UNKNOWN,,,,"Multiple: Capital One, Chase",5944,NEEDS_REVIEW,true,0.55,Accounting treatment: UNKNOWN. Retained in activity; not counted in Spending Summary. Merchant/payee not confidently extracted. Could not confidently classify accounting treatment.
14367,2025-05-17 17:40:39,163.04,USD,UNKNOWN,UNKNOWN,,,,"Multiple: Capital One, Chase",5944,NEEDS_REVIEW,true,0.55,Accounting treatment: UNKNOWN. Retained in activity; not counted in Spending Summary. Merchant/payee not confidently extracted. Could not confidently classify accounting treatment.
15040,2025-05-17 15:07:18,20.00,USD,EXPENSE,EXPENSE,4:07 PM ET was more than the $1,,,Chase,3039,AUTO_PARSED,false,0.86,Accounting treatment: EXPENSE. Merchant extracted by generic at.
15041,2025-05-17 15:05:39,40.00,USD,EXPENSE,EXPENSE,4:05 PM ET was more than the $1,,,Chase,3039,AUTO_PARSED,false,0.86,Accounting treatment: EXPENSE. Merchant extracted by generic at.
14368,2025-05-17 14:38:41,49.39,USD,UNKNOWN,UNKNOWN,,,,"Multiple: Capital One, Chase",5944,NEEDS_REVIEW,true,0.55,Accounting treatment: UNKNOWN. Retained in activity; not counted in Spending Summary. Merchant/payee not confidently extracted. Could not confidently classify accounting treatment.
15042,2025-05-17 10:41:01,27.11,USD,TRANSFER,TRANSFER,4:56 AM ET was more than the $1,,,Chase,3039,AUTO_PARSED,true,0.86,Accounting treatment: TRANSFER. Merchant extracted by generic at. Retained in activity; not counted in Spending Summary.
14369,2025-05-17 04:09:11,5.00,USD,UNKNOWN,UNKNOWN,,,,"Multiple: Capital One, Chase",5944,NEEDS_REVIEW,true,0.55,Accounting treatment: UNKNOWN. Retained in activity; not counted in Spending Summary. Merchant/payee not confidently extracted. Could not confidently classify accounting treatment.
14370,2025-05-16 23:56:23,13.05,USD,UNKNOWN,UNKNOWN,,,,"Multiple: Capital One, Chase",5944,NEEDS_REVIEW,true,0.55,Accounting treatment: UNKNOWN. Retained in activity; not counted in Spending Summary. Merchant/payee not confidently extracted. Could not confidently classify accounting treatment.
14371,2025-05-16 04:15:01,5.00,USD,UNKNOWN,UNKNOWN,,,,"Multiple: Capital One, Chase",5944,NEEDS_REVIEW,true,0.55,Accounting treatment: UNKNOWN. Retained in activity; not counted in Spending Summary. Merchant/payee not confidently extracted. Could not confidently classify accounting treatment.
14372,2025-05-15 21:55:30,187.04,USD,UNKNOWN,UNKNOWN,,,,"Multiple: Capital One, Chase",5944,NEEDS_REVIEW,true,0.55,Accounting treatment: UNKNOWN. Retained in activity; not counted in Spending Summary. Merchant/payee not confidently extracted. Could not confidently classify accounting treatment.
15043,2025-05-15 10:20:21,3843.00,USD,TRANSFER,TRANSFER,3:51 AM ET was more than the $1,,,Chase,3039,AUTO_PARSED,true,0.86,Accounting treatment: TRANSFER. Merchant extracted by generic at. Retained in activity; not counted in Spending Summary.
15044,2025-05-15 10:11:30,2885.97,USD,INCOME,INCOME,3:51 AM ET was more than the $1,,,Chase,3039,AUTO_PARSED,true,0.86,Accounting treatment: INCOME. Merchant extracted by generic at. Retained in activity; not counted in Spending Summary.
14373,2025-05-15 04:11:16,5.00,USD,UNKNOWN,UNKNOWN,,,,"Multiple: Capital One, Chase",5944,NEEDS_REVIEW,true,0.55,Accounting treatment: UNKNOWN. Retained in activity; not counted in Spending Summary. Merchant/payee not confidently extracted. Could not confidently classify accounting treatment.
14374,2025-05-14 18:56:06,11.33,USD,EXPENSE,EXPENSE,DD POST SECURITY ST231,,,"Multiple: Capital One, Chase",5944,AUTO_PARSED,false,0.86,Accounting treatment: EXPENSE. Merchant extracted by generic at.
14375,2025-05-14 16:00:17,31.20,USD,UNKNOWN,UNKNOWN,,,,"Multiple: Capital One, Chase",5944,NEEDS_REVIEW,true,0.55,Accounting treatment: UNKNOWN. Retained in activity; not counted in Spending Summary. Merchant/payee not confidently extracted. Could not confidently classify accounting treatment.
14376,2025-05-14 06:57:42,37.54,USD,UNKNOWN,UNKNOWN,,,,"Multiple: Capital One, Chase",5944,NEEDS_REVIEW,true,0.55,Accounting treatment: UNKNOWN. Retained in activity; not counted in Spending Summary. Merchant/payee not confidently extracted. Could not confidently classify accounting treatment.
14377,2025-05-14 04:09:13,5.00,USD,UNKNOWN,UNKNOWN,,,,"Multiple: Capital One, Chase",5944,NEEDS_REVIEW,true,0.55,Accounting treatment: UNKNOWN. Retained in activity; not counted in Spending Summary. Merchant/payee not confidently extracted. Could not confidently classify accounting treatment.
14378,2025-05-14 04:08:43,100.00,USD,UNKNOWN,UNKNOWN,,,,"Multiple: Capital One, Chase",5944,NEEDS_REVIEW,true,0.55,Accounting treatment: UNKNOWN. Retained in activity; not counted in Spending Summary. Merchant/payee not confidently extracted. Could not confidently classify accounting treatment.
14379,2025-05-13 19:02:43,32.64,USD,UNKNOWN,UNKNOWN,,,,"Multiple: Capital One, Chase",5944,NEEDS_REVIEW,true,0.55,Accounting treatment: UNKNOWN. Retained in activity; not counted in Spending Summary. Merchant/payee not confidently extracted. Could not confidently classify accounting treatment.
14380,2025-05-13 12:17:23,3.98,USD,UNKNOWN,UNKNOWN,,,,"Multiple: Capital One, Chase",5944,NEEDS_REVIEW,true,0.55,Accounting treatment: UNKNOWN. Retained in activity; not counted in Spending Summary. Merchant/payee not confidently extracted. Could not confidently classify accounting treatment.
14381,2025-05-13 04:08:07,5.00,USD,UNKNOWN,UNKNOWN,,,,"Multiple: Capital One, Chase",5944,NEEDS_REVIEW,true,0.55,Accounting treatment: UNKNOWN. Retained in activity; not counted in Spending Summary. Merchant/payee not confidently extracted. Could not confidently classify accounting treatment.
14382,2025-05-12 04:08:55,5.00,USD,UNKNOWN,UNKNOWN,,,,"Multiple: Capital One, Chase",5944,NEEDS_REVIEW,true,0.55,Accounting treatment: UNKNOWN. Retained in activity; not counted in Spending Summary. Merchant/payee not confidently extracted. Could not confidently classify accounting treatment.
14383,2025-05-11 12:11:28,4.98,USD,UNKNOWN,UNKNOWN,,,,"Multiple: Capital One, Chase",5944,NEEDS_REVIEW,true,0.55,Accounting treatment: UNKNOWN. Retained in activity; not counted in Spending Summary. Merchant/payee not confidently extracted. Could not confidently classify accounting treatment.
14384,2025-05-11 12:05:50,5.15,USD,UNKNOWN,UNKNOWN,,,,"Multiple: Capital One, Chase",5944,NEEDS_REVIEW,true,0.55,Accounting treatment: UNKNOWN. Retained in activity; not counted in Spending Summary. Merchant/payee not confidently extracted. Could not confidently classify accounting treatment.
14385,2025-05-11 04:09:00,5.00,USD,UNKNOWN,UNKNOWN,,,,"Multiple: Capital One, Chase",5944,NEEDS_REVIEW,true,0.55,Accounting treatment: UNKNOWN. Retained in activity; not counted in Spending Summary. Merchant/payee not confidently extracted. Could not confidently classify accounting treatment.
14386,2025-05-10 23:53:20,15.40,USD,UNKNOWN,UNKNOWN,,,,"Multiple: Capital One, Chase",5944,NEEDS_REVIEW,true,0.55,Accounting treatment: UNKNOWN. Retained in activity; not counted in Spending Summary. Merchant/payee not confidently extracted. Could not confidently classify accounting treatment.
14387,2025-05-10 15:14:16,84.92,USD,UNKNOWN,UNKNOWN,,,,"Multiple: Capital One, Chase",5944,NEEDS_REVIEW,true,0.55,Accounting treatment: UNKNOWN. Retained in activity; not counted in Spending Summary. Merchant/payee not confidently extracted. Could not confidently classify accounting treatment.
15045,2025-05-10 10:37:31,500.00,USD,TRANSFER,TRANSFER,4:54 AM ET was more than the $1,,,Chase,3039,AUTO_PARSED,true,0.86,Accounting treatment: TRANSFER. Merchant extracted by generic at. Retained in activity; not counted in Spending Summary.
14388,2025-05-10 04:09:04,5.00,USD,UNKNOWN,UNKNOWN,,,,"Multiple: Capital One, Chase",5944,NEEDS_REVIEW,true,0.55,Accounting treatment: UNKNOWN. Retained in activity; not counted in Spending Summary. Merchant/payee not confidently extracted. Could not confidently classify accounting treatment.
14389,2025-05-09 15:51:26,20.00,USD,UNKNOWN,UNKNOWN,,,,"Multiple: Capital One, Chase",5944,NEEDS_REVIEW,true,0.55,Accounting treatment: UNKNOWN. Retained in activity; not counted in Spending Summary. Merchant/payee not confidently extracted. Could not confidently classify accounting treatment.
14390,2025-05-09 04:12:09,5.00,USD,UNKNOWN,UNKNOWN,,,,"Multiple: Capital One, Chase",5944,NEEDS_REVIEW,true,0.55,Accounting treatment: UNKNOWN. Retained in activity; not counted in Spending Summary. Merchant/payee not confidently extracted. Could not confidently classify accounting treatment.
14391,2025-05-08 14:53:50,21.28,USD,UNKNOWN,UNKNOWN,,,,"Multiple: Capital One, Chase",5944,NEEDS_REVIEW,true,0.55,Accounting treatment: UNKNOWN. Retained in activity; not counted in Spending Summary. Merchant/payee not confidently extracted. Could not confidently classify accounting treatment.
14392,2025-05-08 13:41:21,32.46,USD,UNKNOWN,UNKNOWN,,,,"Multiple: Capital One, Chase",5944,NEEDS_REVIEW,true,0.55,Accounting treatment: UNKNOWN. Retained in activity; not counted in Spending Summary. Merchant/payee not confidently extracted. Could not confidently classify accounting treatment.
14393,2025-05-08 09:37:16,11.00,USD,UNKNOWN,UNKNOWN,,,,"Multiple: Capital One, Chase",5944,NEEDS_REVIEW,true,0.55,Accounting treatment: UNKNOWN. Retained in activity; not counted in Spending Summary. Merchant/payee not confidently extracted. Could not confidently classify accounting treatment.
14394,2025-05-08 04:09:45,5.00,USD,UNKNOWN,UNKNOWN,,,,"Multiple: Capital One, Chase",5944,NEEDS_REVIEW,true,0.55,Accounting treatment: UNKNOWN. Retained in activity; not counted in Spending Summary. Merchant/payee not confidently extracted. Could not confidently classify accounting treatment.
14395,2025-05-08 01:35:43,8.64,USD,UNKNOWN,UNKNOWN,,,,"Multiple: Capital One, Chase",5944,NEEDS_REVIEW,true,0.55,Accounting treatment: UNKNOWN. Retained in activity; not counted in Spending Summary. Merchant/payee not confidently extracted. Could not confidently classify accounting treatment.
14396,2025-05-07 14:37:32,46.00,USD,UNKNOWN,UNKNOWN,,,,"Multiple: Capital One, Chase",5944,NEEDS_REVIEW,true,0.55,Accounting treatment: UNKNOWN. Retained in activity; not counted in Spending Summary. Merchant/payee not confidently extracted. Could not confidently classify accounting treatment.
14397,2025-05-07 09:00:16,88.99,USD,UNKNOWN,UNKNOWN,,,,"Multiple: Capital One, Chase",5944,NEEDS_REVIEW,true,0.55,Accounting treatment: UNKNOWN. Retained in activity; not counted in Spending Summary. Merchant/payee not confidently extracted. Could not confidently classify accounting treatment.
14398,2025-05-07 04:10:25,5.00,USD,UNKNOWN,UNKNOWN,,,,"Multiple: Capital One, Chase",5944,NEEDS_REVIEW,true,0.55,Accounting treatment: UNKNOWN. Retained in activity; not counted in Spending Summary. Merchant/payee not confidently extracted. Could not confidently classify accounting treatment.
14399,2025-05-06 17:00:22,1872.25,USD,UNKNOWN,UNKNOWN,,,,"Multiple: Capital One, Chase",5944,NEEDS_REVIEW,true,0.55,Accounting treatment: UNKNOWN. Retained in activity; not counted in Spending Summary. Merchant/payee not confidently extracted. Could not confidently classify accounting treatment.
15046,2025-05-06 10:32:03,105.00,USD,TRANSFER,TRANSFER,4:43 AM ET was more than the $1,,,Chase,3039,AUTO_PARSED,true,0.86,Accounting treatment: TRANSFER. Merchant extracted by generic at. Retained in activity; not counted in Spending Summary.
14400,2025-05-06 04:09:38,5.00,USD,UNKNOWN,UNKNOWN,,,,"Multiple: Capital One, Chase",5944,NEEDS_REVIEW,true,0.55,Accounting treatment: UNKNOWN. Retained in activity; not counted in Spending Summary. Merchant/payee not confidently extracted. Could not confidently classify accounting treatment.
14401,2025-05-06 04:08:02,104.49,USD,UNKNOWN,UNKNOWN,,,,"Multiple: Capital One, Chase",5944,NEEDS_REVIEW,true,0.55,Accounting treatment: UNKNOWN. Retained in activity; not counted in Spending Summary. Merchant/payee not confidently extracted. Could not confidently classify accounting treatment.
14402,2025-05-06 03:33:10,21.64,USD,UNKNOWN,UNKNOWN,,,,"Multiple: Capital One, Chase",5944,NEEDS_REVIEW,true,0.55,Accounting treatment: UNKNOWN. Retained in activity; not counted in Spending Summary. Merchant/payee not confidently extracted. Could not confidently classify accounting treatment.
14403,2025-05-05 16:53:29,115.66,USD,UNKNOWN,UNKNOWN,,,,"Multiple: Capital One, Chase",5944,NEEDS_REVIEW,true,0.55,Accounting treatment: UNKNOWN. Retained in activity; not counted in Spending Summary. Merchant/payee not confidently extracted. Could not confidently classify accounting treatment.
14404,2025-05-05 11:29:08,10.86,USD,UNKNOWN,UNKNOWN,,,,"Multiple: Capital One, Chase",5944,NEEDS_REVIEW,true,0.55,Accounting treatment: UNKNOWN. Retained in activity; not counted in Spending Summary. Merchant/payee not confidently extracted. Could not confidently classify accounting treatment.
15047,2025-05-05 11:21:16,1872.25,USD,TRANSFER,TRANSFER,12:21 PM ET was more than the $1,,,Chase,3039,AUTO_PARSED,true,0.86,Accounting treatment: TRANSFER. Merchant extracted by generic at. Retained in activity; not counted in Spending Summary.
14405,2025-05-05 04:10:01,5.00,USD,UNKNOWN,UNKNOWN,,,,"Multiple: Capital One, Chase",5944,NEEDS_REVIEW,true,0.55,Accounting treatment: UNKNOWN. Retained in activity; not counted in Spending Summary. Merchant/payee not confidently extracted. Could not confidently classify accounting treatment.
14406,2025-05-04 22:19:52,5.40,USD,UNKNOWN,UNKNOWN,,,,"Multiple: Capital One, Chase",5944,NEEDS_REVIEW,true,0.55,Accounting treatment: UNKNOWN. Retained in activity; not counted in Spending Summary. Merchant/payee not confidently extracted. Could not confidently classify accounting treatment.
14407,2025-05-04 21:01:27,35.72,USD,UNKNOWN,UNKNOWN,,,,"Multiple: Capital One, Chase",5944,NEEDS_REVIEW,true,0.55,Accounting treatment: UNKNOWN. Retained in activity; not counted in Spending Summary. Merchant/payee not confidently extracted. Could not confidently classify accounting treatment.
14408,2025-05-04 20:44:08,74.69,USD,UNKNOWN,UNKNOWN,,,,"Multiple: Capital One, Chase",5944,NEEDS_REVIEW,true,0.55,Accounting treatment: UNKNOWN. Retained in activity; not counted in Spending Summary. Merchant/payee not confidently extracted. Could not confidently classify accounting treatment.
14409,2025-05-04 20:37:06,100.00,USD,UNKNOWN,UNKNOWN,,,,"Multiple: Capital One, Chase",5944,NEEDS_REVIEW,true,0.55,Accounting treatment: UNKNOWN. Retained in activity; not counted in Spending Summary. Merchant/payee not confidently extracted. Could not confidently classify accounting treatment.
14410,2025-05-04 19:34:30,10.94,USD,UNKNOWN,UNKNOWN,,,,"Multiple: Capital One, Chase",5944,NEEDS_REVIEW,true,0.55,Accounting treatment: UNKNOWN. Retained in activity; not counted in Spending Summary. Merchant/payee not confidently extracted. Could not confidently classify accounting treatment.
14411,2025-05-04 12:59:09,1872.25,USD,EXPENSE,EXPENSE,,,,"Multiple: Capital One, Chase",5944,NEEDS_REVIEW,false,0.55,Accounting treatment: EXPENSE. Merchant/payee not confidently extracted.
14412,2025-05-04 04:09:26,5.00,USD,UNKNOWN,UNKNOWN,,,,"Multiple: Capital One, Chase",5944,NEEDS_REVIEW,true,0.55,Accounting treatment: UNKNOWN. Retained in activity; not counted in Spending Summary. Merchant/payee not confidently extracted. Could not confidently classify accounting treatment.
14413,2025-05-03 13:16:53,9.29,USD,UNKNOWN,UNKNOWN,,,,"Multiple: Capital One, Chase",5944,NEEDS_REVIEW,true,0.55,Accounting treatment: UNKNOWN. Retained in activity; not counted in Spending Summary. Merchant/payee not confidently extracted. Could not confidently classify accounting treatment.
14414,2025-05-03 10:12:38,50.25,USD,UNKNOWN,UNKNOWN,,,,"Multiple: Capital One, Chase",5944,NEEDS_REVIEW,true,0.55,Accounting treatment: UNKNOWN. Retained in activity; not counted in Spending Summary. Merchant/payee not confidently extracted. Could not confidently classify accounting treatment.
14415,2025-05-03 04:10:32,5.00,USD,UNKNOWN,UNKNOWN,,,,"Multiple: Capital One, Chase",5944,NEEDS_REVIEW,true,0.55,Accounting treatment: UNKNOWN. Retained in activity; not counted in Spending Summary. Merchant/payee not confidently extracted. Could not confidently classify accounting treatment.
14416,2025-05-02 21:01:57,10.00,USD,UNKNOWN,UNKNOWN,,,,"Multiple: Capital One, Chase",5944,NEEDS_REVIEW,true,0.55,Accounting treatment: UNKNOWN. Retained in activity; not counted in Spending Summary. Merchant/payee not confidently extracted. Could not confidently classify accounting treatment.
14417,2025-05-02 18:30:24,12.97,USD,UNKNOWN,UNKNOWN,,,,"Multiple: Capital One, Chase",5944,NEEDS_REVIEW,true,0.55,Accounting treatment: UNKNOWN. Retained in activity; not counted in Spending Summary. Merchant/payee not confidently extracted. Could not confidently classify accounting treatment.
14418,2025-05-02 14:32:54,20.00,USD,UNKNOWN,UNKNOWN,,,,"Multiple: Capital One, Chase",5944,NEEDS_REVIEW,true,0.55,Accounting treatment: UNKNOWN. Retained in activity; not counted in Spending Summary. Merchant/payee not confidently extracted. Could not confidently classify accounting treatment.
14419,2025-05-02 04:14:52,5.00,USD,UNKNOWN,UNKNOWN,,,,"Multiple: Capital One, Chase",5944,NEEDS_REVIEW,true,0.55,Accounting treatment: UNKNOWN. Retained in activity; not counted in Spending Summary. Merchant/payee not confidently extracted. Could not confidently classify accounting treatment.
14420,2025-05-01 19:56:18,11.97,USD,UNKNOWN,UNKNOWN,,,,"Multiple: Capital One, Chase",5944,NEEDS_REVIEW,true,0.55,Accounting treatment: UNKNOWN. Retained in activity; not counted in Spending Summary. Merchant/payee not confidently extracted. Could not confidently classify accounting treatment.
15048,2025-05-01 10:35:33,1462.99,USD,TRANSFER,TRANSFER,3:55 AM ET was more than the $1,,,Chase,3039,AUTO_PARSED,true,0.86,Accounting treatment: TRANSFER. Merchant extracted by generic at. Retained in activity; not counted in Spending Summary.
14421,2025-05-01 04:18:54,5.00,USD,UNKNOWN,UNKNOWN,,,,"Multiple: Capital One, Chase",5944,NEEDS_REVIEW,true,0.55,Accounting treatment: UNKNOWN. Retained in activity; not counted in Spending Summary. Merchant/payee not confidently extracted. Could not confidently classify accounting treatment.
14422,2025-04-30 19:01:58,3.49,USD,UNKNOWN,UNKNOWN,,,,"Multiple: Capital One, Chase",5944,NEEDS_REVIEW,true,0.55,Accounting treatment: UNKNOWN. Retained in activity; not counted in Spending Summary. Merchant/payee not confidently extracted. Could not confidently classify accounting treatment.
14423,2025-04-30 18:45:39,16.49,USD,UNKNOWN,UNKNOWN,,,,"Multiple: Capital One, Chase",5944,NEEDS_REVIEW,true,0.55,Accounting treatment: UNKNOWN. Retained in activity; not counted in Spending Summary. Merchant/payee not confidently extracted. Could not confidently classify accounting treatment.
14424,2025-04-30 18:13:31,12.97,USD,UNKNOWN,UNKNOWN,,,,"Multiple: Capital One, Chase",5944,NEEDS_REVIEW,true,0.55,Accounting treatment: UNKNOWN. Retained in activity; not counted in Spending Summary. Merchant/payee not confidently extracted. Could not confidently classify accounting treatment.
14425,2025-04-30 18:00:46,14.52,USD,UNKNOWN,UNKNOWN,,,,"Multiple: Capital One, Chase",5944,NEEDS_REVIEW,true,0.55,Accounting treatment: UNKNOWN. Retained in activity; not counted in Spending Summary. Merchant/payee not confidently extracted. Could not confidently classify accounting treatment.
15049,2025-04-30 10:29:57,2885.97,USD,INCOME,INCOME,3:52 AM ET was more than the $1,,,Chase,3039,AUTO_PARSED,true,0.86,Accounting treatment: INCOME. Merchant extracted by generic at. Retained in activity; not counted in Spending Summary.
14426,2025-04-30 04:07:06,5.00,USD,UNKNOWN,UNKNOWN,,,,"Multiple: Capital One, Chase",5944,NEEDS_REVIEW,true,0.55,Accounting treatment: UNKNOWN. Retained in activity; not counted in Spending Summary. Merchant/payee not confidently extracted. Could not confidently classify accounting treatment.
14427,2025-04-29 12:03:03,82.00,USD,UNKNOWN,UNKNOWN,,,,"Multiple: Capital One, Chase",5944,NEEDS_REVIEW,true,0.55,Accounting treatment: UNKNOWN. Retained in activity; not counted in Spending Summary. Merchant/payee not confidently extracted. Could not confidently classify accounting treatment.
15050,2025-04-29 10:22:19,105.00,USD,TRANSFER,TRANSFER,4:44 AM ET was more than the $1,,,Chase,3039,AUTO_PARSED,true,0.86,Accounting treatment: TRANSFER. Merchant extracted by generic at. Retained in activity; not counted in Spending Summary.
14428,2025-04-29 04:07:44,5.00,USD,UNKNOWN,UNKNOWN,,,,"Multiple: Capital One, Chase",5944,NEEDS_REVIEW,true,0.55,Accounting treatment: UNKNOWN. Retained in activity; not counted in Spending Summary. Merchant/payee not confidently extracted. Could not confidently classify accounting treatment.
14429,2025-04-28 21:34:09,323.63,USD,UNKNOWN,UNKNOWN,,,,"Multiple: Capital One, Chase",5944,NEEDS_REVIEW,true,0.55,Accounting treatment: UNKNOWN. Retained in activity; not counted in Spending Summary. Merchant/payee not confidently extracted. Could not confidently classify accounting treatment.
14430,2025-04-28 04:10:47,5.00,USD,UNKNOWN,UNKNOWN,,,,"Multiple: Capital One, Chase",5944,NEEDS_REVIEW,true,0.55,Accounting treatment: UNKNOWN. Retained in activity; not counted in Spending Summary. Merchant/payee not confidently extracted. Could not confidently classify accounting treatment.
14431,2025-04-27 11:13:40,25.15,USD,UNKNOWN,UNKNOWN,,,,"Multiple: Capital One, Chase",5944,NEEDS_REVIEW,true,0.55,Accounting treatment: UNKNOWN. Retained in activity; not counted in Spending Summary. Merchant/payee not confidently extracted. Could not confidently classify accounting treatment.
14432,2025-04-27 11:08:12,9.98,USD,UNKNOWN,UNKNOWN,,,,"Multiple: Capital One, Chase",5944,NEEDS_REVIEW,true,0.55,Accounting treatment: UNKNOWN. Retained in activity; not counted in Spending Summary. Merchant/payee not confidently extracted. Could not confidently classify accounting treatment.
14433,2025-04-27 11:01:01,5.72,USD,UNKNOWN,UNKNOWN,,,,"Multiple: Capital One, Chase",5944,NEEDS_REVIEW,true,0.55,Accounting treatment: UNKNOWN. Retained in activity; not counted in Spending Summary. Merchant/payee not confidently extracted. Could not confidently classify accounting treatment.
15051,2025-04-27 10:22:17,66.35,USD,EXPENSE,EXPENSE,COSTCO WHSE #0655 on Apr 27,Groceries,General,Chase,3039,AUTO_PARSED,false,0.90,Accounting treatment: EXPENSE. Merchant extracted by action merchant. Suggested category: Groceries/General.
14434,2025-04-27 09:24:19,37.61,USD,UNKNOWN,UNKNOWN,,,,"Multiple: Capital One, Chase",5944,NEEDS_REVIEW,true,0.55,Accounting treatment: UNKNOWN. Retained in activity; not counted in Spending Summary. Merchant/payee not confidently extracted. Could not confidently classify accounting treatment.
14435,2025-04-27 04:10:20,5.00,USD,UNKNOWN,UNKNOWN,,,,"Multiple: Capital One, Chase",5944,NEEDS_REVIEW,true,0.55,Accounting treatment: UNKNOWN. Retained in activity; not counted in Spending Summary. Merchant/payee not confidently extracted. Could not confidently classify accounting treatment.
14436,2025-04-26 20:54:03,49.63,USD,UNKNOWN,UNKNOWN,,,,"Multiple: Capital One, Chase",5944,NEEDS_REVIEW,true,0.55,Accounting treatment: UNKNOWN. Retained in activity; not counted in Spending Summary. Merchant/payee not confidently extracted. Could not confidently classify accounting treatment.
14437,2025-04-26 14:22:40,14.05,USD,UNKNOWN,UNKNOWN,,,,"Multiple: Capital One, Chase",5944,NEEDS_REVIEW,true,0.55,Accounting treatment: UNKNOWN. Retained in activity; not counted in Spending Summary. Merchant/payee not confidently extracted. Could not confidently classify accounting treatment.
14438,2025-04-26 12:53:13,68.14,USD,UNKNOWN,UNKNOWN,,,,"Multiple: Capital One, Chase",5944,NEEDS_REVIEW,true,0.55,Accounting treatment: UNKNOWN. Retained in activity; not counted in Spending Summary. Merchant/payee not confidently extracted. Could not confidently classify accounting treatment.
14439,2025-04-26 12:29:43,1089.69,USD,UNKNOWN,UNKNOWN,,,,"Multiple: Capital One, Chase",5944,NEEDS_REVIEW,true,0.55,Accounting treatment: UNKNOWN. Retained in activity; not counted in Spending Summary. Merchant/payee not confidently extracted. Could not confidently classify accounting treatment.
15052,2025-04-26 10:46:22,1200.00,USD,TRANSFER,TRANSFER,4:56 AM ET was more than the $1,,,Chase,3039,AUTO_PARSED,true,0.86,Accounting treatment: TRANSFER. Merchant extracted by generic at. Retained in activity; not counted in Spending Summary.
14440,2025-04-26 04:09:55,5.00,USD,UNKNOWN,UNKNOWN,,,,"Multiple: Capital One, Chase",5944,NEEDS_REVIEW,true,0.55,Accounting treatment: UNKNOWN. Retained in activity; not counted in Spending Summary. Merchant/payee not confidently extracted. Could not confidently classify accounting treatment.
14441,2025-04-25 17:18:51,10.00,USD,EXPENSE,EXPENSE,NTTA AUTOCHARGE,,,"Multiple: Capital One, Chase",5944,AUTO_PARSED,false,0.86,Accounting treatment: EXPENSE. Merchant extracted by generic at.
14442,2025-04-25 17:18:03,4.00,USD,UNKNOWN,UNKNOWN,,,,"Multiple: Capital One, Chase",5944,NEEDS_REVIEW,true,0.55,Accounting treatment: UNKNOWN. Retained in activity; not counted in Spending Summary. Merchant/payee not confidently extracted. Could not confidently classify accounting treatment.
14443,2025-04-25 04:11:36,5.00,USD,UNKNOWN,UNKNOWN,,,,"Multiple: Capital One, Chase",5944,NEEDS_REVIEW,true,0.55,Accounting treatment: UNKNOWN. Retained in activity; not counted in Spending Summary. Merchant/payee not confidently extracted. Could not confidently classify accounting treatment.
14444,2025-04-24 04:10:17,5.00,USD,UNKNOWN,UNKNOWN,,,,"Multiple: Capital One, Chase",5944,NEEDS_REVIEW,true,0.55,Accounting treatment: UNKNOWN. Retained in activity; not counted in Spending Summary. Merchant/payee not confidently extracted. Could not confidently classify accounting treatment.
14445,2025-04-23 04:08:21,5.00,USD,UNKNOWN,UNKNOWN,,,,"Multiple: Capital One, Chase",5944,NEEDS_REVIEW,true,0.55,Accounting treatment: UNKNOWN. Retained in activity; not counted in Spending Summary. Merchant/payee not confidently extracted. Could not confidently classify accounting treatment.
14446,2025-04-22 19:42:02,16.26,USD,UNKNOWN,UNKNOWN,,,,"Multiple: Capital One, Chase",5944,NEEDS_REVIEW,true,0.55,Accounting treatment: UNKNOWN. Retained in activity; not counted in Spending Summary. Merchant/payee not confidently extracted. Could not confidently classify accounting treatment.
14447,2025-04-22 18:11:33,32.87,USD,UNKNOWN,UNKNOWN,,,,"Multiple: Capital One, Chase",5944,NEEDS_REVIEW,true,0.55,Accounting treatment: UNKNOWN. Retained in activity; not counted in Spending Summary. Merchant/payee not confidently extracted. Could not confidently classify accounting treatment.
15053,2025-04-22 10:27:21,105.00,USD,TRANSFER,TRANSFER,4:44 AM ET was more than the $1,,,Chase,3039,AUTO_PARSED,true,0.86,Accounting treatment: TRANSFER. Merchant extracted by generic at. Retained in activity; not counted in Spending Summary.
14448,2025-04-22 04:09:42,5.00,USD,UNKNOWN,UNKNOWN,,,,"Multiple: Capital One, Chase",5944,NEEDS_REVIEW,true,0.55,Accounting treatment: UNKNOWN. Retained in activity; not counted in Spending Summary. Merchant/payee not confidently extracted. Could not confidently classify accounting treatment.
14449,2025-04-21 04:10:05,5.00,USD,UNKNOWN,UNKNOWN,,,,"Multiple: Capital One, Chase",5944,NEEDS_REVIEW,true,0.55,Accounting treatment: UNKNOWN. Retained in activity; not counted in Spending Summary. Merchant/payee not confidently extracted. Could not confidently classify accounting treatment.
14450,2025-04-20 19:49:40,2.15,USD,UNKNOWN,UNKNOWN,,,,"Multiple: Capital One, Chase",5944,NEEDS_REVIEW,true,0.55,Accounting treatment: UNKNOWN. Retained in activity; not counted in Spending Summary. Merchant/payee not confidently extracted. Could not confidently classify accounting treatment.
14451,2025-04-20 04:09:45,5.00,USD,UNKNOWN,UNKNOWN,,,,"Multiple: Capital One, Chase",5944,NEEDS_REVIEW,true,0.55,Accounting treatment: UNKNOWN. Retained in activity; not counted in Spending Summary. Merchant/payee not confidently extracted. Could not confidently classify accounting treatment.
14452,2025-04-19 21:39:17,111.02,USD,UNKNOWN,UNKNOWN,,,,"Multiple: Capital One, Chase",5944,NEEDS_REVIEW,true,0.55,Accounting treatment: UNKNOWN. Retained in activity; not counted in Spending Summary. Merchant/payee not confidently extracted. Could not confidently classify accounting treatment.
14453,2025-04-19 15:16:58,12.99,USD,UNKNOWN,UNKNOWN,,,,"Multiple: Capital One, Chase",5944,NEEDS_REVIEW,true,0.55,Accounting treatment: UNKNOWN. Retained in activity; not counted in Spending Summary. Merchant/payee not confidently extracted. Could not confidently classify accounting treatment.
15054,2025-04-19 15:01:17,20.00,USD,PERSON_TO_PERSON,PERSON_TO_PERSON,,,,Chase,3039,NEEDS_REVIEW,true,0.55,Accounting treatment: PERSON_TO_PERSON. Zelle detected; user review recommended. Retained in activity; not counted in Spending Summary. Merchant/payee not confidently extracted.
14454,2025-04-19 13:56:03,49.71,USD,UNKNOWN,UNKNOWN,,,,"Multiple: Capital One, Chase",5944,NEEDS_REVIEW,true,0.55,Accounting treatment: UNKNOWN. Retained in activity; not counted in Spending Summary. Merchant/payee not confidently extracted. Could not confidently classify accounting treatment.
14455,2025-04-19 13:37:12,5.56,USD,UNKNOWN,UNKNOWN,,,,"Multiple: Capital One, Chase",5944,NEEDS_REVIEW,true,0.55,Accounting treatment: UNKNOWN. Retained in activity; not counted in Spending Summary. Merchant/payee not confidently extracted. Could not confidently classify accounting treatment.
14456,2025-04-19 13:34:16,6.00,USD,UNKNOWN,UNKNOWN,,,,"Multiple: Capital One, Chase",5944,NEEDS_REVIEW,true,0.55,Accounting treatment: UNKNOWN. Retained in activity; not counted in Spending Summary. Merchant/payee not confidently extracted. Could not confidently classify accounting treatment.
14457,2025-04-19 10:09:42,30.50,USD,UNKNOWN,UNKNOWN,,,,"Multiple: Capital One, Chase",5944,NEEDS_REVIEW,true,0.55,Accounting treatment: UNKNOWN. Retained in activity; not counted in Spending Summary. Merchant/payee not confidently extracted. Could not confidently classify accounting treatment.
14458,2025-04-19 04:09:31,5.00,USD,UNKNOWN,UNKNOWN,,,,"Multiple: Capital One, Chase",5944,NEEDS_REVIEW,true,0.55,Accounting treatment: UNKNOWN. Retained in activity; not counted in Spending Summary. Merchant/payee not confidently extracted. Could not confidently classify accounting treatment.
14459,2025-04-18 04:11:47,5.00,USD,UNKNOWN,UNKNOWN,,,,"Multiple: Capital One, Chase",5944,NEEDS_REVIEW,true,0.55,Accounting treatment: UNKNOWN. Retained in activity; not counted in Spending Summary. Merchant/payee not confidently extracted. Could not confidently classify accounting treatment.
14460,2025-04-17 21:28:44,33.56,USD,UNKNOWN,UNKNOWN,,,,"Multiple: Capital One, Chase",5944,NEEDS_REVIEW,true,0.55,Accounting treatment: UNKNOWN. Retained in activity; not counted in Spending Summary. Merchant/payee not confidently extracted. Could not confidently classify accounting treatment.
15055,2025-04-17 10:27:43,27.11,USD,TRANSFER,TRANSFER,3:55 AM ET was more than the $1,,,Chase,3039,AUTO_PARSED,true,0.86,Accounting treatment: TRANSFER. Merchant extracted by generic at. Retained in activity; not counted in Spending Summary.
14461,2025-04-17 04:09:10,5.00,USD,UNKNOWN,UNKNOWN,,,,"Multiple: Capital One, Chase",5944,NEEDS_REVIEW,true,0.55,Accounting treatment: UNKNOWN. Retained in activity; not counted in Spending Summary. Merchant/payee not confidently extracted. Could not confidently classify accounting treatment.
14462,2025-04-16 20:54:46,13.78,USD,UNKNOWN,UNKNOWN,,,,"Multiple: Capital One, Chase",5944,NEEDS_REVIEW,true,0.55,Accounting treatment: UNKNOWN. Retained in activity; not counted in Spending Summary. Merchant/payee not confidently extracted. Could not confidently classify accounting treatment.
14463,2025-04-16 20:27:07,20.00,USD,UNKNOWN,UNKNOWN,,,,"Multiple: Capital One, Chase",5944,NEEDS_REVIEW,true,0.55,Accounting treatment: UNKNOWN. Retained in activity; not counted in Spending Summary. Merchant/payee not confidently extracted. Could not confidently classify accounting treatment.
14464,2025-04-16 19:25:40,24.00,USD,UNKNOWN,UNKNOWN,,,,"Multiple: Capital One, Chase",5944,NEEDS_REVIEW,true,0.55,Accounting treatment: UNKNOWN. Retained in activity; not counted in Spending Summary. Merchant/payee not confidently extracted. Could not confidently classify accounting treatment.
14465,2025-04-16 04:12:53,5.00,USD,UNKNOWN,UNKNOWN,,,,"Multiple: Capital One, Chase",5944,NEEDS_REVIEW,true,0.55,Accounting treatment: UNKNOWN. Retained in activity; not counted in Spending Summary. Merchant/payee not confidently extracted. Could not confidently classify accounting treatment.
14466,2025-04-15 18:23:51,29.21,USD,UNKNOWN,UNKNOWN,,,,"Multiple: Capital One, Chase",5944,NEEDS_REVIEW,true,0.55,Accounting treatment: UNKNOWN. Retained in activity; not counted in Spending Summary. Merchant/payee not confidently extracted. Could not confidently classify accounting treatment.
14467,2025-04-15 17:54:24,2.08,USD,UNKNOWN,UNKNOWN,,,,"Multiple: Capital One, Chase",5944,NEEDS_REVIEW,true,0.55,Accounting treatment: UNKNOWN. Retained in activity; not counted in Spending Summary. Merchant/payee not confidently extracted. Could not confidently classify accounting treatment.
15056,2025-04-15 10:36:31,105.00,USD,TRANSFER,TRANSFER,4:43 AM ET was more than the $1,,,Chase,3039,AUTO_PARSED,true,0.86,Accounting treatment: TRANSFER. Merchant extracted by generic at. Retained in activity; not counted in Spending Summary.
15057,2025-04-15 10:32:56,2885.97,USD,INCOME,INCOME,4:43 AM ET was more than the $1,,,Chase,3039,AUTO_PARSED,true,0.86,Accounting treatment: INCOME. Merchant extracted by generic at. Retained in activity; not counted in Spending Summary.
14468,2025-04-15 04:11:23,5.00,USD,UNKNOWN,UNKNOWN,,,,"Multiple: Capital One, Chase",5944,NEEDS_REVIEW,true,0.55,Accounting treatment: UNKNOWN. Retained in activity; not counted in Spending Summary. Merchant/payee not confidently extracted. Could not confidently classify accounting treatment.
15058,2025-04-14 17:06:03,50.00,USD,PERSON_TO_PERSON,PERSON_TO_PERSON,,,,Chase,3039,NEEDS_REVIEW,true,0.55,Accounting treatment: PERSON_TO_PERSON. Zelle detected; user review recommended. Retained in activity; not counted in Spending Summary. Merchant/payee not confidently extracted.
15059,2025-04-14 17:03:00,47.00,USD,PERSON_TO_PERSON,PERSON_TO_PERSON,,,,Chase,3039,NEEDS_REVIEW,true,0.55,Accounting treatment: PERSON_TO_PERSON. Zelle detected; user review recommended. Retained in activity; not counted in Spending Summary. Merchant/payee not confidently extracted.
14469,2025-04-14 04:09:27,5.00,USD,UNKNOWN,UNKNOWN,,,,"Multiple: Capital One, Chase",5944,NEEDS_REVIEW,true,0.55,Accounting treatment: UNKNOWN. Retained in activity; not counted in Spending Summary. Merchant/payee not confidently extracted. Could not confidently classify accounting treatment.
14470,2025-04-14 04:08:40,100.00,USD,UNKNOWN,UNKNOWN,,,,"Multiple: Capital One, Chase",5944,NEEDS_REVIEW,true,0.55,Accounting treatment: UNKNOWN. Retained in activity; not counted in Spending Summary. Merchant/payee not confidently extracted. Could not confidently classify accounting treatment.
14471,2025-04-13 20:01:25,54.66,USD,UNKNOWN,UNKNOWN,,,,"Multiple: Capital One, Chase",5944,NEEDS_REVIEW,true,0.55,Accounting treatment: UNKNOWN. Retained in activity; not counted in Spending Summary. Merchant/payee not confidently extracted. Could not confidently classify accounting treatment.
14472,2025-04-13 17:47:23,64.95,USD,UNKNOWN,UNKNOWN,,,,"Multiple: Capital One, Chase",5944,NEEDS_REVIEW,true,0.55,Accounting treatment: UNKNOWN. Retained in activity; not counted in Spending Summary. Merchant/payee not confidently extracted. Could not confidently classify accounting treatment.
14473,2025-04-13 16:29:06,20.56,USD,UNKNOWN,UNKNOWN,,,,"Multiple: Capital One, Chase",5944,NEEDS_REVIEW,true,0.55,Accounting treatment: UNKNOWN. Retained in activity; not counted in Spending Summary. Merchant/payee not confidently extracted. Could not confidently classify accounting treatment.
14474,2025-04-13 12:37:55,4.00,USD,UNKNOWN,UNKNOWN,,,,"Multiple: Capital One, Chase",5944,NEEDS_REVIEW,true,0.55,Accounting treatment: UNKNOWN. Retained in activity; not counted in Spending Summary. Merchant/payee not confidently extracted. Could not confidently classify accounting treatment.
14475,2025-04-13 12:07:01,62.73,USD,UNKNOWN,UNKNOWN,,,,"Multiple: Capital One, Chase",5944,NEEDS_REVIEW,true,0.55,Accounting treatment: UNKNOWN. Retained in activity; not counted in Spending Summary. Merchant/payee not confidently extracted. Could not confidently classify accounting treatment.
14476,2025-04-13 07:52:46,94.17,USD,UNKNOWN,UNKNOWN,,,,"Multiple: Capital One, Chase",5944,NEEDS_REVIEW,true,0.55,Accounting treatment: UNKNOWN. Retained in activity; not counted in Spending Summary. Merchant/payee not confidently extracted. Could not confidently classify accounting treatment.
14477,2025-04-13 04:08:22,5.00,USD,UNKNOWN,UNKNOWN,,,,"Multiple: Capital One, Chase",5944,NEEDS_REVIEW,true,0.55,Accounting treatment: UNKNOWN. Retained in activity; not counted in Spending Summary. Merchant/payee not confidently extracted. Could not confidently classify accounting treatment.
14478,2025-04-12 21:12:16,6.57,USD,UNKNOWN,UNKNOWN,,,,"Multiple: Capital One, Chase",5944,NEEDS_REVIEW,true,0.55,Accounting treatment: UNKNOWN. Retained in activity; not counted in Spending Summary. Merchant/payee not confidently extracted. Could not confidently classify accounting treatment.
14479,2025-04-12 20:50:41,14.25,USD,UNKNOWN,UNKNOWN,,,,"Multiple: Capital One, Chase",5944,NEEDS_REVIEW,true,0.55,Accounting treatment: UNKNOWN. Retained in activity; not counted in Spending Summary. Merchant/payee not confidently extracted. Could not confidently classify accounting treatment.
14480,2025-04-12 04:09:40,5.00,USD,UNKNOWN,UNKNOWN,,,,"Multiple: Capital One, Chase",5944,NEEDS_REVIEW,true,0.55,Accounting treatment: UNKNOWN. Retained in activity; not counted in Spending Summary. Merchant/payee not confidently extracted. Could not confidently classify accounting treatment.
14481,2025-04-11 21:49:00,10.29,USD,UNKNOWN,UNKNOWN,,,,"Multiple: Capital One, Chase",5944,NEEDS_REVIEW,true,0.55,Accounting treatment: UNKNOWN. Retained in activity; not counted in Spending Summary. Merchant/payee not confidently extracted. Could not confidently classify accounting treatment.
14482,2025-04-11 12:41:22,8.97,USD,UNKNOWN,UNKNOWN,,,,"Multiple: Capital One, Chase",5944,NEEDS_REVIEW,true,0.55,Accounting treatment: UNKNOWN. Retained in activity; not counted in Spending Summary. Merchant/payee not confidently extracted. Could not confidently classify accounting treatment.
14483,2025-04-11 04:11:19,5.00,USD,UNKNOWN,UNKNOWN,,,,"Multiple: Capital One, Chase",5944,NEEDS_REVIEW,true,0.55,Accounting treatment: UNKNOWN. Retained in activity; not counted in Spending Summary. Merchant/payee not confidently extracted. Could not confidently classify accounting treatment.
14484,2025-04-10 19:25:53,10.00,USD,UNKNOWN,UNKNOWN,,,,"Multiple: Capital One, Chase",5944,NEEDS_REVIEW,true,0.55,Accounting treatment: UNKNOWN. Retained in activity; not counted in Spending Summary. Merchant/payee not confidently extracted. Could not confidently classify accounting treatment.
14485,2025-04-10 18:10:10,2022.83,USD,UNKNOWN,UNKNOWN,,,,"Multiple: Capital One, Chase",5944,NEEDS_REVIEW,true,0.55,Accounting treatment: UNKNOWN. Retained in activity; not counted in Spending Summary. Merchant/payee not confidently extracted. Could not confidently classify accounting treatment.
14486,2025-04-10 16:59:52,114.44,USD,UNKNOWN,UNKNOWN,,,,"Multiple: Capital One, Chase",5944,NEEDS_REVIEW,true,0.55,Accounting treatment: UNKNOWN. Retained in activity; not counted in Spending Summary. Merchant/payee not confidently extracted. Could not confidently classify accounting treatment.
14487,2025-04-10 16:41:07,5.98,USD,UNKNOWN,UNKNOWN,,,,"Multiple: Capital One, Chase",5944,NEEDS_REVIEW,true,0.55,Accounting treatment: UNKNOWN. Retained in activity; not counted in Spending Summary. Merchant/payee not confidently extracted. Could not confidently classify accounting treatment.
14488,2025-04-10 16:22:44,5.61,USD,UNKNOWN,UNKNOWN,,,,"Multiple: Capital One, Chase",5944,NEEDS_REVIEW,true,0.55,Accounting treatment: UNKNOWN. Retained in activity; not counted in Spending Summary. Merchant/payee not confidently extracted. Could not confidently classify accounting treatment.
14489,2025-04-10 15:47:50,49.10,USD,UNKNOWN,UNKNOWN,,,,"Multiple: Capital One, Chase",5944,NEEDS_REVIEW,true,0.55,Accounting treatment: UNKNOWN. Retained in activity; not counted in Spending Summary. Merchant/payee not confidently extracted. Could not confidently classify accounting treatment.
14490,2025-04-10 04:09:24,5.00,USD,UNKNOWN,UNKNOWN,,,,"Multiple: Capital One, Chase",5944,NEEDS_REVIEW,true,0.55,Accounting treatment: UNKNOWN. Retained in activity; not counted in Spending Summary. Merchant/payee not confidently extracted. Could not confidently classify accounting treatment.
14491,2025-04-09 20:46:32,1.08,USD,UNKNOWN,UNKNOWN,,,,"Multiple: Capital One, Chase",5944,NEEDS_REVIEW,true,0.55,Accounting treatment: UNKNOWN. Retained in activity; not counted in Spending Summary. Merchant/payee not confidently extracted. Could not confidently classify accounting treatment.
14492,2025-04-09 20:46:15,70.20,USD,UNKNOWN,UNKNOWN,,,,"Multiple: Capital One, Chase",5944,NEEDS_REVIEW,true,0.55,Accounting treatment: UNKNOWN. Retained in activity; not counted in Spending Summary. Merchant/payee not confidently extracted. Could not confidently classify accounting treatment.
14493,2025-04-09 19:40:13,33.75,USD,UNKNOWN,UNKNOWN,,,,"Multiple: Capital One, Chase",5944,NEEDS_REVIEW,true,0.55,Accounting treatment: UNKNOWN. Retained in activity; not counted in Spending Summary. Merchant/payee not confidently extracted. Could not confidently classify accounting treatment.
14494,2025-04-09 19:03:22,13.32,USD,UNKNOWN,UNKNOWN,,,,"Multiple: Capital One, Chase",5944,NEEDS_REVIEW,true,0.55,Accounting treatment: UNKNOWN. Retained in activity; not counted in Spending Summary. Merchant/payee not confidently extracted. Could not confidently classify accounting treatment.
15060,2025-04-09 13:01:43,2022.83,USD,TRANSFER,TRANSFER,2:01 PM ET was more than the $1,,,Chase,3039,AUTO_PARSED,true,0.86,Accounting treatment: TRANSFER. Merchant extracted by generic at. Retained in activity; not counted in Spending Summary.
14495,2025-04-09 04:10:02,5.00,USD,UNKNOWN,UNKNOWN,,,,"Multiple: Capital One, Chase",5944,NEEDS_REVIEW,true,0.55,Accounting treatment: UNKNOWN. Retained in activity; not counted in Spending Summary. Merchant/payee not confidently extracted. Could not confidently classify accounting treatment.
14496,2025-04-08 19:12:52,2.30,USD,UNKNOWN,UNKNOWN,,,,"Multiple: Capital One, Chase",5944,NEEDS_REVIEW,true,0.55,Accounting treatment: UNKNOWN. Retained in activity; not counted in Spending Summary. Merchant/payee not confidently extracted. Could not confidently classify accounting treatment.
14497,2025-04-08 18:56:30,2.29,USD,UNKNOWN,UNKNOWN,,,,"Multiple: Capital One, Chase",5944,NEEDS_REVIEW,true,0.55,Accounting treatment: UNKNOWN. Retained in activity; not counted in Spending Summary. Merchant/payee not confidently extracted. Could not confidently classify accounting treatment.
14498,2025-04-08 13:52:58,21.28,USD,UNKNOWN,UNKNOWN,,,,"Multiple: Capital One, Chase",5944,NEEDS_REVIEW,true,0.55,Accounting treatment: UNKNOWN. Retained in activity; not counted in Spending Summary. Merchant/payee not confidently extracted. Could not confidently classify accounting treatment.
14499,2025-04-08 13:41:03,32.46,USD,UNKNOWN,UNKNOWN,,,,"Multiple: Capital One, Chase",5944,NEEDS_REVIEW,true,0.55,Accounting treatment: UNKNOWN. Retained in activity; not counted in Spending Summary. Merchant/payee not confidently extracted. Could not confidently classify accounting treatment.
15061,2025-04-08 10:18:22,105.00,USD,TRANSFER,TRANSFER,4:45 AM ET was more than the $1,,,Chase,3039,AUTO_PARSED,true,0.86,Accounting treatment: TRANSFER. Merchant extracted by generic at. Retained in activity; not counted in Spending Summary.
14500,2025-04-08 04:10:07,5.00,USD,UNKNOWN,UNKNOWN,,,,"Multiple: Capital One, Chase",5944,NEEDS_REVIEW,true,0.55,Accounting treatment: UNKNOWN. Retained in activity; not counted in Spending Summary. Merchant/payee not confidently extracted. Could not confidently classify accounting treatment.
14501,2025-04-07 21:10:27,21.63,USD,UNKNOWN,UNKNOWN,,,,"Multiple: Capital One, Chase",5944,NEEDS_REVIEW,true,0.55,Accounting treatment: UNKNOWN. Retained in activity; not counted in Spending Summary. Merchant/payee not confidently extracted. Could not confidently classify accounting treatment.
14502,2025-04-07 05:31:46,5.00,USD,UNKNOWN,UNKNOWN,,,,"Multiple: Capital One, Chase",5944,NEEDS_REVIEW,true,0.55,Accounting treatment: UNKNOWN. Retained in activity; not counted in Spending Summary. Merchant/payee not confidently extracted. Could not confidently classify accounting treatment.
14503,2025-04-06 22:54:27,37.44,USD,UNKNOWN,UNKNOWN,,,,"Multiple: Capital One, Chase",5944,NEEDS_REVIEW,true,0.55,Accounting treatment: UNKNOWN. Retained in activity; not counted in Spending Summary. Merchant/payee not confidently extracted. Could not confidently classify accounting treatment.
14504,2025-04-06 16:26:31,16.72,USD,UNKNOWN,UNKNOWN,,,,"Multiple: Capital One, Chase",5944,NEEDS_REVIEW,true,0.55,Accounting treatment: UNKNOWN. Retained in activity; not counted in Spending Summary. Merchant/payee not confidently extracted. Could not confidently classify accounting treatment.
14505,2025-04-06 04:10:02,5.00,USD,UNKNOWN,UNKNOWN,,,,"Multiple: Capital One, Chase",5944,NEEDS_REVIEW,true,0.55,Accounting treatment: UNKNOWN. Retained in activity; not counted in Spending Summary. Merchant/payee not confidently extracted. Could not confidently classify accounting treatment.
14506,2025-04-05 23:05:11,47.56,USD,UNKNOWN,UNKNOWN,,,,"Multiple: Capital One, Chase",5944,NEEDS_REVIEW,true,0.55,Accounting treatment: UNKNOWN. Retained in activity; not counted in Spending Summary. Merchant/payee not confidently extracted. Could not confidently classify accounting treatment.
14507,2025-04-05 04:10:34,5.00,USD,UNKNOWN,UNKNOWN,,,,"Multiple: Capital One, Chase",5944,NEEDS_REVIEW,true,0.55,Accounting treatment: UNKNOWN. Retained in activity; not counted in Spending Summary. Merchant/payee not confidently extracted. Could not confidently classify accounting treatment.
14508,2025-04-04 04:12:06,5.00,USD,UNKNOWN,UNKNOWN,,,,"Multiple: Capital One, Chase",5944,NEEDS_REVIEW,true,0.55,Accounting treatment: UNKNOWN. Retained in activity; not counted in Spending Summary. Merchant/payee not confidently extracted. Could not confidently classify accounting treatment.
14509,2025-04-04 04:01:36,107.26,USD,UNKNOWN,UNKNOWN,,,,"Multiple: Capital One, Chase",5944,NEEDS_REVIEW,true,0.55,Accounting treatment: UNKNOWN. Retained in activity; not counted in Spending Summary. Merchant/payee not confidently extracted. Could not confidently classify accounting treatment.
14510,2025-04-03 14:25:41,11.96,USD,UNKNOWN,UNKNOWN,,,,"Multiple: Capital One, Chase",5944,NEEDS_REVIEW,true,0.55,Accounting treatment: UNKNOWN. Retained in activity; not counted in Spending Summary. Merchant/payee not confidently extracted. Could not confidently classify accounting treatment.
15062,2025-04-03 10:39:41,10.00,USD,TRANSFER,TRANSFER,3:55 AM ET was more than the $1,,,Chase,3039,AUTO_PARSED,true,0.86,Accounting treatment: TRANSFER. Merchant extracted by generic at. Retained in activity; not counted in Spending Summary.
14511,2025-04-03 10:01:10,50.25,USD,UNKNOWN,UNKNOWN,,,,"Multiple: Capital One, Chase",5944,NEEDS_REVIEW,true,0.55,Accounting treatment: UNKNOWN. Retained in activity; not counted in Spending Summary. Merchant/payee not confidently extracted. Could not confidently classify accounting treatment.
14512,2025-04-03 04:10:50,5.00,USD,UNKNOWN,UNKNOWN,,,,"Multiple: Capital One, Chase",5944,NEEDS_REVIEW,true,0.55,Accounting treatment: UNKNOWN. Retained in activity; not counted in Spending Summary. Merchant/payee not confidently extracted. Could not confidently classify accounting treatment.
14513,2025-04-02 22:38:06,34.60,USD,UNKNOWN,UNKNOWN,,,,"Multiple: Capital One, Chase",5944,NEEDS_REVIEW,true,0.55,Accounting treatment: UNKNOWN. Retained in activity; not counted in Spending Summary. Merchant/payee not confidently extracted. Could not confidently classify accounting treatment.
14514,2025-04-02 22:31:47,37.93,USD,UNKNOWN,UNKNOWN,,,,"Multiple: Capital One, Chase",5944,NEEDS_REVIEW,true,0.55,Accounting treatment: UNKNOWN. Retained in activity; not counted in Spending Summary. Merchant/payee not confidently extracted. Could not confidently classify accounting treatment.
14515,2025-04-02 21:52:54,10.00,USD,UNKNOWN,UNKNOWN,,,,"Multiple: Capital One, Chase",5944,NEEDS_REVIEW,true,0.55,Accounting treatment: UNKNOWN. Retained in activity; not counted in Spending Summary. Merchant/payee not confidently extracted. Could not confidently classify accounting treatment.
14516,2025-04-02 21:04:30,31.37,USD,UNKNOWN,UNKNOWN,,,,"Multiple: Capital One, Chase",5944,NEEDS_REVIEW,true,0.55,Accounting treatment: UNKNOWN. Retained in activity; not counted in Spending Summary. Merchant/payee not confidently extracted. Could not confidently classify accounting treatment.
14517,2025-04-02 04:12:15,5.00,USD,UNKNOWN,UNKNOWN,,,,"Multiple: Capital One, Chase",5944,NEEDS_REVIEW,true,0.55,Accounting treatment: UNKNOWN. Retained in activity; not counted in Spending Summary. Merchant/payee not confidently extracted. Could not confidently classify accounting treatment.
14518,2025-04-01 15:07:43,10.77,USD,UNKNOWN,UNKNOWN,,,,"Multiple: Capital One, Chase",5944,NEEDS_REVIEW,true,0.55,Accounting treatment: UNKNOWN. Retained in activity; not counted in Spending Summary. Merchant/payee not confidently extracted. Could not confidently classify accounting treatment.
14519,2025-04-01 14:28:28,33.00,USD,UNKNOWN,UNKNOWN,,,,"Multiple: Capital One, Chase",5944,NEEDS_REVIEW,true,0.55,Accounting treatment: UNKNOWN. Retained in activity; not counted in Spending Summary. Merchant/payee not confidently extracted. Could not confidently classify accounting treatment.
15063,2025-04-01 10:23:51,105.00,USD,TRANSFER,TRANSFER,4:50 AM ET was more than the $1,,,Chase,3039,AUTO_PARSED,true,0.86,Accounting treatment: TRANSFER. Merchant extracted by generic at. Retained in activity; not counted in Spending Summary.
15064,2025-04-01 10:23:20,1487.39,USD,TRANSFER,TRANSFER,4:50 AM ET was more than the $1,,,Chase,3039,AUTO_PARSED,true,0.86,Accounting treatment: TRANSFER. Merchant extracted by generic at. Retained in activity; not counted in Spending Summary.
14520,2025-04-01 04:19:33,5.00,USD,UNKNOWN,UNKNOWN,,,,"Multiple: Capital One, Chase",5944,NEEDS_REVIEW,true,0.55,Accounting treatment: UNKNOWN. Retained in activity; not counted in Spending Summary. Merchant/payee not confidently extracted. Could not confidently classify accounting treatment.
14521,2025-03-31 21:50:14,15.94,USD,UNKNOWN,UNKNOWN,,,,"Multiple: Capital One, Chase",5944,NEEDS_REVIEW,true,0.55,Accounting treatment: UNKNOWN. Retained in activity; not counted in Spending Summary. Merchant/payee not confidently extracted. Could not confidently classify accounting treatment.
14522,2025-03-31 21:28:02,42.22,USD,UNKNOWN,UNKNOWN,,,,"Multiple: Capital One, Chase",5944,NEEDS_REVIEW,true,0.55,Accounting treatment: UNKNOWN. Retained in activity; not counted in Spending Summary. Merchant/payee not confidently extracted. Could not confidently classify accounting treatment.
15065,2025-03-31 17:54:16,100.00,USD,PERSON_TO_PERSON,PERSON_TO_PERSON,,,,Chase,3039,NEEDS_REVIEW,true,0.55,Accounting treatment: PERSON_TO_PERSON. Zelle detected; user review recommended. Retained in activity; not counted in Spending Summary. Merchant/payee not confidently extracted.
14523,2025-03-31 10:49:46,200.00,USD,UNKNOWN,UNKNOWN,,,,"Multiple: Capital One, Chase",5944,NEEDS_REVIEW,true,0.55,Accounting treatment: UNKNOWN. Retained in activity; not counted in Spending Summary. Merchant/payee not confidently extracted. Could not confidently classify accounting treatment.
14524,2025-03-31 04:09:10,5.00,USD,UNKNOWN,UNKNOWN,,,,"Multiple: Capital One, Chase",5944,NEEDS_REVIEW,true,0.55,Accounting treatment: UNKNOWN. Retained in activity; not counted in Spending Summary. Merchant/payee not confidently extracted. Could not confidently classify accounting treatment.
15066,2025-03-31 03:31:06,17.00,USD,PERSON_TO_PERSON,PERSON_TO_PERSON,,,,Chase,3039,NEEDS_REVIEW,true,0.55,Accounting treatment: PERSON_TO_PERSON. Zelle detected; user review recommended. Retained in activity; not counted in Spending Summary. Merchant/payee not confidently extracted.
14525,2025-03-30 04:14:09,5.00,USD,UNKNOWN,UNKNOWN,,,,"Multiple: Capital One, Chase",5944,NEEDS_REVIEW,true,0.55,Accounting treatment: UNKNOWN. Retained in activity; not counted in Spending Summary. Merchant/payee not confidently extracted. Could not confidently classify accounting treatment.
14526,2025-03-29 18:05:50,2.05,USD,UNKNOWN,UNKNOWN,,,,"Multiple: Capital One, Chase",5944,NEEDS_REVIEW,true,0.55,Accounting treatment: UNKNOWN. Retained in activity; not counted in Spending Summary. Merchant/payee not confidently extracted. Could not confidently classify accounting treatment.
14527,2025-03-29 17:40:12,21.64,USD,UNKNOWN,UNKNOWN,,,,"Multiple: Capital One, Chase",5944,NEEDS_REVIEW,true,0.55,Accounting treatment: UNKNOWN. Retained in activity; not counted in Spending Summary. Merchant/payee not confidently extracted. Could not confidently classify accounting treatment.
14528,2025-03-29 15:31:51,18.34,USD,UNKNOWN,UNKNOWN,,,,"Multiple: Capital One, Chase",5944,NEEDS_REVIEW,true,0.55,Accounting treatment: UNKNOWN. Retained in activity; not counted in Spending Summary. Merchant/payee not confidently extracted. Could not confidently classify accounting treatment.
15067,2025-03-29 10:28:30,2885.97,USD,INCOME,INCOME,5:02 AM ET was more than the $1,,,Chase,3039,AUTO_PARSED,true,0.86,Accounting treatment: INCOME. Merchant extracted by generic at. Retained in activity; not counted in Spending Summary.
14529,2025-03-29 04:22:02,5.00,USD,UNKNOWN,UNKNOWN,,,,"Multiple: Capital One, Chase",5944,NEEDS_REVIEW,true,0.55,Accounting treatment: UNKNOWN. Retained in activity; not counted in Spending Summary. Merchant/payee not confidently extracted. Could not confidently classify accounting treatment.
14530,2025-03-28 22:59:02,14.05,USD,UNKNOWN,UNKNOWN,,,,"Multiple: Capital One, Chase",5944,NEEDS_REVIEW,true,0.55,Accounting treatment: UNKNOWN. Retained in activity; not counted in Spending Summary. Merchant/payee not confidently extracted. Could not confidently classify accounting treatment.
14531,2025-03-28 19:05:38,4.31,USD,UNKNOWN,UNKNOWN,,,,"Multiple: Capital One, Chase",5944,NEEDS_REVIEW,true,0.55,Accounting treatment: UNKNOWN. Retained in activity; not counted in Spending Summary. Merchant/payee not confidently extracted. Could not confidently classify accounting treatment.
14532,2025-03-28 18:45:12,24.00,USD,UNKNOWN,UNKNOWN,,,,"Multiple: Capital One, Chase",5944,NEEDS_REVIEW,true,0.55,Accounting treatment: UNKNOWN. Retained in activity; not counted in Spending Summary. Merchant/payee not confidently extracted. Could not confidently classify accounting treatment.
14533,2025-03-28 18:05:54,4.32,USD,UNKNOWN,UNKNOWN,,,,"Multiple: Capital One, Chase",5944,NEEDS_REVIEW,true,0.55,Accounting treatment: UNKNOWN. Retained in activity; not counted in Spending Summary. Merchant/payee not confidently extracted. Could not confidently classify accounting treatment.
14534,2025-03-28 16:44:43,51.78,USD,UNKNOWN,UNKNOWN,,,,"Multiple: Capital One, Chase",5944,NEEDS_REVIEW,true,0.55,Accounting treatment: UNKNOWN. Retained in activity; not counted in Spending Summary. Merchant/payee not confidently extracted. Could not confidently classify accounting treatment.
14535,2025-03-28 15:50:22,500.00,USD,UNKNOWN,UNKNOWN,,,,"Multiple: Capital One, Chase",5944,NEEDS_REVIEW,true,0.55,Accounting treatment: UNKNOWN. Retained in activity; not counted in Spending Summary. Merchant/payee not confidently extracted. Could not confidently classify accounting treatment.
14536,2025-03-28 04:26:15,5.00,USD,UNKNOWN,UNKNOWN,,,,"Multiple: Capital One, Chase",5944,NEEDS_REVIEW,true,0.55,Accounting treatment: UNKNOWN. Retained in activity; not counted in Spending Summary. Merchant/payee not confidently extracted. Could not confidently classify accounting treatment.
14537,2025-03-28 00:06:16,16.23,USD,UNKNOWN,UNKNOWN,,,,"Multiple: Capital One, Chase",5944,NEEDS_REVIEW,true,0.55,Accounting treatment: UNKNOWN. Retained in activity; not counted in Spending Summary. Merchant/payee not confidently extracted. Could not confidently classify accounting treatment.
14538,2025-03-27 23:24:40,14.03,USD,UNKNOWN,UNKNOWN,,,,"Multiple: Capital One, Chase",5944,NEEDS_REVIEW,true,0.55,Accounting treatment: UNKNOWN. Retained in activity; not counted in Spending Summary. Merchant/payee not confidently extracted. Could not confidently classify accounting treatment.
14539,2025-03-27 04:27:49,5.00,USD,UNKNOWN,UNKNOWN,,,,"Multiple: Capital One, Chase",5944,NEEDS_REVIEW,true,0.55,Accounting treatment: UNKNOWN. Retained in activity; not counted in Spending Summary. Merchant/payee not confidently extracted. Could not confidently classify accounting treatment.
14540,2025-03-27 00:41:36,10.80,USD,UNKNOWN,UNKNOWN,,,,"Multiple: Capital One, Chase",5944,NEEDS_REVIEW,true,0.55,Accounting treatment: UNKNOWN. Retained in activity; not counted in Spending Summary. Merchant/payee not confidently extracted. Could not confidently classify accounting treatment.
14541,2025-03-26 19:00:50,2.30,USD,UNKNOWN,UNKNOWN,,,,"Multiple: Capital One, Chase",5944,NEEDS_REVIEW,true,0.55,Accounting treatment: UNKNOWN. Retained in activity; not counted in Spending Summary. Merchant/payee not confidently extracted. Could not confidently classify accounting treatment.
14542,2025-03-26 18:35:51,55.72,USD,UNKNOWN,UNKNOWN,,,,"Multiple: Capital One, Chase",5944,NEEDS_REVIEW,true,0.55,Accounting treatment: UNKNOWN. Retained in activity; not counted in Spending Summary. Merchant/payee not confidently extracted. Could not confidently classify accounting treatment.
14543,2025-03-26 12:44:28,196.91,USD,UNKNOWN,UNKNOWN,,,,"Multiple: Capital One, Chase",5944,NEEDS_REVIEW,true,0.55,Accounting treatment: UNKNOWN. Retained in activity; not counted in Spending Summary. Merchant/payee not confidently extracted. Could not confidently classify accounting treatment.
14544,2025-03-26 04:22:08,5.00,USD,UNKNOWN,UNKNOWN,,,,"Multiple: Capital One, Chase",5944,NEEDS_REVIEW,true,0.55,Accounting treatment: UNKNOWN. Retained in activity; not counted in Spending Summary. Merchant/payee not confidently extracted. Could not confidently classify accounting treatment.
14545,2025-03-26 03:56:42,44.35,USD,UNKNOWN,UNKNOWN,,,,"Multiple: Capital One, Chase",5944,NEEDS_REVIEW,true,0.55,Accounting treatment: UNKNOWN. Retained in activity; not counted in Spending Summary. Merchant/payee not confidently extracted. Could not confidently classify accounting treatment.
14546,2025-03-25 22:32:14,5.00,USD,UNKNOWN,UNKNOWN,,,,"Multiple: Capital One, Chase",5944,NEEDS_REVIEW,true,0.55,Accounting treatment: UNKNOWN. Retained in activity; not counted in Spending Summary. Merchant/payee not confidently extracted. Could not confidently classify accounting treatment.
14547,2025-03-25 17:44:44,25.80,USD,UNKNOWN,UNKNOWN,,,,"Multiple: Capital One, Chase",5944,NEEDS_REVIEW,true,0.55,Accounting treatment: UNKNOWN. Retained in activity; not counted in Spending Summary. Merchant/payee not confidently extracted. Could not confidently classify accounting treatment.
14548,2025-03-25 17:02:37,4060.58,USD,UNKNOWN,UNKNOWN,,,,"Multiple: Capital One, Chase",5944,NEEDS_REVIEW,true,0.55,Accounting treatment: UNKNOWN. Retained in activity; not counted in Spending Summary. Merchant/payee not confidently extracted. Could not confidently classify accounting treatment.
15068,2025-03-25 10:20:33,1000.00,USD,TRANSFER,TRANSFER,4:50 AM ET was more than the $1,,,Chase,3039,AUTO_PARSED,true,0.86,Accounting treatment: TRANSFER. Merchant extracted by generic at. Retained in activity; not counted in Spending Summary.
15069,2025-03-25 10:19:12,105.00,USD,TRANSFER,TRANSFER,4:50 AM ET was more than the $1,,,Chase,3039,AUTO_PARSED,true,0.86,Accounting treatment: TRANSFER. Merchant extracted by generic at. Retained in activity; not counted in Spending Summary.
15070,2025-03-25 10:08:54,4060.58,USD,TRANSFER,TRANSFER,10:06 PM ET was more than the $1,,,Chase,3039,AUTO_PARSED,true,0.86,Accounting treatment: TRANSFER. Merchant extracted by generic at. Retained in activity; not counted in Spending Summary.
15071,2025-03-25 07:46:47,900.00,USD,PERSON_TO_PERSON,PERSON_TO_PERSON,,,,Chase,3039,NEEDS_REVIEW,true,0.55,Accounting treatment: PERSON_TO_PERSON. Zelle detected; user review recommended. Retained in activity; not counted in Spending Summary. Merchant/payee not confidently extracted.
14549,2025-03-25 01:47:44,86.25,USD,UNKNOWN,UNKNOWN,,,,"Multiple: Capital One, Chase",5944,NEEDS_REVIEW,true,0.55,Accounting treatment: UNKNOWN. Retained in activity; not counted in Spending Summary. Merchant/payee not confidently extracted. Could not confidently classify accounting treatment.
14550,2025-03-25 00:27:38,29.58,USD,UNKNOWN,UNKNOWN,,,,"Multiple: Capital One, Chase",5944,NEEDS_REVIEW,true,0.55,Accounting treatment: UNKNOWN. Retained in activity; not counted in Spending Summary. Merchant/payee not confidently extracted. Could not confidently classify accounting treatment.
14551,2025-03-24 23:44:53,11.90,USD,UNKNOWN,UNKNOWN,,,,"Multiple: Capital One, Chase",5944,NEEDS_REVIEW,true,0.55,Accounting treatment: UNKNOWN. Retained in activity; not counted in Spending Summary. Merchant/payee not confidently extracted. Could not confidently classify accounting treatment.
14552,2025-03-24 17:16:45,1.89,USD,UNKNOWN,UNKNOWN,,,,"Multiple: Capital One, Chase",5944,NEEDS_REVIEW,true,0.55,Accounting treatment: UNKNOWN. Retained in activity; not counted in Spending Summary. Merchant/payee not confidently extracted. Could not confidently classify accounting treatment.
15072,2025-03-24 16:49:36,100.00,USD,PERSON_TO_PERSON,PERSON_TO_PERSON,,,,Chase,3039,NEEDS_REVIEW,true,0.55,Accounting treatment: PERSON_TO_PERSON. Zelle detected; user review recommended. Retained in activity; not counted in Spending Summary. Merchant/payee not confidently extracted.
14553,2025-03-24 14:40:18,4060.58,USD,EXPENSE,EXPENSE,,,,"Multiple: Capital One, Chase",5944,NEEDS_REVIEW,false,0.55,Accounting treatment: EXPENSE. Merchant/payee not confidently extracted.
14554,2025-03-24 14:36:23,105.55,USD,UNKNOWN,UNKNOWN,,,,"Multiple: Capital One, Chase",5944,NEEDS_REVIEW,true,0.55,Accounting treatment: UNKNOWN. Retained in activity; not counted in Spending Summary. Merchant/payee not confidently extracted. Could not confidently classify accounting treatment.
14555,2025-03-24 14:36:22,105.55,USD,UNKNOWN,UNKNOWN,,,,"Multiple: Capital One, Chase",5944,NEEDS_REVIEW,true,0.55,Accounting treatment: UNKNOWN. Retained in activity; not counted in Spending Summary. Merchant/payee not confidently extracted. Could not confidently classify accounting treatment.
14556,2025-03-22 17:27:06,20.74,USD,UNKNOWN,UNKNOWN,,,,"Multiple: Capital One, Chase",5944,NEEDS_REVIEW,true,0.55,Accounting treatment: UNKNOWN. Retained in activity; not counted in Spending Summary. Merchant/payee not confidently extracted. Could not confidently classify accounting treatment.
14557,2025-03-22 16:50:22,162.38,USD,UNKNOWN,UNKNOWN,,,,"Multiple: Capital One, Chase",5944,NEEDS_REVIEW,true,0.55,Accounting treatment: UNKNOWN. Retained in activity; not counted in Spending Summary. Merchant/payee not confidently extracted. Could not confidently classify accounting treatment.
14558,2025-03-21 22:38:46,500.00,USD,UNKNOWN,UNKNOWN,,,,"Multiple: Capital One, Chase",5944,NEEDS_REVIEW,true,0.55,Accounting treatment: UNKNOWN. Retained in activity; not counted in Spending Summary. Merchant/payee not confidently extracted. Could not confidently classify accounting treatment.
14559,2025-03-21 17:43:48,20.00,USD,UNKNOWN,UNKNOWN,,,,"Multiple: Capital One, Chase",5944,NEEDS_REVIEW,true,0.55,Accounting treatment: UNKNOWN. Retained in activity; not counted in Spending Summary. Merchant/payee not confidently extracted. Could not confidently classify accounting treatment.
14560,2025-03-21 16:09:08,25.85,USD,UNKNOWN,UNKNOWN,,,,"Multiple: Capital One, Chase",5944,NEEDS_REVIEW,true,0.55,Accounting treatment: UNKNOWN. Retained in activity; not counted in Spending Summary. Merchant/payee not confidently extracted. Could not confidently classify accounting treatment.
14561,2025-03-20 22:36:27,258.67,USD,UNKNOWN,UNKNOWN,,,,"Multiple: Capital One, Chase",5944,NEEDS_REVIEW,true,0.55,Accounting treatment: UNKNOWN. Retained in activity; not counted in Spending Summary. Merchant/payee not confidently extracted. Could not confidently classify accounting treatment.
14562,2025-03-20 16:22:16,21.56,USD,UNKNOWN,UNKNOWN,,,,"Multiple: Capital One, Chase",5944,NEEDS_REVIEW,true,0.55,Accounting treatment: UNKNOWN. Retained in activity; not counted in Spending Summary. Merchant/payee not confidently extracted. Could not confidently classify accounting treatment.
14563,2025-03-19 18:37:32,5.16,USD,UNKNOWN,UNKNOWN,,,,"Multiple: Capital One, Chase",5944,NEEDS_REVIEW,true,0.55,Accounting treatment: UNKNOWN. Retained in activity; not counted in Spending Summary. Merchant/payee not confidently extracted. Could not confidently classify accounting treatment.
14564,2025-03-19 18:11:56,10.30,USD,UNKNOWN,UNKNOWN,,,,"Multiple: Capital One, Chase",5944,NEEDS_REVIEW,true,0.55,Accounting treatment: UNKNOWN. Retained in activity; not counted in Spending Summary. Merchant/payee not confidently extracted. Could not confidently classify accounting treatment.
14565,2025-03-18 23:01:08,35.56,USD,UNKNOWN,UNKNOWN,,,,"Multiple: Capital One, Chase",5944,NEEDS_REVIEW,true,0.55,Accounting treatment: UNKNOWN. Retained in activity; not counted in Spending Summary. Merchant/payee not confidently extracted. Could not confidently classify accounting treatment.
15073,2025-03-18 10:26:51,105.00,USD,TRANSFER,TRANSFER,4:44 AM ET was more than the $1,,,Chase,3039,AUTO_PARSED,true,0.86,Accounting treatment: TRANSFER. Merchant extracted by generic at. Retained in activity; not counted in Spending Summary.
15074,2025-03-18 10:09:02,1529.00,USD,INCOME,INCOME,4:44 AM ET was more than the $1,,,Chase,3039,AUTO_PARSED,true,0.86,Accounting treatment: INCOME. Merchant extracted by generic at. Retained in activity; not counted in Spending Summary.
14566,2025-03-17 18:55:19,17.25,USD,UNKNOWN,UNKNOWN,,,,"Multiple: Capital One, Chase",5944,NEEDS_REVIEW,true,0.55,Accounting treatment: UNKNOWN. Retained in activity; not counted in Spending Summary. Merchant/payee not confidently extracted. Could not confidently classify accounting treatment.
14567,2025-03-17 18:09:44,26.45,USD,UNKNOWN,UNKNOWN,,,,"Multiple: Capital One, Chase",5944,NEEDS_REVIEW,true,0.55,Accounting treatment: UNKNOWN. Retained in activity; not counted in Spending Summary. Merchant/payee not confidently extracted. Could not confidently classify accounting treatment.
14568,2025-03-17 16:36:58,10.00,USD,UNKNOWN,UNKNOWN,,,,"Multiple: Capital One, Chase",5944,NEEDS_REVIEW,true,0.55,Accounting treatment: UNKNOWN. Retained in activity; not counted in Spending Summary. Merchant/payee not confidently extracted. Could not confidently classify accounting treatment.
14569,2025-03-16 22:03:23,100.00,USD,UNKNOWN,UNKNOWN,,,,"Multiple: Capital One, Chase",5944,NEEDS_REVIEW,true,0.55,Accounting treatment: UNKNOWN. Retained in activity; not counted in Spending Summary. Merchant/payee not confidently extracted. Could not confidently classify accounting treatment.
15075,2025-03-16 18:46:48,20.03,USD,PERSON_TO_PERSON,PERSON_TO_PERSON,,,,Chase,3039,NEEDS_REVIEW,true,0.55,Accounting treatment: PERSON_TO_PERSON. Zelle detected; user review recommended. Retained in activity; not counted in Spending Summary. Merchant/payee not confidently extracted.
14570,2025-03-16 18:43:41,19.14,USD,UNKNOWN,UNKNOWN,,,,"Multiple: Capital One, Chase",5944,NEEDS_REVIEW,true,0.55,Accounting treatment: UNKNOWN. Retained in activity; not counted in Spending Summary. Merchant/payee not confidently extracted. Could not confidently classify accounting treatment.
14571,2025-03-16 18:23:38,103.30,USD,UNKNOWN,UNKNOWN,,,,"Multiple: Capital One, Chase",5944,NEEDS_REVIEW,true,0.55,Accounting treatment: UNKNOWN. Retained in activity; not counted in Spending Summary. Merchant/payee not confidently extracted. Could not confidently classify accounting treatment.
14572,2025-03-16 17:25:04,29.22,USD,UNKNOWN,UNKNOWN,,,,"Multiple: Capital One, Chase",5944,NEEDS_REVIEW,true,0.55,Accounting treatment: UNKNOWN. Retained in activity; not counted in Spending Summary. Merchant/payee not confidently extracted. Could not confidently classify accounting treatment.
15076,2025-03-15 10:23:26,27.11,USD,TRANSFER,TRANSFER,4:58 AM ET was more than the $1,,,Chase,3039,AUTO_PARSED,true,0.86,Accounting treatment: TRANSFER. Merchant extracted by generic at. Retained in activity; not counted in Spending Summary.
14573,2025-03-14 16:13:18,1.66,USD,UNKNOWN,UNKNOWN,,,,"Multiple: Capital One, Chase",5944,NEEDS_REVIEW,true,0.55,Accounting treatment: UNKNOWN. Retained in activity; not counted in Spending Summary. Merchant/payee not confidently extracted. Could not confidently classify accounting treatment.
14574,2025-03-14 15:46:35,100.00,USD,UNKNOWN,UNKNOWN,,,,"Multiple: Capital One, Chase",5944,NEEDS_REVIEW,true,0.55,Accounting treatment: UNKNOWN. Retained in activity; not counted in Spending Summary. Merchant/payee not confidently extracted. Could not confidently classify accounting treatment.
15077,2025-03-14 10:52:01,1000.74,USD,INCOME,INCOME,3:54 AM ET was more than the $1,,,Chase,3039,AUTO_PARSED,true,0.86,Accounting treatment: INCOME. Merchant extracted by generic at. Retained in activity; not counted in Spending Summary.
15078,2025-03-14 10:36:03,2885.97,USD,INCOME,INCOME,3:54 AM ET was more than the $1,,,Chase,3039,AUTO_PARSED,true,0.86,Accounting treatment: INCOME. Merchant extracted by generic at. Retained in activity; not counted in Spending Summary.
14575,2025-03-13 23:02:06,2.30,USD,UNKNOWN,UNKNOWN,,,,"Multiple: Capital One, Chase",5944,NEEDS_REVIEW,true,0.55,Accounting treatment: UNKNOWN. Retained in activity; not counted in Spending Summary. Merchant/payee not confidently extracted. Could not confidently classify accounting treatment.
14576,2025-03-13 22:29:06,50.00,USD,UNKNOWN,UNKNOWN,,,,"Multiple: Capital One, Chase",5944,NEEDS_REVIEW,true,0.55,Accounting treatment: UNKNOWN. Retained in activity; not counted in Spending Summary. Merchant/payee not confidently extracted. Could not confidently classify accounting treatment.
14577,2025-03-13 17:17:34,50.86,USD,UNKNOWN,UNKNOWN,,,,"Multiple: Capital One, Chase",5944,NEEDS_REVIEW,true,0.55,Accounting treatment: UNKNOWN. Retained in activity; not counted in Spending Summary. Merchant/payee not confidently extracted. Could not confidently classify accounting treatment.
14578,2025-03-13 13:38:12,41.27,USD,UNKNOWN,UNKNOWN,,,,"Multiple: Capital One, Chase",5944,NEEDS_REVIEW,true,0.55,Accounting treatment: UNKNOWN. Retained in activity; not counted in Spending Summary. Merchant/payee not confidently extracted. Could not confidently classify accounting treatment.
14579,2025-03-12 22:49:20,8.97,USD,UNKNOWN,UNKNOWN,,,,"Multiple: Capital One, Chase",5944,NEEDS_REVIEW,true,0.55,Accounting treatment: UNKNOWN. Retained in activity; not counted in Spending Summary. Merchant/payee not confidently extracted. Could not confidently classify accounting treatment.
14580,2025-03-12 18:46:52,1098.29,USD,UNKNOWN,UNKNOWN,,,,"Multiple: Capital One, Chase",5944,NEEDS_REVIEW,true,0.55,Accounting treatment: UNKNOWN. Retained in activity; not counted in Spending Summary. Merchant/payee not confidently extracted. Could not confidently classify accounting treatment.
15079,2025-03-12 10:37:27,1098.29,USD,TRANSFER,TRANSFER,10:12 PM ET was more than the $1,,,Chase,3039,AUTO_PARSED,true,0.86,Accounting treatment: TRANSFER. Merchant extracted by generic at. Retained in activity; not counted in Spending Summary.
14581,2025-03-11 22:20:02,2000.00,USD,UNKNOWN,UNKNOWN,,,,"Multiple: Capital One, Chase",5944,NEEDS_REVIEW,true,0.55,Accounting treatment: UNKNOWN. Retained in activity; not counted in Spending Summary. Merchant/payee not confidently extracted. Could not confidently classify accounting treatment.
14582,2025-03-11 22:19:32,500.00,USD,UNKNOWN,UNKNOWN,,,,"Multiple: Capital One, Chase",5944,NEEDS_REVIEW,true,0.55,Accounting treatment: UNKNOWN. Retained in activity; not counted in Spending Summary. Merchant/payee not confidently extracted. Could not confidently classify accounting treatment.
14583,2025-03-11 22:18:42,24.00,USD,UNKNOWN,UNKNOWN,,,,"Multiple: Capital One, Chase",5944,NEEDS_REVIEW,true,0.55,Accounting treatment: UNKNOWN. Retained in activity; not counted in Spending Summary. Merchant/payee not confidently extracted. Could not confidently classify accounting treatment.
14584,2025-03-11 21:00:31,349.14,USD,UNKNOWN,UNKNOWN,,,,"Multiple: Capital One, Chase",5944,NEEDS_REVIEW,true,0.55,Accounting treatment: UNKNOWN. Retained in activity; not counted in Spending Summary. Merchant/payee not confidently extracted. Could not confidently classify accounting treatment.
14585,2025-03-11 18:36:25,1098.29,USD,EXPENSE,EXPENSE,,,,"Multiple: Capital One, Chase",5944,NEEDS_REVIEW,false,0.55,Accounting treatment: EXPENSE. Merchant/payee not confidently extracted.
14586,2025-03-11 17:31:25,33.97,USD,UNKNOWN,UNKNOWN,,,,"Multiple: Capital One, Chase",5944,NEEDS_REVIEW,true,0.55,Accounting treatment: UNKNOWN. Retained in activity; not counted in Spending Summary. Merchant/payee not confidently extracted. Could not confidently classify accounting treatment.
15080,2025-03-11 10:26:35,105.00,USD,TRANSFER,TRANSFER,4:44 AM ET was more than the $1,,,Chase,3039,AUTO_PARSED,true,0.86,Accounting treatment: TRANSFER. Merchant extracted by generic at. Retained in activity; not counted in Spending Summary.
14587,2025-03-10 20:25:40,2.73,USD,UNKNOWN,UNKNOWN,,,,"Multiple: Capital One, Chase",5944,NEEDS_REVIEW,true,0.55,Accounting treatment: UNKNOWN. Retained in activity; not counted in Spending Summary. Merchant/payee not confidently extracted. Could not confidently classify accounting treatment.
14588,2025-03-10 17:47:41,12.91,USD,UNKNOWN,UNKNOWN,,,,"Multiple: Capital One, Chase",5944,NEEDS_REVIEW,true,0.55,Accounting treatment: UNKNOWN. Retained in activity; not counted in Spending Summary. Merchant/payee not confidently extracted. Could not confidently classify accounting treatment.
15081,2025-03-10 13:03:16,349.14,USD,TRANSFER,TRANSFER,2:03 PM ET was more than the $1,,,Chase,3039,AUTO_PARSED,true,0.86,Accounting treatment: TRANSFER. Merchant extracted by generic at. Retained in activity; not counted in Spending Summary.
14589,2025-03-08 18:14:18,107.17,USD,UNKNOWN,UNKNOWN,,,,"Multiple: Capital One, Chase",5944,NEEDS_REVIEW,true,0.55,Accounting treatment: UNKNOWN. Retained in activity; not counted in Spending Summary. Merchant/payee not confidently extracted. Could not confidently classify accounting treatment.
14590,2025-03-08 16:29:10,9.93,USD,UNKNOWN,UNKNOWN,,,,"Multiple: Capital One, Chase",5944,NEEDS_REVIEW,true,0.55,Accounting treatment: UNKNOWN. Retained in activity; not counted in Spending Summary. Merchant/payee not confidently extracted. Could not confidently classify accounting treatment.
14591,2025-03-08 15:32:48,22.71,USD,UNKNOWN,UNKNOWN,,,,"Multiple: Capital One, Chase",5944,NEEDS_REVIEW,true,0.55,Accounting treatment: UNKNOWN. Retained in activity; not counted in Spending Summary. Merchant/payee not confidently extracted. Could not confidently classify accounting treatment.
15082,2025-03-07 18:26:35,23.60,USD,PERSON_TO_PERSON,PERSON_TO_PERSON,,,,Chase,3039,NEEDS_REVIEW,true,0.55,Accounting treatment: PERSON_TO_PERSON. Zelle detected; user review recommended. Retained in activity; not counted in Spending Summary. Merchant/payee not confidently extracted.
14592,2025-03-07 17:56:17,2.30,USD,UNKNOWN,UNKNOWN,,,,"Multiple: Capital One, Chase",5944,NEEDS_REVIEW,true,0.55,Accounting treatment: UNKNOWN. Retained in activity; not counted in Spending Summary. Merchant/payee not confidently extracted. Could not confidently classify accounting treatment.
14593,2025-03-07 15:35:13,28.99,USD,UNKNOWN,UNKNOWN,,,,"Multiple: Capital One, Chase",5944,NEEDS_REVIEW,true,0.55,Accounting treatment: UNKNOWN. Retained in activity; not counted in Spending Summary. Merchant/payee not confidently extracted. Could not confidently classify accounting treatment.
14594,2025-03-07 15:28:39,1.40,USD,UNKNOWN,UNKNOWN,,,,"Multiple: Capital One, Chase",5944,NEEDS_REVIEW,true,0.55,Accounting treatment: UNKNOWN. Retained in activity; not counted in Spending Summary. Merchant/payee not confidently extracted. Could not confidently classify accounting treatment.
14595,2025-03-06 21:17:15,10.00,USD,UNKNOWN,UNKNOWN,,,,"Multiple: Capital One, Chase",5944,NEEDS_REVIEW,true,0.55,Accounting treatment: UNKNOWN. Retained in activity; not counted in Spending Summary. Merchant/payee not confidently extracted. Could not confidently classify accounting treatment.
14596,2025-03-06 21:09:37,50.00,USD,UNKNOWN,UNKNOWN,,,,"Multiple: Capital One, Chase",5944,NEEDS_REVIEW,true,0.55,Accounting treatment: UNKNOWN. Retained in activity; not counted in Spending Summary. Merchant/payee not confidently extracted. Could not confidently classify accounting treatment.
14597,2025-03-06 16:51:17,12.38,USD,UNKNOWN,UNKNOWN,,,,"Multiple: Capital One, Chase",5944,NEEDS_REVIEW,true,0.55,Accounting treatment: UNKNOWN. Retained in activity; not counted in Spending Summary. Merchant/payee not confidently extracted. Could not confidently classify accounting treatment.
14598,2025-03-06 09:22:30,649.49,USD,UNKNOWN,UNKNOWN,,,,"Multiple: Capital One, Chase",5944,NEEDS_REVIEW,true,0.55,Accounting treatment: UNKNOWN. Retained in activity; not counted in Spending Summary. Merchant/payee not confidently extracted. Could not confidently classify accounting treatment.
15083,2025-03-04 10:28:22,25.00,USD,TRANSFER,TRANSFER,4:51 AM ET was more than the $1,,,Chase,3039,AUTO_PARSED,true,0.86,Accounting treatment: TRANSFER. Merchant extracted by generic at. Retained in activity; not counted in Spending Summary.
15084,2025-03-04 10:20:25,105.00,USD,TRANSFER,TRANSFER,4:51 AM ET was more than the $1,,,Chase,3039,AUTO_PARSED,true,0.86,Accounting treatment: TRANSFER. Merchant extracted by generic at. Retained in activity; not counted in Spending Summary.
14599,2025-03-04 05:40:53,107.26,USD,UNKNOWN,UNKNOWN,,,,"Multiple: Capital One, Chase",5944,NEEDS_REVIEW,true,0.55,Accounting treatment: UNKNOWN. Retained in activity; not counted in Spending Summary. Merchant/payee not confidently extracted. Could not confidently classify accounting treatment.
14600,2025-03-03 17:40:10,9.06,USD,UNKNOWN,UNKNOWN,,,,"Multiple: Capital One, Chase",5944,NEEDS_REVIEW,true,0.55,Accounting treatment: UNKNOWN. Retained in activity; not counted in Spending Summary. Merchant/payee not confidently extracted. Could not confidently classify accounting treatment.
15085,2025-03-03 10:30:11,25.00,USD,TRANSFER,TRANSFER,4:24 AM ET was more than the $1,,,Chase,3039,AUTO_PARSED,true,0.86,Accounting treatment: TRANSFER. Merchant extracted by generic at. Retained in activity; not counted in Spending Summary.
14601,2025-03-03 10:21:19,50.25,USD,UNKNOWN,UNKNOWN,,,,"Multiple: Capital One, Chase",5944,NEEDS_REVIEW,true,0.55,Accounting treatment: UNKNOWN. Retained in activity; not counted in Spending Summary. Merchant/payee not confidently extracted. Could not confidently classify accounting treatment.
14602,2025-03-02 16:56:23,6.48,USD,UNKNOWN,UNKNOWN,,,,"Multiple: Capital One, Chase",5944,NEEDS_REVIEW,true,0.55,Accounting treatment: UNKNOWN. Retained in activity; not counted in Spending Summary. Merchant/payee not confidently extracted. Could not confidently classify accounting treatment.
14603,2025-03-02 16:28:08,29.08,USD,UNKNOWN,UNKNOWN,,,,"Multiple: Capital One, Chase",5944,NEEDS_REVIEW,true,0.55,Accounting treatment: UNKNOWN. Retained in activity; not counted in Spending Summary. Merchant/payee not confidently extracted. Could not confidently classify accounting treatment.
14604,2025-03-02 15:46:13,18.93,USD,UNKNOWN,UNKNOWN,,,,"Multiple: Capital One, Chase",5944,NEEDS_REVIEW,true,0.55,Accounting treatment: UNKNOWN. Retained in activity; not counted in Spending Summary. Merchant/payee not confidently extracted. Could not confidently classify accounting treatment.
14605,2025-03-02 15:18:51,66.89,USD,UNKNOWN,UNKNOWN,,,,"Multiple: Capital One, Chase",5944,NEEDS_REVIEW,true,0.55,Accounting treatment: UNKNOWN. Retained in activity; not counted in Spending Summary. Merchant/payee not confidently extracted. Could not confidently classify accounting treatment.
14606,2025-03-01 22:44:30,2.30,USD,UNKNOWN,UNKNOWN,,,,"Multiple: Capital One, Chase",5944,NEEDS_REVIEW,true,0.55,Accounting treatment: UNKNOWN. Retained in activity; not counted in Spending Summary. Merchant/payee not confidently extracted. Could not confidently classify accounting treatment.
14607,2025-03-01 17:12:19,9.68,USD,UNKNOWN,UNKNOWN,,,,"Multiple: Capital One, Chase",5944,NEEDS_REVIEW,true,0.55,Accounting treatment: UNKNOWN. Retained in activity; not counted in Spending Summary. Merchant/payee not confidently extracted. Could not confidently classify accounting treatment.
14608,2025-03-01 16:58:03,65.11,USD,UNKNOWN,UNKNOWN,,,,"Multiple: Capital One, Chase",5944,NEEDS_REVIEW,true,0.55,Accounting treatment: UNKNOWN. Retained in activity; not counted in Spending Summary. Merchant/payee not confidently extracted. Could not confidently classify accounting treatment.
14609,2025-02-28 16:38:56,8.39,USD,UNKNOWN,UNKNOWN,,,,"Multiple: Capital One, Chase",5944,NEEDS_REVIEW,true,0.55,Accounting treatment: UNKNOWN. Retained in activity; not counted in Spending Summary. Merchant/payee not confidently extracted. Could not confidently classify accounting treatment.
14610,2025-02-28 15:32:35,34.61,USD,UNKNOWN,UNKNOWN,,,,"Multiple: Capital One, Chase",5944,NEEDS_REVIEW,true,0.55,Accounting treatment: UNKNOWN. Retained in activity; not counted in Spending Summary. Merchant/payee not confidently extracted. Could not confidently classify accounting treatment.
15086,2025-02-28 10:10:07,2885.97,USD,INCOME,INCOME,3:56 AM ET was more than the $1,,,Chase,3039,AUTO_PARSED,true,0.86,Accounting treatment: INCOME. Merchant extracted by generic at. Retained in activity; not counted in Spending Summary.
15087,2025-02-28 05:45:14,17.00,USD,PERSON_TO_PERSON,PERSON_TO_PERSON,,,,Chase,3039,NEEDS_REVIEW,true,0.55,Accounting treatment: PERSON_TO_PERSON. Zelle detected; user review recommended. Retained in activity; not counted in Spending Summary. Merchant/payee not confidently extracted.
14611,2025-02-27 22:14:59,18.58,USD,UNKNOWN,UNKNOWN,,,,"Multiple: Capital One, Chase",5944,NEEDS_REVIEW,true,0.55,Accounting treatment: UNKNOWN. Retained in activity; not counted in Spending Summary. Merchant/payee not confidently extracted. Could not confidently classify accounting treatment.
14612,2025-02-27 17:22:04,1706.69,USD,UNKNOWN,UNKNOWN,,,,"Multiple: Capital One, Chase",5944,NEEDS_REVIEW,true,0.55,Accounting treatment: UNKNOWN. Retained in activity; not counted in Spending Summary. Merchant/payee not confidently extracted. Could not confidently classify accounting treatment.
15088,2025-02-27 10:19:28,1706.69,USD,TRANSFER,TRANSFER,10:09 PM ET was more than the $1,,,Chase,3039,AUTO_PARSED,true,0.86,Accounting treatment: TRANSFER. Merchant extracted by generic at. Retained in activity; not counted in Spending Summary.
14613,2025-02-26 18:13:44,2.99,USD,UNKNOWN,UNKNOWN,,,,"Multiple: Capital One, Chase",5944,NEEDS_REVIEW,true,0.55,Accounting treatment: UNKNOWN. Retained in activity; not counted in Spending Summary. Merchant/payee not confidently extracted. Could not confidently classify accounting treatment.
14614,2025-02-26 14:25:56,1706.69,USD,EXPENSE,EXPENSE,Feb,,,"Multiple: Capital One, Chase",5944,AUTO_PARSED,false,0.88,Accounting treatment: EXPENSE. Merchant extracted by source template outlier.
14615,2025-02-26 12:31:58,1706.69,USD,UNKNOWN,UNKNOWN,,,,"Multiple: Capital One, Chase",5944,NEEDS_REVIEW,true,0.55,Accounting treatment: UNKNOWN. Retained in activity; not counted in Spending Summary. Merchant/payee not confidently extracted. Could not confidently classify accounting treatment.
15089,2025-02-25 20:25:56,38.79,USD,PERSON_TO_PERSON,PERSON_TO_PERSON,,,,Chase,3039,NEEDS_REVIEW,true,0.55,Accounting treatment: PERSON_TO_PERSON. Zelle detected; user review recommended. Retained in activity; not counted in Spending Summary. Merchant/payee not confidently extracted.
14616,2025-02-25 20:18:07,22.26,USD,UNKNOWN,UNKNOWN,,,,"Multiple: Capital One, Chase",5944,NEEDS_REVIEW,true,0.55,Accounting treatment: UNKNOWN. Retained in activity; not counted in Spending Summary. Merchant/payee not confidently extracted. Could not confidently classify accounting treatment.
14617,2025-02-25 20:09:17,38.72,USD,UNKNOWN,UNKNOWN,,,,"Multiple: Capital One, Chase",5944,NEEDS_REVIEW,true,0.55,Accounting treatment: UNKNOWN. Retained in activity; not counted in Spending Summary. Merchant/payee not confidently extracted. Could not confidently classify accounting treatment.
14618,2025-02-25 17:55:18,9.03,USD,UNKNOWN,UNKNOWN,,,,"Multiple: Capital One, Chase",5944,NEEDS_REVIEW,true,0.55,Accounting treatment: UNKNOWN. Retained in activity; not counted in Spending Summary. Merchant/payee not confidently extracted. Could not confidently classify accounting treatment.
15090,2025-02-25 10:08:39,105.00,USD,TRANSFER,TRANSFER,4:43 AM ET was more than the $1,,,Chase,3039,AUTO_PARSED,true,0.86,Accounting treatment: TRANSFER. Merchant extracted by generic at. Retained in activity; not counted in Spending Summary.
14619,2025-02-24 21:53:25,10.09,USD,UNKNOWN,UNKNOWN,,,,"Multiple: Capital One, Chase",5944,NEEDS_REVIEW,true,0.55,Accounting treatment: UNKNOWN. Retained in activity; not counted in Spending Summary. Merchant/payee not confidently extracted. Could not confidently classify accounting treatment.
14620,2025-02-24 21:45:33,9.87,USD,UNKNOWN,UNKNOWN,,,,"Multiple: Capital One, Chase",5944,NEEDS_REVIEW,true,0.55,Accounting treatment: UNKNOWN. Retained in activity; not counted in Spending Summary. Merchant/payee not confidently extracted. Could not confidently classify accounting treatment.
14621,2025-02-24 16:22:43,2.84,USD,UNKNOWN,UNKNOWN,,,,"Multiple: Capital One, Chase",5944,NEEDS_REVIEW,true,0.55,Accounting treatment: UNKNOWN. Retained in activity; not counted in Spending Summary. Merchant/payee not confidently extracted. Could not confidently classify accounting treatment.
14622,2025-02-24 12:09:29,64.94,USD,UNKNOWN,UNKNOWN,,,,"Multiple: Capital One, Chase",5944,NEEDS_REVIEW,true,0.55,Accounting treatment: UNKNOWN. Retained in activity; not counted in Spending Summary. Merchant/payee not confidently extracted. Could not confidently classify accounting treatment.
14623,2025-02-23 21:11:34,4.63,USD,UNKNOWN,UNKNOWN,,,,"Multiple: Capital One, Chase",5944,NEEDS_REVIEW,true,0.55,Accounting treatment: UNKNOWN. Retained in activity; not counted in Spending Summary. Merchant/payee not confidently extracted. Could not confidently classify accounting treatment.
14624,2025-02-23 20:22:20,20.93,USD,UNKNOWN,UNKNOWN,,,,"Multiple: Capital One, Chase",5944,NEEDS_REVIEW,true,0.55,Accounting treatment: UNKNOWN. Retained in activity; not counted in Spending Summary. Merchant/payee not confidently extracted. Could not confidently classify accounting treatment.
14625,2025-02-23 18:39:46,18.84,USD,UNKNOWN,UNKNOWN,,,,"Multiple: Capital One, Chase",5944,NEEDS_REVIEW,true,0.55,Accounting treatment: UNKNOWN. Retained in activity; not counted in Spending Summary. Merchant/payee not confidently extracted. Could not confidently classify accounting treatment.
14626,2025-02-23 17:52:53,16.19,USD,UNKNOWN,UNKNOWN,,,,"Multiple: Capital One, Chase",5944,NEEDS_REVIEW,true,0.55,Accounting treatment: UNKNOWN. Retained in activity; not counted in Spending Summary. Merchant/payee not confidently extracted. Could not confidently classify accounting treatment.
14627,2025-02-23 17:30:38,58.10,USD,UNKNOWN,UNKNOWN,,,,"Multiple: Capital One, Chase",5944,NEEDS_REVIEW,true,0.55,Accounting treatment: UNKNOWN. Retained in activity; not counted in Spending Summary. Merchant/payee not confidently extracted. Could not confidently classify accounting treatment.
14628,2025-02-22 21:28:26,751.90,USD,UNKNOWN,UNKNOWN,,,,"Multiple: Capital One, Chase",5944,NEEDS_REVIEW,true,0.55,Accounting treatment: UNKNOWN. Retained in activity; not counted in Spending Summary. Merchant/payee not confidently extracted. Could not confidently classify accounting treatment.
14629,2025-02-22 12:50:51,4.88,USD,UNKNOWN,UNKNOWN,,,,"Multiple: Capital One, Chase",5944,NEEDS_REVIEW,true,0.55,Accounting treatment: UNKNOWN. Retained in activity; not counted in Spending Summary. Merchant/payee not confidently extracted. Could not confidently classify accounting treatment.
14630,2025-02-21 13:51:12,20.00,USD,UNKNOWN,UNKNOWN,,,,"Multiple: Capital One, Chase",5944,NEEDS_REVIEW,true,0.55,Accounting treatment: UNKNOWN. Retained in activity; not counted in Spending Summary. Merchant/payee not confidently extracted. Could not confidently classify accounting treatment.
14631,2025-02-20 20:36:16,17.32,USD,UNKNOWN,UNKNOWN,,,,"Multiple: Capital One, Chase",5944,NEEDS_REVIEW,true,0.55,Accounting treatment: UNKNOWN. Retained in activity; not counted in Spending Summary. Merchant/payee not confidently extracted. Could not confidently classify accounting treatment.
14632,2025-02-20 19:18:23,25.70,USD,UNKNOWN,UNKNOWN,,,,"Multiple: Capital One, Chase",5944,NEEDS_REVIEW,true,0.55,Accounting treatment: UNKNOWN. Retained in activity; not counted in Spending Summary. Merchant/payee not confidently extracted. Could not confidently classify accounting treatment.
15091,2025-02-19 10:51:15,105.00,USD,TRANSFER,TRANSFER,4:28 AM ET was more than the $1,,,Chase,3039,AUTO_PARSED,true,0.86,Accounting treatment: TRANSFER. Merchant extracted by generic at. Retained in activity; not counted in Spending Summary.
15092,2025-02-17 22:00:36,11.69,USD,PERSON_TO_PERSON,PERSON_TO_PERSON,,,,Chase,3039,NEEDS_REVIEW,true,0.55,Accounting treatment: PERSON_TO_PERSON. Zelle detected; user review recommended. Retained in activity; not counted in Spending Summary. Merchant/payee not confidently extracted.
14633,2025-02-17 20:34:18,11.69,USD,UNKNOWN,UNKNOWN,,,,"Multiple: Capital One, Chase",5944,NEEDS_REVIEW,true,0.55,Accounting treatment: UNKNOWN. Retained in activity; not counted in Spending Summary. Merchant/payee not confidently extracted. Could not confidently classify accounting treatment.
14634,2025-02-17 17:51:33,19.27,USD,UNKNOWN,UNKNOWN,,,,"Multiple: Capital One, Chase",5944,NEEDS_REVIEW,true,0.55,Accounting treatment: UNKNOWN. Retained in activity; not counted in Spending Summary. Merchant/payee not confidently extracted. Could not confidently classify accounting treatment.
14635,2025-02-17 16:37:26,49.80,USD,UNKNOWN,UNKNOWN,,,,"Multiple: Capital One, Chase",5944,NEEDS_REVIEW,true,0.55,Accounting treatment: UNKNOWN. Retained in activity; not counted in Spending Summary. Merchant/payee not confidently extracted. Could not confidently classify accounting treatment.
14636,2025-02-16 21:53:33,8.91,USD,UNKNOWN,UNKNOWN,,,,"Multiple: Capital One, Chase",5944,NEEDS_REVIEW,true,0.55,Accounting treatment: UNKNOWN. Retained in activity; not counted in Spending Summary. Merchant/payee not confidently extracted. Could not confidently classify accounting treatment.
14637,2025-02-16 21:27:46,51.80,USD,UNKNOWN,UNKNOWN,,,,"Multiple: Capital One, Chase",5944,NEEDS_REVIEW,true,0.55,Accounting treatment: UNKNOWN. Retained in activity; not counted in Spending Summary. Merchant/payee not confidently extracted. Could not confidently classify accounting treatment.
14638,2025-02-16 18:21:46,15.81,USD,UNKNOWN,UNKNOWN,,,,"Multiple: Capital One, Chase",5944,NEEDS_REVIEW,true,0.55,Accounting treatment: UNKNOWN. Retained in activity; not counted in Spending Summary. Merchant/payee not confidently extracted. Could not confidently classify accounting treatment.
14639,2025-02-15 20:07:07,10.71,USD,UNKNOWN,UNKNOWN,,,,"Multiple: Capital One, Chase",5944,NEEDS_REVIEW,true,0.55,Accounting treatment: UNKNOWN. Retained in activity; not counted in Spending Summary. Merchant/payee not confidently extracted. Could not confidently classify accounting treatment.
14640,2025-02-15 19:40:48,24.00,USD,UNKNOWN,UNKNOWN,,,,"Multiple: Capital One, Chase",5944,NEEDS_REVIEW,true,0.55,Accounting treatment: UNKNOWN. Retained in activity; not counted in Spending Summary. Merchant/payee not confidently extracted. Could not confidently classify accounting treatment.
14641,2025-02-15 12:50:22,80.00,USD,UNKNOWN,UNKNOWN,,,,"Multiple: Capital One, Chase",5944,NEEDS_REVIEW,true,0.55,Accounting treatment: UNKNOWN. Retained in activity; not counted in Spending Summary. Merchant/payee not confidently extracted. Could not confidently classify accounting treatment.
15093,2025-02-15 12:04:37,27.11,USD,TRANSFER,TRANSFER,4:59 AM ET was more than the $1,,,Chase,3039,AUTO_PARSED,true,0.86,Accounting treatment: TRANSFER. Merchant extracted by generic at. Retained in activity; not counted in Spending Summary.
14642,2025-02-14 13:56:56,11.96,USD,UNKNOWN,UNKNOWN,,,,"Multiple: Capital One, Chase",5944,NEEDS_REVIEW,true,0.55,Accounting treatment: UNKNOWN. Retained in activity; not counted in Spending Summary. Merchant/payee not confidently extracted. Could not confidently classify accounting treatment.
14643,2025-02-14 13:38:05,20.00,USD,UNKNOWN,UNKNOWN,,,,"Multiple: Capital One, Chase",5944,NEEDS_REVIEW,true,0.55,Accounting treatment: UNKNOWN. Retained in activity; not counted in Spending Summary. Merchant/payee not confidently extracted. Could not confidently classify accounting treatment.
15094,2025-02-14 10:29:36,2885.97,USD,INCOME,INCOME,3:56 AM ET was more than the $1,,,Chase,3039,AUTO_PARSED,true,0.86,Accounting treatment: INCOME. Merchant extracted by generic at. Retained in activity; not counted in Spending Summary.
14644,2025-02-11 19:29:09,44.06,USD,UNKNOWN,UNKNOWN,,,,"Multiple: Capital One, Chase",5944,NEEDS_REVIEW,true,0.55,Accounting treatment: UNKNOWN. Retained in activity; not counted in Spending Summary. Merchant/payee not confidently extracted. Could not confidently classify accounting treatment.
14645,2025-02-11 19:29:05,7.57,USD,UNKNOWN,UNKNOWN,,,,"Multiple: Capital One, Chase",5944,NEEDS_REVIEW,true,0.55,Accounting treatment: UNKNOWN. Retained in activity; not counted in Spending Summary. Merchant/payee not confidently extracted. Could not confidently classify accounting treatment.
14646,2025-02-11 15:43:17,328.77,USD,UNKNOWN,UNKNOWN,,,,"Multiple: Capital One, Chase",5944,NEEDS_REVIEW,true,0.55,Accounting treatment: UNKNOWN. Retained in activity; not counted in Spending Summary. Merchant/payee not confidently extracted. Could not confidently classify accounting treatment.
14647,2025-02-11 13:17:55,8.24,USD,UNKNOWN,UNKNOWN,,,,"Multiple: Capital One, Chase",5944,NEEDS_REVIEW,true,0.55,Accounting treatment: UNKNOWN. Retained in activity; not counted in Spending Summary. Merchant/payee not confidently extracted. Could not confidently classify accounting treatment.
14648,2025-02-11 13:09:30,7.46,USD,UNKNOWN,UNKNOWN,,,,"Multiple: Capital One, Chase",5944,NEEDS_REVIEW,true,0.55,Accounting treatment: UNKNOWN. Retained in activity; not counted in Spending Summary. Merchant/payee not confidently extracted. Could not confidently classify accounting treatment.
15095,2025-02-11 10:40:38,1480.54,USD,TRANSFER,TRANSFER,4:45 AM ET was more than the $1,,,Chase,3039,AUTO_PARSED,true,0.86,Accounting treatment: TRANSFER. Merchant extracted by generic at. Retained in activity; not counted in Spending Summary.
15096,2025-02-11 10:25:51,105.00,USD,TRANSFER,TRANSFER,4:45 AM ET was more than the $1,,,Chase,3039,AUTO_PARSED,true,0.86,Accounting treatment: TRANSFER. Merchant extracted by generic at. Retained in activity; not counted in Spending Summary.
15097,2025-02-10 13:00:03,328.77,USD,TRANSFER,TRANSFER,1:59 PM ET was more than the $1,,,Chase,3039,AUTO_PARSED,true,0.86,Accounting treatment: TRANSFER. Merchant extracted by generic at. Retained in activity; not counted in Spending Summary.
14649,2025-02-10 10:47:43,5.27,USD,UNKNOWN,UNKNOWN,,,,"Multiple: Capital One, Chase",5944,NEEDS_REVIEW,true,0.55,Accounting treatment: UNKNOWN. Retained in activity; not counted in Spending Summary. Merchant/payee not confidently extracted. Could not confidently classify accounting treatment.
14650,2025-02-10 00:11:49,118.01,USD,UNKNOWN,UNKNOWN,,,,"Multiple: Capital One, Chase",5944,NEEDS_REVIEW,true,0.55,Accounting treatment: UNKNOWN. Retained in activity; not counted in Spending Summary. Merchant/payee not confidently extracted. Could not confidently classify accounting treatment.
14651,2025-02-09 21:26:43,33.53,USD,UNKNOWN,UNKNOWN,,,,"Multiple: Capital One, Chase",5944,NEEDS_REVIEW,true,0.55,Accounting treatment: UNKNOWN. Retained in activity; not counted in Spending Summary. Merchant/payee not confidently extracted. Could not confidently classify accounting treatment.
14652,2025-02-09 12:38:41,35.70,USD,UNKNOWN,UNKNOWN,,,,"Multiple: Capital One, Chase",5944,NEEDS_REVIEW,true,0.55,Accounting treatment: UNKNOWN. Retained in activity; not counted in Spending Summary. Merchant/payee not confidently extracted. Could not confidently classify accounting treatment.
14653,2025-02-09 12:26:29,26.73,USD,UNKNOWN,UNKNOWN,,,,"Multiple: Capital One, Chase",5944,NEEDS_REVIEW,true,0.55,Accounting treatment: UNKNOWN. Retained in activity; not counted in Spending Summary. Merchant/payee not confidently extracted. Could not confidently classify accounting treatment.
14654,2025-02-08 18:33:40,12.99,USD,UNKNOWN,UNKNOWN,,,,"Multiple: Capital One, Chase",5944,NEEDS_REVIEW,true,0.55,Accounting treatment: UNKNOWN. Retained in activity; not counted in Spending Summary. Merchant/payee not confidently extracted. Could not confidently classify accounting treatment.
14655,2025-02-08 11:55:58,36.20,USD,UNKNOWN,UNKNOWN,,,,"Multiple: Capital One, Chase",5944,NEEDS_REVIEW,true,0.55,Accounting treatment: UNKNOWN. Retained in activity; not counted in Spending Summary. Merchant/payee not confidently extracted. Could not confidently classify accounting treatment.
15098,2025-02-07 14:20:41,3.00,USD,PERSON_TO_PERSON,PERSON_TO_PERSON,,,,Chase,3039,NEEDS_REVIEW,true,0.55,Accounting treatment: PERSON_TO_PERSON. Zelle detected; user review recommended. Retained in activity; not counted in Spending Summary. Merchant/payee not confidently extracted.
14656,2025-02-07 14:00:11,7.76,USD,UNKNOWN,UNKNOWN,,,,"Multiple: Capital One, Chase",5944,NEEDS_REVIEW,true,0.55,Accounting treatment: UNKNOWN. Retained in activity; not counted in Spending Summary. Merchant/payee not confidently extracted. Could not confidently classify accounting treatment.
14657,2025-02-06 19:22:26,28.79,USD,UNKNOWN,UNKNOWN,,,,"Multiple: Capital One, Chase",5944,NEEDS_REVIEW,true,0.55,Accounting treatment: UNKNOWN. Retained in activity; not counted in Spending Summary. Merchant/payee not confidently extracted. Could not confidently classify accounting treatment.
14658,2025-02-06 04:43:41,24.89,USD,UNKNOWN,UNKNOWN,,,,"Multiple: Capital One, Chase",5944,NEEDS_REVIEW,true,0.55,Accounting treatment: UNKNOWN. Retained in activity; not counted in Spending Summary. Merchant/payee not confidently extracted. Could not confidently classify accounting treatment.
14659,2025-02-05 19:57:50,25.86,USD,UNKNOWN,UNKNOWN,,,,"Multiple: Capital One, Chase",5944,NEEDS_REVIEW,true,0.55,Accounting treatment: UNKNOWN. Retained in activity; not counted in Spending Summary. Merchant/payee not confidently extracted. Could not confidently classify accounting treatment.
14660,2025-02-04 20:14:29,1342.88,USD,UNKNOWN,UNKNOWN,,,,"Multiple: Capital One, Chase",5944,NEEDS_REVIEW,true,0.55,Accounting treatment: UNKNOWN. Retained in activity; not counted in Spending Summary. Merchant/payee not confidently extracted. Could not confidently classify accounting treatment.
15099,2025-02-04 10:20:36,105.00,USD,TRANSFER,TRANSFER,4:49 AM ET was more than the $1,,,Chase,3039,AUTO_PARSED,true,0.86,Accounting treatment: TRANSFER. Merchant extracted by generic at. Retained in activity; not counted in Spending Summary.
14661,2025-02-04 04:46:48,105.66,USD,UNKNOWN,UNKNOWN,,,,"Multiple: Capital One, Chase",5944,NEEDS_REVIEW,true,0.55,Accounting treatment: UNKNOWN. Retained in activity; not counted in Spending Summary. Merchant/payee not confidently extracted. Could not confidently classify accounting treatment.
14662,2025-02-04 03:04:03,9.73,USD,UNKNOWN,UNKNOWN,,,,"Multiple: Capital One, Chase",5944,NEEDS_REVIEW,true,0.55,Accounting treatment: UNKNOWN. Retained in activity; not counted in Spending Summary. Merchant/payee not confidently extracted. Could not confidently classify accounting treatment.
14663,2025-02-03 23:10:26,5.62,USD,UNKNOWN,UNKNOWN,,,,"Multiple: Capital One, Chase",5944,NEEDS_REVIEW,true,0.55,Accounting treatment: UNKNOWN. Retained in activity; not counted in Spending Summary. Merchant/payee not confidently extracted. Could not confidently classify accounting treatment.
15100,2025-02-03 11:27:03,1342.88,USD,TRANSFER,TRANSFER,12:26 PM ET was more than the $1,,,Chase,3039,AUTO_PARSED,true,0.86,Accounting treatment: TRANSFER. Merchant extracted by generic at. Retained in activity; not counted in Spending Summary.
15101,2025-02-03 10:26:44,25.00,USD,TRANSFER,TRANSFER,4:18 AM ET was more than the $1,,,Chase,3039,AUTO_PARSED,true,0.86,Accounting treatment: TRANSFER. Merchant extracted by generic at. Retained in activity; not counted in Spending Summary.
14664,2025-02-03 09:36:00,50.25,USD,UNKNOWN,UNKNOWN,,,,"Multiple: Capital One, Chase",5944,NEEDS_REVIEW,true,0.55,Accounting treatment: UNKNOWN. Retained in activity; not counted in Spending Summary. Merchant/payee not confidently extracted. Could not confidently classify accounting treatment.
14665,2025-02-01 19:02:06,6.48,USD,UNKNOWN,UNKNOWN,,,,"Multiple: Capital One, Chase",5944,NEEDS_REVIEW,true,0.55,Accounting treatment: UNKNOWN. Retained in activity; not counted in Spending Summary. Merchant/payee not confidently extracted. Could not confidently classify accounting treatment.
15102,2025-02-01 15:23:36,41.90,USD,PERSON_TO_PERSON,PERSON_TO_PERSON,,,,Chase,3039,NEEDS_REVIEW,true,0.55,Accounting treatment: PERSON_TO_PERSON. Zelle detected; user review recommended. Retained in activity; not counted in Spending Summary. Merchant/payee not confidently extracted.
14666,2025-02-01 13:18:42,26.02,USD,UNKNOWN,UNKNOWN,,,,"Multiple: Capital One, Chase",5944,NEEDS_REVIEW,true,0.55,Accounting treatment: UNKNOWN. Retained in activity; not counted in Spending Summary. Merchant/payee not confidently extracted. Could not confidently classify accounting treatment.
15103,2025-02-01 10:35:41,53.04,USD,TRANSFER,TRANSFER,4:59 AM ET was more than the $1,,,Chase,3039,AUTO_PARSED,true,0.86,Accounting treatment: TRANSFER. Merchant extracted by generic at. Retained in activity; not counted in Spending Summary.
14667,2025-01-31 19:46:16,24.05,USD,UNKNOWN,UNKNOWN,,,,"Multiple: Capital One, Chase",5944,NEEDS_REVIEW,true,0.55,Accounting treatment: UNKNOWN. Retained in activity; not counted in Spending Summary. Merchant/payee not confidently extracted. Could not confidently classify accounting treatment.
14668,2025-01-31 14:57:33,20.00,USD,UNKNOWN,UNKNOWN,,,,"Multiple: Capital One, Chase",5944,NEEDS_REVIEW,true,0.55,Accounting treatment: UNKNOWN. Retained in activity; not counted in Spending Summary. Merchant/payee not confidently extracted. Could not confidently classify accounting treatment.
14669,2025-01-31 14:57:04,20.00,USD,UNKNOWN,UNKNOWN,,,,"Multiple: Capital One, Chase",5944,NEEDS_REVIEW,true,0.55,Accounting treatment: UNKNOWN. Retained in activity; not counted in Spending Summary. Merchant/payee not confidently extracted. Could not confidently classify accounting treatment.
15104,2025-01-31 10:10:24,3032.09,USD,INCOME,INCOME,3:52 AM ET was more than the $1,,,Chase,3039,AUTO_PARSED,true,0.86,Accounting treatment: INCOME. Merchant extracted by generic at. Retained in activity; not counted in Spending Summary.
15105,2025-01-31 04:15:47,17.00,USD,PERSON_TO_PERSON,PERSON_TO_PERSON,,,,Chase,3039,NEEDS_REVIEW,true,0.55,Accounting treatment: PERSON_TO_PERSON. Zelle detected; user review recommended. Retained in activity; not counted in Spending Summary. Merchant/payee not confidently extracted.
15106,2025-01-30 23:27:08,30.00,USD,PERSON_TO_PERSON,PERSON_TO_PERSON,,,,Chase,3039,NEEDS_REVIEW,true,0.55,Accounting treatment: PERSON_TO_PERSON. Zelle detected; user review recommended. Retained in activity; not counted in Spending Summary. Merchant/payee not confidently extracted.
14670,2025-01-30 18:02:37,20.10,USD,UNKNOWN,UNKNOWN,,,,"Multiple: Capital One, Chase",5944,NEEDS_REVIEW,true,0.55,Accounting treatment: UNKNOWN. Retained in activity; not counted in Spending Summary. Merchant/payee not confidently extracted. Could not confidently classify accounting treatment.
14671,2025-01-29 14:36:02,70.63,USD,UNKNOWN,UNKNOWN,,,,"Multiple: Capital One, Chase",5944,NEEDS_REVIEW,true,0.55,Accounting treatment: UNKNOWN. Retained in activity; not counted in Spending Summary. Merchant/payee not confidently extracted. Could not confidently classify accounting treatment.
15107,2025-01-28 21:42:36,30.00,USD,PERSON_TO_PERSON,PERSON_TO_PERSON,,,,Chase,3039,NEEDS_REVIEW,true,0.55,Accounting treatment: PERSON_TO_PERSON. Zelle detected; user review recommended. Retained in activity; not counted in Spending Summary. Merchant/payee not confidently extracted.
14672,2025-01-28 19:51:56,15.44,USD,UNKNOWN,UNKNOWN,,,,"Multiple: Capital One, Chase",5944,NEEDS_REVIEW,true,0.55,Accounting treatment: UNKNOWN. Retained in activity; not counted in Spending Summary. Merchant/payee not confidently extracted. Could not confidently classify accounting treatment.
14673,2025-01-28 17:35:41,775.00,USD,UNKNOWN,UNKNOWN,,,,"Multiple: Capital One, Chase",5944,NEEDS_REVIEW,true,0.55,Accounting treatment: UNKNOWN. Retained in activity; not counted in Spending Summary. Merchant/payee not confidently extracted. Could not confidently classify accounting treatment.
15108,2025-01-28 10:25:42,105.00,USD,TRANSFER,TRANSFER,4:42 AM ET was more than the $1,,,Chase,3039,AUTO_PARSED,true,0.86,Accounting treatment: TRANSFER. Merchant extracted by generic at. Retained in activity; not counted in Spending Summary.
15109,2025-01-27 10:13:08,1151.81,USD,TRANSFER,TRANSFER,1:37 AM ET was more than the $1,,,Chase,3039,AUTO_PARSED,true,0.86,Accounting treatment: TRANSFER. Merchant extracted by generic at. Retained in activity; not counted in Spending Summary.
14674,2025-01-26 22:49:48,62.59,USD,UNKNOWN,UNKNOWN,,,,"Multiple: Capital One, Chase",5944,NEEDS_REVIEW,true,0.55,Accounting treatment: UNKNOWN. Retained in activity; not counted in Spending Summary. Merchant/payee not confidently extracted. Could not confidently classify accounting treatment.
14675,2025-01-26 16:52:49,21.00,USD,UNKNOWN,UNKNOWN,,,,"Multiple: Capital One, Chase",5944,NEEDS_REVIEW,true,0.55,Accounting treatment: UNKNOWN. Retained in activity; not counted in Spending Summary. Merchant/payee not confidently extracted. Could not confidently classify accounting treatment.
14676,2025-01-26 15:42:53,1151.81,USD,UNKNOWN,UNKNOWN,,,,"Multiple: Capital One, Chase",5944,NEEDS_REVIEW,true,0.55,Accounting treatment: UNKNOWN. Retained in activity; not counted in Spending Summary. Merchant/payee not confidently extracted. Could not confidently classify accounting treatment.
14677,2025-01-26 12:30:47,0.00,USD,UNKNOWN,UNKNOWN,,,,"Multiple: Capital One, Chase",5944,NEEDS_REVIEW,true,0.55,Accounting treatment: UNKNOWN. Retained in activity; not counted in Spending Summary. Merchant/payee not confidently extracted. Could not confidently classify accounting treatment.
14678,2025-01-26 00:20:15,129.86,USD,UNKNOWN,UNKNOWN,,,,"Multiple: Capital One, Chase",5944,NEEDS_REVIEW,true,0.55,Accounting treatment: UNKNOWN. Retained in activity; not counted in Spending Summary. Merchant/payee not confidently extracted. Could not confidently classify accounting treatment.
15110,2025-01-26 00:16:46,30.00,USD,PERSON_TO_PERSON,PERSON_TO_PERSON,,,,Chase,3039,NEEDS_REVIEW,true,0.55,Accounting treatment: PERSON_TO_PERSON. Zelle detected; user review recommended. Retained in activity; not counted in Spending Summary. Merchant/payee not confidently extracted.
14679,2025-01-25 19:55:31,44.38,USD,UNKNOWN,UNKNOWN,,,,"Multiple: Capital One, Chase",5944,NEEDS_REVIEW,true,0.55,Accounting treatment: UNKNOWN. Retained in activity; not counted in Spending Summary. Merchant/payee not confidently extracted. Could not confidently classify accounting treatment.
14680,2025-01-25 18:15:22,25.85,USD,UNKNOWN,UNKNOWN,,,,"Multiple: Capital One, Chase",5944,NEEDS_REVIEW,true,0.55,Accounting treatment: UNKNOWN. Retained in activity; not counted in Spending Summary. Merchant/payee not confidently extracted. Could not confidently classify accounting treatment.
14681,2025-01-25 17:56:31,38.32,USD,UNKNOWN,UNKNOWN,,,,"Multiple: Capital One, Chase",5944,NEEDS_REVIEW,true,0.55,Accounting treatment: UNKNOWN. Retained in activity; not counted in Spending Summary. Merchant/payee not confidently extracted. Could not confidently classify accounting treatment.
14682,2025-01-25 17:25:34,98.93,USD,UNKNOWN,UNKNOWN,,,,"Multiple: Capital One, Chase",5944,NEEDS_REVIEW,true,0.55,Accounting treatment: UNKNOWN. Retained in activity; not counted in Spending Summary. Merchant/payee not confidently extracted. Could not confidently classify accounting treatment.
14683,2025-01-25 13:35:00,9.98,USD,UNKNOWN,UNKNOWN,,,,"Multiple: Capital One, Chase",5944,NEEDS_REVIEW,true,0.55,Accounting treatment: UNKNOWN. Retained in activity; not counted in Spending Summary. Merchant/payee not confidently extracted. Could not confidently classify accounting treatment.
14684,2025-01-22 17:19:31,7.03,USD,UNKNOWN,UNKNOWN,,,,"Multiple: Capital One, Chase",5944,NEEDS_REVIEW,true,0.55,Accounting treatment: UNKNOWN. Retained in activity; not counted in Spending Summary. Merchant/payee not confidently extracted. Could not confidently classify accounting treatment.
15111,2025-01-22 10:07:33,105.00,USD,TRANSFER,TRANSFER,4:20 AM ET was more than the $1,,,Chase,3039,AUTO_PARSED,true,0.86,Accounting treatment: TRANSFER. Merchant extracted by generic at. Retained in activity; not counted in Spending Summary.
14685,2025-01-22 00:54:28,70.63,USD,UNKNOWN,UNKNOWN,,,,"Multiple: Capital One, Chase",5944,NEEDS_REVIEW,true,0.55,Accounting treatment: UNKNOWN. Retained in activity; not counted in Spending Summary. Merchant/payee not confidently extracted. Could not confidently classify accounting treatment.
14686,2025-01-21 11:21:45,6.39,USD,UNKNOWN,UNKNOWN,,,,"Multiple: Capital One, Chase",5944,NEEDS_REVIEW,true,0.55,Accounting treatment: UNKNOWN. Retained in activity; not counted in Spending Summary. Merchant/payee not confidently extracted. Could not confidently classify accounting treatment.
14687,2025-01-20 18:31:13,64.99,USD,UNKNOWN,UNKNOWN,,,,"Multiple: Capital One, Chase",5944,NEEDS_REVIEW,true,0.55,Accounting treatment: UNKNOWN. Retained in activity; not counted in Spending Summary. Merchant/payee not confidently extracted. Could not confidently classify accounting treatment.
15112,2025-01-19 23:05:31,12.00,USD,PERSON_TO_PERSON,PERSON_TO_PERSON,,,,Chase,3039,NEEDS_REVIEW,true,0.55,Accounting treatment: PERSON_TO_PERSON. Zelle detected; user review recommended. Retained in activity; not counted in Spending Summary. Merchant/payee not confidently extracted.
14688,2025-01-19 22:54:25,37.89,USD,UNKNOWN,UNKNOWN,,,,"Multiple: Capital One, Chase",5944,NEEDS_REVIEW,true,0.55,Accounting treatment: UNKNOWN. Retained in activity; not counted in Spending Summary. Merchant/payee not confidently extracted. Could not confidently classify accounting treatment.
15113,2025-01-18 21:33:19,5.00,USD,PERSON_TO_PERSON,PERSON_TO_PERSON,,,,Chase,3039,NEEDS_REVIEW,true,0.55,Accounting treatment: PERSON_TO_PERSON. Zelle detected; user review recommended. Retained in activity; not counted in Spending Summary. Merchant/payee not confidently extracted.
14689,2025-01-18 20:16:11,9.41,USD,UNKNOWN,UNKNOWN,,,,"Multiple: Capital One, Chase",5944,NEEDS_REVIEW,true,0.55,Accounting treatment: UNKNOWN. Retained in activity; not counted in Spending Summary. Merchant/payee not confidently extracted. Could not confidently classify accounting treatment.
15114,2025-01-18 19:57:24,20.00,USD,PERSON_TO_PERSON,PERSON_TO_PERSON,,,,Chase,3039,NEEDS_REVIEW,true,0.55,Accounting treatment: PERSON_TO_PERSON. Zelle detected; user review recommended. Retained in activity; not counted in Spending Summary. Merchant/payee not confidently extracted.
14690,2025-01-18 19:55:26,9.85,USD,UNKNOWN,UNKNOWN,,,,"Multiple: Capital One, Chase",5944,NEEDS_REVIEW,true,0.55,Accounting treatment: UNKNOWN. Retained in activity; not counted in Spending Summary. Merchant/payee not confidently extracted. Could not confidently classify accounting treatment.
14691,2025-01-18 18:37:52,44.32,USD,UNKNOWN,UNKNOWN,,,,"Multiple: Capital One, Chase",5944,NEEDS_REVIEW,true,0.55,Accounting treatment: UNKNOWN. Retained in activity; not counted in Spending Summary. Merchant/payee not confidently extracted. Could not confidently classify accounting treatment.
14692,2025-01-17 13:45:22,20.00,USD,UNKNOWN,UNKNOWN,,,,"Multiple: Capital One, Chase",5944,NEEDS_REVIEW,true,0.55,Accounting treatment: UNKNOWN. Retained in activity; not counted in Spending Summary. Merchant/payee not confidently extracted. Could not confidently classify accounting treatment.
15115,2025-01-17 10:09:55,27.11,USD,TRANSFER,TRANSFER,4:29 AM ET was more than the $1,,,Chase,3039,AUTO_PARSED,true,0.86,Accounting treatment: TRANSFER. Merchant extracted by generic at. Retained in activity; not counted in Spending Summary.
14693,2025-01-16 17:25:10,78.46,USD,UNKNOWN,UNKNOWN,,,,"Multiple: Capital One, Chase",5944,NEEDS_REVIEW,true,0.55,Accounting treatment: UNKNOWN. Retained in activity; not counted in Spending Summary. Merchant/payee not confidently extracted. Could not confidently classify accounting treatment.
14694,2025-01-15 17:35:11,16.98,USD,UNKNOWN,UNKNOWN,,,,"Multiple: Capital One, Chase",5944,NEEDS_REVIEW,true,0.55,Accounting treatment: UNKNOWN. Retained in activity; not counted in Spending Summary. Merchant/payee not confidently extracted. Could not confidently classify accounting treatment.
15116,2025-01-15 10:18:04,3032.09,USD,INCOME,INCOME,3:50 AM ET was more than the $1,,,Chase,3039,AUTO_PARSED,true,0.86,Accounting treatment: INCOME. Merchant extracted by generic at. Retained in activity; not counted in Spending Summary.
14695,2025-01-14 17:37:47,12.22,USD,UNKNOWN,UNKNOWN,,,,"Multiple: Capital One, Chase",5944,NEEDS_REVIEW,true,0.55,Accounting treatment: UNKNOWN. Retained in activity; not counted in Spending Summary. Merchant/payee not confidently extracted. Could not confidently classify accounting treatment.
14696,2025-01-14 17:11:07,1.39,USD,UNKNOWN,UNKNOWN,,,,"Multiple: Capital One, Chase",5944,NEEDS_REVIEW,true,0.55,Accounting treatment: UNKNOWN. Retained in activity; not counted in Spending Summary. Merchant/payee not confidently extracted. Could not confidently classify accounting treatment.
15117,2025-01-14 10:08:28,105.00,USD,TRANSFER,TRANSFER,4:37 AM ET was more than the $1,,,Chase,3039,AUTO_PARSED,true,0.86,Accounting treatment: TRANSFER. Merchant extracted by generic at. Retained in activity; not counted in Spending Summary.
14697,2025-01-13 16:22:29,199.00,USD,UNKNOWN,UNKNOWN,,,,"Multiple: Capital One, Chase",5944,NEEDS_REVIEW,true,0.55,Accounting treatment: UNKNOWN. Retained in activity; not counted in Spending Summary. Merchant/payee not confidently extracted. Could not confidently classify accounting treatment.
14698,2025-01-13 16:21:58,29.99,USD,UNKNOWN,UNKNOWN,,,,"Multiple: Capital One, Chase",5944,NEEDS_REVIEW,true,0.55,Accounting treatment: UNKNOWN. Retained in activity; not counted in Spending Summary. Merchant/payee not confidently extracted. Could not confidently classify accounting treatment.
14699,2025-01-13 10:57:58,11.86,USD,UNKNOWN,UNKNOWN,,,,"Multiple: Capital One, Chase",5944,NEEDS_REVIEW,true,0.55,Accounting treatment: UNKNOWN. Retained in activity; not counted in Spending Summary. Merchant/payee not confidently extracted. Could not confidently classify accounting treatment.
14700,2025-01-12 20:07:38,58.35,USD,UNKNOWN,UNKNOWN,,,,"Multiple: Capital One, Chase",5944,NEEDS_REVIEW,true,0.55,Accounting treatment: UNKNOWN. Retained in activity; not counted in Spending Summary. Merchant/payee not confidently extracted. Could not confidently classify accounting treatment.
14701,2025-01-12 18:57:59,4.69,USD,UNKNOWN,UNKNOWN,,,,"Multiple: Capital One, Chase",5944,NEEDS_REVIEW,true,0.55,Accounting treatment: UNKNOWN. Retained in activity; not counted in Spending Summary. Merchant/payee not confidently extracted. Could not confidently classify accounting treatment.
14702,2025-01-12 12:44:39,10.00,USD,UNKNOWN,UNKNOWN,,,,"Multiple: Capital One, Chase",5944,NEEDS_REVIEW,true,0.55,Accounting treatment: UNKNOWN. Retained in activity; not counted in Spending Summary. Merchant/payee not confidently extracted. Could not confidently classify accounting treatment.
14703,2025-01-11 21:42:56,18.34,USD,UNKNOWN,UNKNOWN,,,,"Multiple: Capital One, Chase",5944,NEEDS_REVIEW,true,0.55,Accounting treatment: UNKNOWN. Retained in activity; not counted in Spending Summary. Merchant/payee not confidently extracted. Could not confidently classify accounting treatment.
14704,2025-01-11 19:36:33,32.46,USD,UNKNOWN,UNKNOWN,,,,"Multiple: Capital One, Chase",5944,NEEDS_REVIEW,true,0.55,Accounting treatment: UNKNOWN. Retained in activity; not counted in Spending Summary. Merchant/payee not confidently extracted. Could not confidently classify accounting treatment.
14705,2025-01-11 18:54:16,21.75,USD,UNKNOWN,UNKNOWN,,,,"Multiple: Capital One, Chase",5944,NEEDS_REVIEW,true,0.55,Accounting treatment: UNKNOWN. Retained in activity; not counted in Spending Summary. Merchant/payee not confidently extracted. Could not confidently classify accounting treatment.
14706,2025-01-11 18:09:32,24.36,USD,UNKNOWN,UNKNOWN,,,,"Multiple: Capital One, Chase",5944,NEEDS_REVIEW,true,0.55,Accounting treatment: UNKNOWN. Retained in activity; not counted in Spending Summary. Merchant/payee not confidently extracted. Could not confidently classify accounting treatment.
14707,2025-01-11 17:17:58,36.35,USD,UNKNOWN,UNKNOWN,,,,"Multiple: Capital One, Chase",5944,NEEDS_REVIEW,true,0.55,Accounting treatment: UNKNOWN. Retained in activity; not counted in Spending Summary. Merchant/payee not confidently extracted. Could not confidently classify accounting treatment.
14708,2025-01-11 16:47:32,53.55,USD,UNKNOWN,UNKNOWN,,,,"Multiple: Capital One, Chase",5944,NEEDS_REVIEW,true,0.55,Accounting treatment: UNKNOWN. Retained in activity; not counted in Spending Summary. Merchant/payee not confidently extracted. Could not confidently classify accounting treatment.
14709,2025-01-11 16:01:50,141.35,USD,UNKNOWN,UNKNOWN,,,,"Multiple: Capital One, Chase",5944,NEEDS_REVIEW,true,0.55,Accounting treatment: UNKNOWN. Retained in activity; not counted in Spending Summary. Merchant/payee not confidently extracted. Could not confidently classify accounting treatment.
15118,2025-01-11 10:08:36,3843.00,USD,TRANSFER,TRANSFER,4:49 AM ET was more than the $1,,,Chase,3039,AUTO_PARSED,true,0.86,Accounting treatment: TRANSFER. Merchant extracted by generic at. Retained in activity; not counted in Spending Summary.
15119,2025-01-10 16:22:46,68.92,USD,PERSON_TO_PERSON,PERSON_TO_PERSON,,,,Chase,3039,NEEDS_REVIEW,true,0.55,Accounting treatment: PERSON_TO_PERSON. Zelle detected; user review recommended. Retained in activity; not counted in Spending Summary. Merchant/payee not confidently extracted.
14710,2025-01-10 16:11:53,488.15,USD,UNKNOWN,UNKNOWN,,,,"Multiple: Capital One, Chase",5944,NEEDS_REVIEW,true,0.55,Accounting treatment: UNKNOWN. Retained in activity; not counted in Spending Summary. Merchant/payee not confidently extracted. Could not confidently classify accounting treatment.
14711,2025-01-10 15:35:47,38.92,USD,UNKNOWN,UNKNOWN,,,,"Multiple: Capital One, Chase",5944,NEEDS_REVIEW,true,0.55,Accounting treatment: UNKNOWN. Retained in activity; not counted in Spending Summary. Merchant/payee not confidently extracted. Could not confidently classify accounting treatment.
14712,2025-01-10 15:33:57,52.82,USD,UNKNOWN,UNKNOWN,,,,"Multiple: Capital One, Chase",5944,NEEDS_REVIEW,true,0.55,Accounting treatment: UNKNOWN. Retained in activity; not counted in Spending Summary. Merchant/payee not confidently extracted. Could not confidently classify accounting treatment.
15120,2025-01-09 18:12:59,2000.00,USD,PERSON_TO_PERSON,PERSON_TO_PERSON,,,,Chase,3039,NEEDS_REVIEW,true,0.55,Accounting treatment: PERSON_TO_PERSON. Zelle detected; user review recommended. Retained in activity; not counted in Spending Summary. Merchant/payee not confidently extracted.
15121,2025-01-09 13:05:12,488.15,USD,TRANSFER,TRANSFER,2:05 PM ET was more than the $1,,,Chase,3039,AUTO_PARSED,true,0.86,Accounting treatment: TRANSFER. Merchant extracted by generic at. Retained in activity; not counted in Spending Summary.
15122,2025-01-09 10:32:08,11000.00,USD,TRANSFER,TRANSFER,,,,Chase,3039,AUTO_PARSED,true,0.65,Accounting treatment: TRANSFER. Retained in activity; not counted in Spending Summary. Merchant/payee not confidently extracted.
15123,2025-01-09 10:25:45,11000.00,USD,INCOME,INCOME,3:49 AM ET was more than the $1,,,Chase,3039,AUTO_PARSED,true,0.86,Accounting treatment: INCOME. Merchant extracted by generic at. Retained in activity; not counted in Spending Summary.
15124,2025-01-07 10:28:12,105.00,USD,TRANSFER,TRANSFER,4:40 AM ET was more than the $1,,,Chase,3039,AUTO_PARSED,true,0.86,Accounting treatment: TRANSFER. Merchant extracted by generic at. Retained in activity; not counted in Spending Summary.
14713,2025-01-06 08:29:03,33.00,USD,UNKNOWN,UNKNOWN,,,,"Multiple: Capital One, Chase",5944,NEEDS_REVIEW,true,0.55,Accounting treatment: UNKNOWN. Retained in activity; not counted in Spending Summary. Merchant/payee not confidently extracted. Could not confidently classify accounting treatment.
14714,2025-01-05 18:08:18,49.84,USD,UNKNOWN,UNKNOWN,,,,"Multiple: Capital One, Chase",5944,NEEDS_REVIEW,true,0.55,Accounting treatment: UNKNOWN. Retained in activity; not counted in Spending Summary. Merchant/payee not confidently extracted. Could not confidently classify accounting treatment.
14715,2025-01-05 17:33:30,34.19,USD,UNKNOWN,UNKNOWN,,,,"Multiple: Capital One, Chase",5944,NEEDS_REVIEW,true,0.55,Accounting treatment: UNKNOWN. Retained in activity; not counted in Spending Summary. Merchant/payee not confidently extracted. Could not confidently classify accounting treatment.
14716,2025-01-05 09:17:50,82.22,USD,UNKNOWN,UNKNOWN,,,,"Multiple: Capital One, Chase",5944,NEEDS_REVIEW,true,0.55,Accounting treatment: UNKNOWN. Retained in activity; not counted in Spending Summary. Merchant/payee not confidently extracted. Could not confidently classify accounting treatment.
14717,2025-01-04 20:32:58,15.08,USD,UNKNOWN,UNKNOWN,,,,"Multiple: Capital One, Chase",5944,NEEDS_REVIEW,true,0.55,Accounting treatment: UNKNOWN. Retained in activity; not counted in Spending Summary. Merchant/payee not confidently extracted. Could not confidently classify accounting treatment.
14718,2025-01-04 16:27:21,1603.03,USD,UNKNOWN,UNKNOWN,,,,"Multiple: Capital One, Chase",5944,NEEDS_REVIEW,true,0.55,Accounting treatment: UNKNOWN. Retained in activity; not counted in Spending Summary. Merchant/payee not confidently extracted. Could not confidently classify accounting treatment.
15125,2025-01-04 10:09:43,1603.03,USD,TRANSFER,TRANSFER,10:12 PM ET was more than the $1,,,Chase,3039,AUTO_PARSED,true,0.86,Accounting treatment: TRANSFER. Merchant extracted by generic at. Retained in activity; not counted in Spending Summary.
14719,2025-01-04 05:09:46,114.26,USD,UNKNOWN,UNKNOWN,,,,"Multiple: Capital One, Chase",5944,NEEDS_REVIEW,true,0.55,Accounting treatment: UNKNOWN. Retained in activity; not counted in Spending Summary. Merchant/payee not confidently extracted. Could not confidently classify accounting treatment.
14720,2025-01-03 17:51:44,21.00,USD,UNKNOWN,UNKNOWN,,,,"Multiple: Capital One, Chase",5944,NEEDS_REVIEW,true,0.55,Accounting treatment: UNKNOWN. Retained in activity; not counted in Spending Summary. Merchant/payee not confidently extracted. Could not confidently classify accounting treatment.
14721,2025-01-03 17:17:35,41.54,USD,UNKNOWN,UNKNOWN,,,,"Multiple: Capital One, Chase",5944,NEEDS_REVIEW,true,0.55,Accounting treatment: UNKNOWN. Retained in activity; not counted in Spending Summary. Merchant/payee not confidently extracted. Could not confidently classify accounting treatment.
14722,2025-01-03 13:48:04,4.49,USD,UNKNOWN,UNKNOWN,,,,"Multiple: Capital One, Chase",5944,NEEDS_REVIEW,true,0.55,Accounting treatment: UNKNOWN. Retained in activity; not counted in Spending Summary. Merchant/payee not confidently extracted. Could not confidently classify accounting treatment.
15126,2025-01-03 10:24:14,20.00,USD,TRANSFER,TRANSFER,4:04 AM ET was more than the $1,,,Chase,3039,AUTO_PARSED,true,0.86,Accounting treatment: TRANSFER. Merchant extracted by generic at. Retained in activity; not counted in Spending Summary.
14723,2025-01-03 09:46:59,57.29,USD,UNKNOWN,UNKNOWN,,,,"Multiple: Capital One, Chase",5944,NEEDS_REVIEW,true,0.55,Accounting treatment: UNKNOWN. Retained in activity; not counted in Spending Summary. Merchant/payee not confidently extracted. Could not confidently classify accounting treatment.
15127,2025-01-01 20:45:11,7.00,USD,PERSON_TO_PERSON,PERSON_TO_PERSON,,,,Chase,3039,NEEDS_REVIEW,true,0.55,Accounting treatment: PERSON_TO_PERSON. Zelle detected; user review recommended. Retained in activity; not counted in Spending Summary. Merchant/payee not confidently extracted.
15128,2025-01-01 15:52:25,45.45,USD,PERSON_TO_PERSON,PERSON_TO_PERSON,,,,Chase,3039,NEEDS_REVIEW,true,0.55,Accounting treatment: PERSON_TO_PERSON. Zelle detected; user review recommended. Retained in activity; not counted in Spending Summary. Merchant/payee not confidently extracted.
14724,2025-01-01 14:26:49,45.45,USD,UNKNOWN,UNKNOWN,,,,"Multiple: Capital One, Chase",5944,NEEDS_REVIEW,true,0.55,Accounting treatment: UNKNOWN. Retained in activity; not counted in Spending Summary. Merchant/payee not confidently extracted. Could not confidently classify accounting treatment.
14725,2025-01-01 11:00:53,22.70,USD,UNKNOWN,UNKNOWN,,,,"Multiple: Capital One, Chase",5944,NEEDS_REVIEW,true,0.55,Accounting treatment: UNKNOWN. Retained in activity; not counted in Spending Summary. Merchant/payee not confidently extracted. Could not confidently classify accounting treatment.
14726,2025-01-01 09:44:10,23.79,USD,UNKNOWN,UNKNOWN,,,,"Multiple: Capital One, Chase",5944,NEEDS_REVIEW,true,0.55,Accounting treatment: UNKNOWN. Retained in activity; not counted in Spending Summary. Merchant/payee not confidently extracted. Could not confidently classify accounting treatment.
15129,2024-12-31 21:19:59,70.00,USD,PERSON_TO_PERSON,PERSON_TO_PERSON,,,,Chase,3039,NEEDS_REVIEW,true,0.55,Accounting treatment: PERSON_TO_PERSON. Zelle detected; user review recommended. Retained in activity; not counted in Spending Summary. Merchant/payee not confidently extracted.
14727,2024-12-31 19:26:11,15.59,USD,UNKNOWN,UNKNOWN,,,,"Multiple: Capital One, Chase",5944,NEEDS_REVIEW,true,0.55,Accounting treatment: UNKNOWN. Retained in activity; not counted in Spending Summary. Merchant/payee not confidently extracted. Could not confidently classify accounting treatment.
14728,2024-12-31 17:38:05,88.72,USD,UNKNOWN,UNKNOWN,,,,"Multiple: Capital One, Chase",5944,NEEDS_REVIEW,true,0.55,Accounting treatment: UNKNOWN. Retained in activity; not counted in Spending Summary. Merchant/payee not confidently extracted. Could not confidently classify accounting treatment.
15130,2024-12-31 10:29:33,105.00,USD,TRANSFER,TRANSFER,4:41 AM ET was more than the $1,,,Chase,3039,AUTO_PARSED,true,0.86,Accounting treatment: TRANSFER. Merchant extracted by generic at. Retained in activity; not counted in Spending Summary.
15131,2024-12-31 10:21:17,3027.55,USD,INCOME,INCOME,4:41 AM ET was more than the $1,,,Chase,3039,AUTO_PARSED,true,0.86,Accounting treatment: INCOME. Merchant extracted by generic at. Retained in activity; not counted in Spending Summary.
14729,2024-12-30 20:01:24,9.97,USD,UNKNOWN,UNKNOWN,,,,"Multiple: Capital One, Chase",5944,NEEDS_REVIEW,true,0.55,Accounting treatment: UNKNOWN. Retained in activity; not counted in Spending Summary. Merchant/payee not confidently extracted. Could not confidently classify accounting treatment.
15132,2024-12-29 20:00:05,17.00,USD,PERSON_TO_PERSON,PERSON_TO_PERSON,,,,Chase,3039,NEEDS_REVIEW,true,0.55,Accounting treatment: PERSON_TO_PERSON. Zelle detected; user review recommended. Retained in activity; not counted in Spending Summary. Merchant/payee not confidently extracted.
15133,2024-12-29 19:59:48,15.00,USD,PERSON_TO_PERSON,PERSON_TO_PERSON,,,,Chase,3039,NEEDS_REVIEW,true,0.55,Accounting treatment: PERSON_TO_PERSON. Zelle detected; user review recommended. Retained in activity; not counted in Spending Summary. Merchant/payee not confidently extracted.
14730,2024-12-29 19:13:06,14.04,USD,UNKNOWN,UNKNOWN,,,,"Multiple: Capital One, Chase",5944,NEEDS_REVIEW,true,0.55,Accounting treatment: UNKNOWN. Retained in activity; not counted in Spending Summary. Merchant/payee not confidently extracted. Could not confidently classify accounting treatment.
14731,2024-12-29 18:16:26,36.22,USD,UNKNOWN,UNKNOWN,,,,"Multiple: Capital One, Chase",5944,NEEDS_REVIEW,true,0.55,Accounting treatment: UNKNOWN. Retained in activity; not counted in Spending Summary. Merchant/payee not confidently extracted. Could not confidently classify accounting treatment.
14732,2024-12-29 17:29:35,86.10,USD,UNKNOWN,UNKNOWN,,,,"Multiple: Capital One, Chase",5944,NEEDS_REVIEW,true,0.55,Accounting treatment: UNKNOWN. Retained in activity; not counted in Spending Summary. Merchant/payee not confidently extracted. Could not confidently classify accounting treatment.
14733,2024-12-29 16:47:43,27.04,USD,UNKNOWN,UNKNOWN,,,,"Multiple: Capital One, Chase",5944,NEEDS_REVIEW,true,0.55,Accounting treatment: UNKNOWN. Retained in activity; not counted in Spending Summary. Merchant/payee not confidently extracted. Could not confidently classify accounting treatment.
14734,2024-12-28 21:36:27,33.19,USD,UNKNOWN,UNKNOWN,,,,"Multiple: Capital One, Chase",5944,NEEDS_REVIEW,true,0.55,Accounting treatment: UNKNOWN. Retained in activity; not counted in Spending Summary. Merchant/payee not confidently extracted. Could not confidently classify accounting treatment.
14735,2024-12-28 20:44:35,53.35,USD,UNKNOWN,UNKNOWN,,,,"Multiple: Capital One, Chase",5944,NEEDS_REVIEW,true,0.55,Accounting treatment: UNKNOWN. Retained in activity; not counted in Spending Summary. Merchant/payee not confidently extracted. Could not confidently classify accounting treatment.
15134,2024-12-28 19:10:01,24.62,USD,PERSON_TO_PERSON,PERSON_TO_PERSON,,,,Chase,3039,NEEDS_REVIEW,true,0.55,Accounting treatment: PERSON_TO_PERSON. Zelle detected; user review recommended. Retained in activity; not counted in Spending Summary. Merchant/payee not confidently extracted.
14736,2024-12-27 16:03:16,176.96,USD,UNKNOWN,UNKNOWN,,,,"Multiple: Capital One, Chase",5944,NEEDS_REVIEW,true,0.55,Accounting treatment: UNKNOWN. Retained in activity; not counted in Spending Summary. Merchant/payee not confidently extracted. Could not confidently classify accounting treatment.
14737,2024-12-26 13:25:36,9.34,USD,UNKNOWN,UNKNOWN,,,,"Multiple: Capital One, Chase",5944,NEEDS_REVIEW,true,0.55,Accounting treatment: UNKNOWN. Retained in activity; not counted in Spending Summary. Merchant/payee not confidently extracted. Could not confidently classify accounting treatment.
14738,2024-12-26 12:34:23,960.97,USD,UNKNOWN,UNKNOWN,,,,"Multiple: Capital One, Chase",5944,NEEDS_REVIEW,true,0.55,Accounting treatment: UNKNOWN. Retained in activity; not counted in Spending Summary. Merchant/payee not confidently extracted. Could not confidently classify accounting treatment.
14739,2024-12-26 10:37:03,1.08,USD,UNKNOWN,UNKNOWN,,,,"Multiple: Capital One, Chase",5944,NEEDS_REVIEW,true,0.55,Accounting treatment: UNKNOWN. Retained in activity; not counted in Spending Summary. Merchant/payee not confidently extracted. Could not confidently classify accounting treatment.
15135,2024-12-24 10:09:31,105.00,USD,TRANSFER,TRANSFER,5:08 AM ET was more than the $1,,,Chase,3039,AUTO_PARSED,true,0.86,Accounting treatment: TRANSFER. Merchant extracted by generic at. Retained in activity; not counted in Spending Summary.
14740,2024-12-23 18:35:07,21.22,USD,UNKNOWN,UNKNOWN,,,,"Multiple: Capital One, Chase",5944,NEEDS_REVIEW,true,0.55,Accounting treatment: UNKNOWN. Retained in activity; not counted in Spending Summary. Merchant/payee not confidently extracted. Could not confidently classify accounting treatment.
14741,2024-12-22 22:45:17,2.00,USD,UNKNOWN,UNKNOWN,,,,"Multiple: Capital One, Chase",5944,NEEDS_REVIEW,true,0.55,Accounting treatment: UNKNOWN. Retained in activity; not counted in Spending Summary. Merchant/payee not confidently extracted. Could not confidently classify accounting treatment.
14742,2024-12-22 17:24:25,9.78,USD,UNKNOWN,UNKNOWN,,,,"Multiple: Capital One, Chase",5944,NEEDS_REVIEW,true,0.55,Accounting treatment: UNKNOWN. Retained in activity; not counted in Spending Summary. Merchant/payee not confidently extracted. Could not confidently classify accounting treatment.
14743,2024-12-22 15:42:05,10.00,USD,UNKNOWN,UNKNOWN,,,,"Multiple: Capital One, Chase",5944,NEEDS_REVIEW,true,0.55,Accounting treatment: UNKNOWN. Retained in activity; not counted in Spending Summary. Merchant/payee not confidently extracted. Could not confidently classify accounting treatment.
14744,2024-12-22 15:42:03,10.00,USD,UNKNOWN,UNKNOWN,,,,"Multiple: Capital One, Chase",5944,NEEDS_REVIEW,true,0.55,Accounting treatment: UNKNOWN. Retained in activity; not counted in Spending Summary. Merchant/payee not confidently extracted. Could not confidently classify accounting treatment.
14745,2024-12-21 22:25:03,50.00,USD,UNKNOWN,UNKNOWN,,,,"Multiple: Capital One, Chase",5944,NEEDS_REVIEW,true,0.55,Accounting treatment: UNKNOWN. Retained in activity; not counted in Spending Summary. Merchant/payee not confidently extracted. Could not confidently classify accounting treatment.
14746,2024-12-21 22:08:08,10.99,USD,UNKNOWN,UNKNOWN,,,,"Multiple: Capital One, Chase",5944,NEEDS_REVIEW,true,0.55,Accounting treatment: UNKNOWN. Retained in activity; not counted in Spending Summary. Merchant/payee not confidently extracted. Could not confidently classify accounting treatment.
14747,2024-12-21 21:39:08,32.20,USD,UNKNOWN,UNKNOWN,,,,"Multiple: Capital One, Chase",5944,NEEDS_REVIEW,true,0.55,Accounting treatment: UNKNOWN. Retained in activity; not counted in Spending Summary. Merchant/payee not confidently extracted. Could not confidently classify accounting treatment.
15136,2024-12-21 21:09:04,60.00,USD,PERSON_TO_PERSON,PERSON_TO_PERSON,,,,Chase,3039,NEEDS_REVIEW,true,0.55,Accounting treatment: PERSON_TO_PERSON. Zelle detected; user review recommended. Retained in activity; not counted in Spending Summary. Merchant/payee not confidently extracted.
14748,2024-12-21 18:20:55,13.50,USD,EXPENSE,EXPENSE,AMTRAK POS F&B,,,"Multiple: Capital One, Chase",5944,AUTO_PARSED,false,0.86,Accounting treatment: EXPENSE. Merchant extracted by generic at.
14749,2024-12-21 14:37:22,4.99,USD,UNKNOWN,UNKNOWN,,,,"Multiple: Capital One, Chase",5944,NEEDS_REVIEW,true,0.55,Accounting treatment: UNKNOWN. Retained in activity; not counted in Spending Summary. Merchant/payee not confidently extracted. Could not confidently classify accounting treatment.
14750,2024-12-21 11:54:28,60.00,USD,UNKNOWN,UNKNOWN,,,,"Multiple: Capital One, Chase",5944,NEEDS_REVIEW,true,0.55,Accounting treatment: UNKNOWN. Retained in activity; not counted in Spending Summary. Merchant/payee not confidently extracted. Could not confidently classify accounting treatment.
14751,2024-12-20 16:53:17,10.34,USD,UNKNOWN,UNKNOWN,,,,"Multiple: Capital One, Chase",5944,NEEDS_REVIEW,true,0.55,Accounting treatment: UNKNOWN. Retained in activity; not counted in Spending Summary. Merchant/payee not confidently extracted. Could not confidently classify accounting treatment.
14752,2024-12-20 13:13:43,8.37,USD,UNKNOWN,UNKNOWN,,,,"Multiple: Capital One, Chase",5944,NEEDS_REVIEW,true,0.55,Accounting treatment: UNKNOWN. Retained in activity; not counted in Spending Summary. Merchant/payee not confidently extracted. Could not confidently classify accounting treatment.
14753,2024-12-20 13:13:35,55.80,USD,UNKNOWN,UNKNOWN,,,,"Multiple: Capital One, Chase",5944,NEEDS_REVIEW,true,0.55,Accounting treatment: UNKNOWN. Retained in activity; not counted in Spending Summary. Merchant/payee not confidently extracted. Could not confidently classify accounting treatment.
14754,2024-12-19 20:04:50,11.86,USD,UNKNOWN,UNKNOWN,,,,"Multiple: Capital One, Chase",5944,NEEDS_REVIEW,true,0.55,Accounting treatment: UNKNOWN. Retained in activity; not counted in Spending Summary. Merchant/payee not confidently extracted. Could not confidently classify accounting treatment.
14755,2024-12-19 19:39:01,50.00,USD,UNKNOWN,UNKNOWN,,,,"Multiple: Capital One, Chase",5944,NEEDS_REVIEW,true,0.55,Accounting treatment: UNKNOWN. Retained in activity; not counted in Spending Summary. Merchant/payee not confidently extracted. Could not confidently classify accounting treatment.
14756,2024-12-19 19:38:51,1.00,USD,UNKNOWN,UNKNOWN,,,,"Multiple: Capital One, Chase",5944,NEEDS_REVIEW,true,0.55,Accounting treatment: UNKNOWN. Retained in activity; not counted in Spending Summary. Merchant/payee not confidently extracted. Could not confidently classify accounting treatment.
14757,2024-12-19 15:49:53,103.80,USD,UNKNOWN,UNKNOWN,,,,"Multiple: Capital One, Chase",5944,NEEDS_REVIEW,true,0.55,Accounting treatment: UNKNOWN. Retained in activity; not counted in Spending Summary. Merchant/payee not confidently extracted. Could not confidently classify accounting treatment.
14758,2024-12-19 15:39:27,50.00,USD,UNKNOWN,UNKNOWN,,,,"Multiple: Capital One, Chase",5944,NEEDS_REVIEW,true,0.55,Accounting treatment: UNKNOWN. Retained in activity; not counted in Spending Summary. Merchant/payee not confidently extracted. Could not confidently classify accounting treatment.
14759,2024-12-18 17:25:54,54.98,USD,UNKNOWN,UNKNOWN,,,,"Multiple: Capital One, Chase",5944,NEEDS_REVIEW,true,0.55,Accounting treatment: UNKNOWN. Retained in activity; not counted in Spending Summary. Merchant/payee not confidently extracted. Could not confidently classify accounting treatment.
14760,2024-12-18 10:48:47,143.78,USD,UNKNOWN,UNKNOWN,,,,"Multiple: Capital One, Chase",5944,NEEDS_REVIEW,true,0.55,Accounting treatment: UNKNOWN. Retained in activity; not counted in Spending Summary. Merchant/payee not confidently extracted. Could not confidently classify accounting treatment.
14761,2024-12-17 18:45:39,4924.10,USD,UNKNOWN,UNKNOWN,,,,"Multiple: Capital One, Chase",5944,NEEDS_REVIEW,true,0.55,Accounting treatment: UNKNOWN. Retained in activity; not counted in Spending Summary. Merchant/payee not confidently extracted. Could not confidently classify accounting treatment.
14762,2024-12-17 15:05:06,40.00,USD,UNKNOWN,UNKNOWN,,,,"Multiple: Capital One, Chase",5944,NEEDS_REVIEW,true,0.55,Accounting treatment: UNKNOWN. Retained in activity; not counted in Spending Summary. Merchant/payee not confidently extracted. Could not confidently classify accounting treatment.
14763,2024-12-17 14:34:27,12.00,USD,UNKNOWN,UNKNOWN,,,,"Multiple: Capital One, Chase",5944,NEEDS_REVIEW,true,0.55,Accounting treatment: UNKNOWN. Retained in activity; not counted in Spending Summary. Merchant/payee not confidently extracted. Could not confidently classify accounting treatment.
14764,2024-12-17 12:49:12,14.49,USD,UNKNOWN,UNKNOWN,,,,"Multiple: Capital One, Chase",5944,NEEDS_REVIEW,true,0.55,Accounting treatment: UNKNOWN. Retained in activity; not counted in Spending Summary. Merchant/payee not confidently extracted. Could not confidently classify accounting treatment.
15137,2024-12-17 10:28:46,1566.52,USD,TRANSFER,TRANSFER,4:44 AM ET was more than the $1,,,Chase,3039,AUTO_PARSED,true,0.86,Accounting treatment: TRANSFER. Merchant extracted by generic at. Retained in activity; not counted in Spending Summary.
15138,2024-12-17 10:10:30,105.00,USD,TRANSFER,TRANSFER,4:44 AM ET was more than the $1,,,Chase,3039,AUTO_PARSED,true,0.86,Accounting treatment: TRANSFER. Merchant extracted by generic at. Retained in activity; not counted in Spending Summary.
14765,2024-12-16 20:30:03,8.87,USD,UNKNOWN,UNKNOWN,,,,"Multiple: Capital One, Chase",5944,NEEDS_REVIEW,true,0.55,Accounting treatment: UNKNOWN. Retained in activity; not counted in Spending Summary. Merchant/payee not confidently extracted. Could not confidently classify accounting treatment.
14766,2024-12-16 20:15:05,34.57,USD,UNKNOWN,UNKNOWN,,,,"Multiple: Capital One, Chase",5944,NEEDS_REVIEW,true,0.55,Accounting treatment: UNKNOWN. Retained in activity; not counted in Spending Summary. Merchant/payee not confidently extracted. Could not confidently classify accounting treatment.
14767,2024-12-16 16:29:40,95.73,USD,UNKNOWN,UNKNOWN,,,,"Multiple: Capital One, Chase",5944,NEEDS_REVIEW,true,0.55,Accounting treatment: UNKNOWN. Retained in activity; not counted in Spending Summary. Merchant/payee not confidently extracted. Could not confidently classify accounting treatment.
14768,2024-12-16 16:28:05,1.00,USD,UNKNOWN,UNKNOWN,,,,"Multiple: Capital One, Chase",5944,NEEDS_REVIEW,true,0.55,Accounting treatment: UNKNOWN. Retained in activity; not counted in Spending Summary. Merchant/payee not confidently extracted. Could not confidently classify accounting treatment.
14769,2024-12-16 16:27:22,1.00,USD,UNKNOWN,UNKNOWN,,,,"Multiple: Capital One, Chase",5944,NEEDS_REVIEW,true,0.55,Accounting treatment: UNKNOWN. Retained in activity; not counted in Spending Summary. Merchant/payee not confidently extracted. Could not confidently classify accounting treatment.
14770,2024-12-16 16:27:19,1.00,USD,UNKNOWN,UNKNOWN,,,,"Multiple: Capital One, Chase",5944,NEEDS_REVIEW,true,0.55,Accounting treatment: UNKNOWN. Retained in activity; not counted in Spending Summary. Merchant/payee not confidently extracted. Could not confidently classify accounting treatment.
14771,2024-12-16 12:25:24,7.54,USD,UNKNOWN,UNKNOWN,,,,"Multiple: Capital One, Chase",5944,NEEDS_REVIEW,true,0.55,Accounting treatment: UNKNOWN. Retained in activity; not counted in Spending Summary. Merchant/payee not confidently extracted. Could not confidently classify accounting treatment.
15139,2024-12-16 11:28:23,4924.10,USD,TRANSFER,TRANSFER,12:28 PM ET was more than the $1,,,Chase,3039,AUTO_PARSED,true,0.86,Accounting treatment: TRANSFER. Merchant extracted by generic at. Retained in activity; not counted in Spending Summary.
14772,2024-12-15 23:22:52,37.70,USD,UNKNOWN,UNKNOWN,,,,"Multiple: Capital One, Chase",5944,NEEDS_REVIEW,true,0.55,Accounting treatment: UNKNOWN. Retained in activity; not counted in Spending Summary. Merchant/payee not confidently extracted. Could not confidently classify accounting treatment.
14773,2024-12-15 22:59:03,9.62,USD,UNKNOWN,UNKNOWN,,,,"Multiple: Capital One, Chase",5944,NEEDS_REVIEW,true,0.55,Accounting treatment: UNKNOWN. Retained in activity; not counted in Spending Summary. Merchant/payee not confidently extracted. Could not confidently classify accounting treatment.
14774,2024-12-15 22:40:20,12.42,USD,UNKNOWN,UNKNOWN,,,,"Multiple: Capital One, Chase",5944,NEEDS_REVIEW,true,0.55,Accounting treatment: UNKNOWN. Retained in activity; not counted in Spending Summary. Merchant/payee not confidently extracted. Could not confidently classify accounting treatment.
14775,2024-12-15 21:02:52,13.19,USD,UNKNOWN,UNKNOWN,,,,"Multiple: Capital One, Chase",5944,NEEDS_REVIEW,true,0.55,Accounting treatment: UNKNOWN. Retained in activity; not counted in Spending Summary. Merchant/payee not confidently extracted. Could not confidently classify accounting treatment.
14776,2024-12-15 20:56:29,44.01,USD,UNKNOWN,UNKNOWN,,,,"Multiple: Capital One, Chase",5944,NEEDS_REVIEW,true,0.55,Accounting treatment: UNKNOWN. Retained in activity; not counted in Spending Summary. Merchant/payee not confidently extracted. Could not confidently classify accounting treatment.
14777,2024-12-15 16:48:41,50.00,USD,UNKNOWN,UNKNOWN,,,,"Multiple: Capital One, Chase",5944,NEEDS_REVIEW,true,0.55,Accounting treatment: UNKNOWN. Retained in activity; not counted in Spending Summary. Merchant/payee not confidently extracted. Could not confidently classify accounting treatment.
14778,2024-12-15 15:37:18,28.29,USD,UNKNOWN,UNKNOWN,,,,"Multiple: Capital One, Chase",5944,NEEDS_REVIEW,true,0.55,Accounting treatment: UNKNOWN. Retained in activity; not counted in Spending Summary. Merchant/payee not confidently extracted. Could not confidently classify accounting treatment.
14779,2024-12-15 14:15:34,8.15,USD,UNKNOWN,UNKNOWN,,,,"Multiple: Capital One, Chase",5944,NEEDS_REVIEW,true,0.55,Accounting treatment: UNKNOWN. Retained in activity; not counted in Spending Summary. Merchant/payee not confidently extracted. Could not confidently classify accounting treatment.
14780,2024-12-14 21:22:13,10.81,USD,UNKNOWN,UNKNOWN,,,,"Multiple: Capital One, Chase",5944,NEEDS_REVIEW,true,0.55,Accounting treatment: UNKNOWN. Retained in activity; not counted in Spending Summary. Merchant/payee not confidently extracted. Could not confidently classify accounting treatment.
14781,2024-12-14 17:53:49,10.00,USD,UNKNOWN,UNKNOWN,,,,"Multiple: Capital One, Chase",5944,NEEDS_REVIEW,true,0.55,Accounting treatment: UNKNOWN. Retained in activity; not counted in Spending Summary. Merchant/payee not confidently extracted. Could not confidently classify accounting treatment.
14782,2024-12-14 17:53:47,10.00,USD,UNKNOWN,UNKNOWN,,,,"Multiple: Capital One, Chase",5944,NEEDS_REVIEW,true,0.55,Accounting treatment: UNKNOWN. Retained in activity; not counted in Spending Summary. Merchant/payee not confidently extracted. Could not confidently classify accounting treatment.
14783,2024-12-14 16:09:55,6.50,USD,UNKNOWN,UNKNOWN,,,,"Multiple: Capital One, Chase",5944,NEEDS_REVIEW,true,0.55,Accounting treatment: UNKNOWN. Retained in activity; not counted in Spending Summary. Merchant/payee not confidently extracted. Could not confidently classify accounting treatment.
14784,2024-12-14 15:29:07,11.26,USD,UNKNOWN,UNKNOWN,,,,"Multiple: Capital One, Chase",5944,NEEDS_REVIEW,true,0.55,Accounting treatment: UNKNOWN. Retained in activity; not counted in Spending Summary. Merchant/payee not confidently extracted. Could not confidently classify accounting treatment.
14785,2024-12-14 12:40:54,1.08,USD,UNKNOWN,UNKNOWN,,,,"Multiple: Capital One, Chase",5944,NEEDS_REVIEW,true,0.55,Accounting treatment: UNKNOWN. Retained in activity; not counted in Spending Summary. Merchant/payee not confidently extracted. Could not confidently classify accounting treatment.
14786,2024-12-13 16:09:05,21.00,USD,UNKNOWN,UNKNOWN,,,,"Multiple: Capital One, Chase",5944,NEEDS_REVIEW,true,0.55,Accounting treatment: UNKNOWN. Retained in activity; not counted in Spending Summary. Merchant/payee not confidently extracted. Could not confidently classify accounting treatment.
14787,2024-12-13 15:44:11,6.31,USD,UNKNOWN,UNKNOWN,,,,"Multiple: Capital One, Chase",5944,NEEDS_REVIEW,true,0.55,Accounting treatment: UNKNOWN. Retained in activity; not counted in Spending Summary. Merchant/payee not confidently extracted. Could not confidently classify accounting treatment.
14788,2024-12-13 14:53:16,54.10,USD,UNKNOWN,UNKNOWN,,,,"Multiple: Capital One, Chase",5944,NEEDS_REVIEW,true,0.55,Accounting treatment: UNKNOWN. Retained in activity; not counted in Spending Summary. Merchant/payee not confidently extracted. Could not confidently classify accounting treatment.
14789,2024-12-13 10:13:44,34.00,USD,UNKNOWN,UNKNOWN,,,,"Multiple: Capital One, Chase",5944,NEEDS_REVIEW,true,0.55,Accounting treatment: UNKNOWN. Retained in activity; not counted in Spending Summary. Merchant/payee not confidently extracted. Could not confidently classify accounting treatment.
15140,2024-12-13 10:11:53,3027.55,USD,INCOME,INCOME,3:54 AM ET was more than the $1,,,Chase,3039,AUTO_PARSED,true,0.86,Accounting treatment: INCOME. Merchant extracted by generic at. Retained in activity; not counted in Spending Summary.
14790,2024-12-13 10:07:23,24.00,USD,UNKNOWN,UNKNOWN,,,,"Multiple: Capital One, Chase",5944,NEEDS_REVIEW,true,0.55,Accounting treatment: UNKNOWN. Retained in activity; not counted in Spending Summary. Merchant/payee not confidently extracted. Could not confidently classify accounting treatment.
14791,2024-12-13 09:58:32,26.00,USD,TRANSFER,TRANSFER,ACE EXPRESS COACHES LL,,,"Multiple: Capital One, Chase",5944,AUTO_PARSED,true,0.86,Accounting treatment: TRANSFER. Merchant extracted by generic at. Retained in activity; not counted in Spending Summary.
14792,2024-12-12 16:43:56,186.43,USD,UNKNOWN,UNKNOWN,,,,"Multiple: Capital One, Chase",5944,NEEDS_REVIEW,true,0.55,Accounting treatment: UNKNOWN. Retained in activity; not counted in Spending Summary. Merchant/payee not confidently extracted. Could not confidently classify accounting treatment.
14793,2024-12-12 15:41:21,10.00,USD,UNKNOWN,UNKNOWN,,,,"Multiple: Capital One, Chase",5944,NEEDS_REVIEW,true,0.55,Accounting treatment: UNKNOWN. Retained in activity; not counted in Spending Summary. Merchant/payee not confidently extracted. Could not confidently classify accounting treatment.
14794,2024-12-12 07:48:23,0.83,USD,UNKNOWN,UNKNOWN,,,,"Multiple: Capital One, Chase",5944,NEEDS_REVIEW,true,0.55,Accounting treatment: UNKNOWN. Retained in activity; not counted in Spending Summary. Merchant/payee not confidently extracted. Could not confidently classify accounting treatment.
14795,2024-12-11 17:25:21,32.80,USD,UNKNOWN,UNKNOWN,,,,"Multiple: Capital One, Chase",5944,NEEDS_REVIEW,true,0.55,Accounting treatment: UNKNOWN. Retained in activity; not counted in Spending Summary. Merchant/payee not confidently extracted. Could not confidently classify accounting treatment.
14796,2024-12-11 01:06:37,141.34,USD,UNKNOWN,UNKNOWN,,,,"Multiple: Capital One, Chase",5944,NEEDS_REVIEW,true,0.55,Accounting treatment: UNKNOWN. Retained in activity; not counted in Spending Summary. Merchant/payee not confidently extracted. Could not confidently classify accounting treatment.
14797,2024-12-11 00:55:10,40.69,USD,UNKNOWN,UNKNOWN,,,,"Multiple: Capital One, Chase",5944,NEEDS_REVIEW,true,0.55,Accounting treatment: UNKNOWN. Retained in activity; not counted in Spending Summary. Merchant/payee not confidently extracted. Could not confidently classify accounting treatment.
14798,2024-12-10 21:45:15,29.04,USD,UNKNOWN,UNKNOWN,,,,"Multiple: Capital One, Chase",5944,NEEDS_REVIEW,true,0.55,Accounting treatment: UNKNOWN. Retained in activity; not counted in Spending Summary. Merchant/payee not confidently extracted. Could not confidently classify accounting treatment.
14799,2024-12-10 19:07:11,18.39,USD,UNKNOWN,UNKNOWN,,,,"Multiple: Capital One, Chase",5944,NEEDS_REVIEW,true,0.55,Accounting treatment: UNKNOWN. Retained in activity; not counted in Spending Summary. Merchant/payee not confidently extracted. Could not confidently classify accounting treatment.
14800,2024-12-10 15:31:16,202.40,USD,UNKNOWN,UNKNOWN,,,,"Multiple: Capital One, Chase",5944,NEEDS_REVIEW,true,0.55,Accounting treatment: UNKNOWN. Retained in activity; not counted in Spending Summary. Merchant/payee not confidently extracted. Could not confidently classify accounting treatment.
15141,2024-12-10 10:07:27,105.00,USD,TRANSFER,TRANSFER,4:42 AM ET was more than the $1,,,Chase,3039,AUTO_PARSED,true,0.86,Accounting treatment: TRANSFER. Merchant extracted by generic at. Retained in activity; not counted in Spending Summary.
14801,2024-12-09 23:08:07,31.26,USD,UNKNOWN,UNKNOWN,,,,"Multiple: Capital One, Chase",5944,NEEDS_REVIEW,true,0.55,Accounting treatment: UNKNOWN. Retained in activity; not counted in Spending Summary. Merchant/payee not confidently extracted. Could not confidently classify accounting treatment.
14802,2024-12-09 07:55:08,83.90,USD,UNKNOWN,UNKNOWN,,,,"Multiple: Capital One, Chase",5944,NEEDS_REVIEW,true,0.55,Accounting treatment: UNKNOWN. Retained in activity; not counted in Spending Summary. Merchant/payee not confidently extracted. Could not confidently classify accounting treatment.
14803,2024-12-07 16:35:21,16.23,USD,UNKNOWN,UNKNOWN,,,,"Multiple: Capital One, Chase",5944,NEEDS_REVIEW,true,0.55,Accounting treatment: UNKNOWN. Retained in activity; not counted in Spending Summary. Merchant/payee not confidently extracted. Could not confidently classify accounting treatment.
14804,2024-12-05 16:11:08,235.00,USD,UNKNOWN,UNKNOWN,,,,"Multiple: Capital One, Chase",5944,NEEDS_REVIEW,true,0.55,Accounting treatment: UNKNOWN. Retained in activity; not counted in Spending Summary. Merchant/payee not confidently extracted. Could not confidently classify accounting treatment.
14805,2024-12-05 14:10:32,286.00,USD,UNKNOWN,UNKNOWN,,,,"Multiple: Capital One, Chase",5944,NEEDS_REVIEW,true,0.55,Accounting treatment: UNKNOWN. Retained in activity; not counted in Spending Summary. Merchant/payee not confidently extracted. Could not confidently classify accounting treatment.
14806,2024-12-04 19:07:48,24.88,USD,UNKNOWN,UNKNOWN,,,,"Multiple: Capital One, Chase",5944,NEEDS_REVIEW,true,0.55,Accounting treatment: UNKNOWN. Retained in activity; not counted in Spending Summary. Merchant/payee not confidently extracted. Could not confidently classify accounting treatment.
14807,2024-12-04 18:33:08,1.71,USD,UNKNOWN,UNKNOWN,,,,"Multiple: Capital One, Chase",5944,NEEDS_REVIEW,true,0.55,Accounting treatment: UNKNOWN. Retained in activity; not counted in Spending Summary. Merchant/payee not confidently extracted. Could not confidently classify accounting treatment.
14808,2024-12-04 15:25:46,158.47,USD,UNKNOWN,UNKNOWN,,,,"Multiple: Capital One, Chase",5944,NEEDS_REVIEW,true,0.55,Accounting treatment: UNKNOWN. Retained in activity; not counted in Spending Summary. Merchant/payee not confidently extracted. Could not confidently classify accounting treatment.
14809,2024-12-04 13:34:30,330.25,USD,UNKNOWN,UNKNOWN,,,,"Multiple: Capital One, Chase",5944,NEEDS_REVIEW,true,0.55,Accounting treatment: UNKNOWN. Retained in activity; not counted in Spending Summary. Merchant/payee not confidently extracted. Could not confidently classify accounting treatment.
14810,2024-12-04 13:21:32,600.83,USD,UNKNOWN,UNKNOWN,,,,"Multiple: Capital One, Chase",5944,NEEDS_REVIEW,true,0.55,Accounting treatment: UNKNOWN. Retained in activity; not counted in Spending Summary. Merchant/payee not confidently extracted. Could not confidently classify accounting treatment.
14811,2024-12-04 13:08:24,122.64,USD,UNKNOWN,UNKNOWN,,,,"Multiple: Capital One, Chase",5944,NEEDS_REVIEW,true,0.55,Accounting treatment: UNKNOWN. Retained in activity; not counted in Spending Summary. Merchant/payee not confidently extracted. Could not confidently classify accounting treatment.
14812,2024-12-04 12:39:22,123.98,USD,UNKNOWN,UNKNOWN,,,,"Multiple: Capital One, Chase",5944,NEEDS_REVIEW,true,0.55,Accounting treatment: UNKNOWN. Retained in activity; not counted in Spending Summary. Merchant/payee not confidently extracted. Could not confidently classify accounting treatment.
14813,2024-12-04 12:28:13,32.00,USD,UNKNOWN,UNKNOWN,,,,"Multiple: Capital One, Chase",5944,NEEDS_REVIEW,true,0.55,Accounting treatment: UNKNOWN. Retained in activity; not counted in Spending Summary. Merchant/payee not confidently extracted. Could not confidently classify accounting treatment.
14814,2024-12-04 12:28:10,216.00,USD,UNKNOWN,UNKNOWN,,,,"Multiple: Capital One, Chase",5944,NEEDS_REVIEW,true,0.55,Accounting treatment: UNKNOWN. Retained in activity; not counted in Spending Summary. Merchant/payee not confidently extracted. Could not confidently classify accounting treatment.
14815,2024-12-04 12:06:00,515.94,USD,UNKNOWN,UNKNOWN,,,,"Multiple: Capital One, Chase",5944,NEEDS_REVIEW,true,0.55,Accounting treatment: UNKNOWN. Retained in activity; not counted in Spending Summary. Merchant/payee not confidently extracted. Could not confidently classify accounting treatment.
14816,2024-12-03 20:00:25,12.64,USD,UNKNOWN,UNKNOWN,,,,"Multiple: Capital One, Chase",5944,NEEDS_REVIEW,true,0.55,Accounting treatment: UNKNOWN. Retained in activity; not counted in Spending Summary. Merchant/payee not confidently extracted. Could not confidently classify accounting treatment.
14817,2024-12-03 19:39:43,30.13,USD,UNKNOWN,UNKNOWN,,,,"Multiple: Capital One, Chase",5944,NEEDS_REVIEW,true,0.55,Accounting treatment: UNKNOWN. Retained in activity; not counted in Spending Summary. Merchant/payee not confidently extracted. Could not confidently classify accounting treatment.
15142,2024-12-03 13:27:12,11.79,USD,PERSON_TO_PERSON,PERSON_TO_PERSON,,,,Chase,3039,NEEDS_REVIEW,true,0.55,Accounting treatment: PERSON_TO_PERSON. Zelle detected; user review recommended. Retained in activity; not counted in Spending Summary. Merchant/payee not confidently extracted.
14818,2024-12-03 10:36:12,57.29,USD,UNKNOWN,UNKNOWN,,,,"Multiple: Capital One, Chase",5944,NEEDS_REVIEW,true,0.55,Accounting treatment: UNKNOWN. Retained in activity; not counted in Spending Summary. Merchant/payee not confidently extracted. Could not confidently classify accounting treatment.
15143,2024-12-03 10:32:24,105.00,USD,TRANSFER,TRANSFER,4:45 AM ET was more than the $1,,,Chase,3039,AUTO_PARSED,true,0.86,Accounting treatment: TRANSFER. Merchant extracted by generic at. Retained in activity; not counted in Spending Summary.
15144,2024-12-03 10:06:58,900.00,USD,INCOME,INCOME,,,,Chase,3039,AUTO_PARSED,true,0.65,Accounting treatment: INCOME. Retained in activity; not counted in Spending Summary. Merchant/payee not confidently extracted.
14819,2024-12-02 12:04:57,97.14,USD,UNKNOWN,UNKNOWN,,,,"Multiple: Capital One, Chase",5944,NEEDS_REVIEW,true,0.55,Accounting treatment: UNKNOWN. Retained in activity; not counted in Spending Summary. Merchant/payee not confidently extracted. Could not confidently classify accounting treatment.
14820,2024-12-02 11:50:49,4.58,USD,UNKNOWN,UNKNOWN,,,,"Multiple: Capital One, Chase",5944,NEEDS_REVIEW,true,0.55,Accounting treatment: UNKNOWN. Retained in activity; not counted in Spending Summary. Merchant/payee not confidently extracted. Could not confidently classify accounting treatment.
14821,2024-12-02 07:17:26,642.60,USD,UNKNOWN,UNKNOWN,,,,"Multiple: Capital One, Chase",5944,NEEDS_REVIEW,true,0.55,Accounting treatment: UNKNOWN. Retained in activity; not counted in Spending Summary. Merchant/payee not confidently extracted. Could not confidently classify accounting treatment.
14822,2024-12-02 06:55:10,58.26,USD,UNKNOWN,UNKNOWN,,,,"Multiple: Capital One, Chase",5944,NEEDS_REVIEW,true,0.55,Accounting treatment: UNKNOWN. Retained in activity; not counted in Spending Summary. Merchant/payee not confidently extracted. Could not confidently classify accounting treatment.
14823,2024-12-01 22:28:41,36.23,USD,UNKNOWN,UNKNOWN,,,,"Multiple: Capital One, Chase",5944,NEEDS_REVIEW,true,0.55,Accounting treatment: UNKNOWN. Retained in activity; not counted in Spending Summary. Merchant/payee not confidently extracted. Could not confidently classify accounting treatment.
14824,2024-12-01 07:24:56,22.65,USD,UNKNOWN,UNKNOWN,,,,"Multiple: Capital One, Chase",5944,NEEDS_REVIEW,true,0.55,Accounting treatment: UNKNOWN. Retained in activity; not counted in Spending Summary. Merchant/payee not confidently extracted. Could not confidently classify accounting treatment.
14825,2024-11-30 19:09:51,42.72,USD,UNKNOWN,UNKNOWN,,,,"Multiple: Capital One, Chase",5944,NEEDS_REVIEW,true,0.55,Accounting treatment: UNKNOWN. Retained in activity; not counted in Spending Summary. Merchant/payee not confidently extracted. Could not confidently classify accounting treatment.
14826,2024-11-29 13:48:52,10.00,USD,UNKNOWN,UNKNOWN,,,,"Multiple: Capital One, Chase",5944,NEEDS_REVIEW,true,0.55,Accounting treatment: UNKNOWN. Retained in activity; not counted in Spending Summary. Merchant/payee not confidently extracted. Could not confidently classify accounting treatment.
14827,2024-11-29 08:29:47,135.42,USD,UNKNOWN,UNKNOWN,,,,"Multiple: Capital One, Chase",5944,NEEDS_REVIEW,true,0.55,Accounting treatment: UNKNOWN. Retained in activity; not counted in Spending Summary. Merchant/payee not confidently extracted. Could not confidently classify accounting treatment.
14828,2024-11-29 01:15:11,37.87,USD,UNKNOWN,UNKNOWN,,,,"Multiple: Capital One, Chase",5944,NEEDS_REVIEW,true,0.55,Accounting treatment: UNKNOWN. Retained in activity; not counted in Spending Summary. Merchant/payee not confidently extracted. Could not confidently classify accounting treatment.
14829,2024-11-28 15:28:33,108.24,USD,UNKNOWN,UNKNOWN,,,,"Multiple: Capital One, Chase",5944,NEEDS_REVIEW,true,0.55,Accounting treatment: UNKNOWN. Retained in activity; not counted in Spending Summary. Merchant/payee not confidently extracted. Could not confidently classify accounting treatment.
15145,2024-11-28 10:43:11,3027.55,USD,INCOME,INCOME,3:52 AM ET was more than the $1,,,Chase,3039,AUTO_PARSED,true,0.86,Accounting treatment: INCOME. Merchant extracted by generic at. Retained in activity; not counted in Spending Summary.
15146,2024-11-27 10:39:38,2279.73,USD,TRANSFER,TRANSFER,3:54 AM ET was more than the $1,,,Chase,3039,AUTO_PARSED,true,0.86,Accounting treatment: TRANSFER. Merchant extracted by generic at. Retained in activity; not counted in Spending Summary.
15147,2024-11-15 10:49:56,2876.50,USD,INCOME,INCOME,3:53 AM ET was more than the $1,,,Chase,3039,AUTO_PARSED,true,0.86,Accounting treatment: INCOME. Merchant extracted by generic at. Retained in activity; not counted in Spending Summary.
15148,2024-10-31 10:33:02,1300.87,USD,TRANSFER,TRANSFER,3:49 AM ET was more than the $1,,,Chase,3039,AUTO_PARSED,true,0.86,Accounting treatment: TRANSFER. Merchant extracted by generic at. Retained in activity; not counted in Spending Summary.
15149,2024-10-31 10:07:58,2876.50,USD,INCOME,INCOME,3:49 AM ET was more than the $1,,,Chase,3039,AUTO_PARSED,true,0.86,Accounting treatment: INCOME. Merchant extracted by generic at. Retained in activity; not counted in Spending Summary.
15150,2024-10-29 10:07:43,100.00,USD,TRANSFER,TRANSFER,4:51 AM ET was more than the $1,,,Chase,3039,AUTO_PARSED,true,0.86,Accounting treatment: TRANSFER. Merchant extracted by generic at. Retained in activity; not counted in Spending Summary.
15151,2024-10-28 18:24:56,158.94,USD,PERSON_TO_PERSON,PERSON_TO_PERSON,,,,Chase,3039,NEEDS_REVIEW,true,0.55,Accounting treatment: PERSON_TO_PERSON. Zelle detected; user review recommended. Retained in activity; not counted in Spending Summary. Merchant/payee not confidently extracted.
15152,2024-10-12 21:58:02,500.00,USD,PERSON_TO_PERSON,PERSON_TO_PERSON,,,,Chase,3039,NEEDS_REVIEW,true,0.55,Accounting treatment: PERSON_TO_PERSON. Zelle detected; user review recommended. Retained in activity; not counted in Spending Summary. Merchant/payee not confidently extracted.
15153,2024-10-12 10:29:53,2876.50,USD,INCOME,INCOME,4:55 AM ET was more than the $1,,,Chase,3039,AUTO_PARSED,true,0.86,Accounting treatment: INCOME. Merchant extracted by generic at. Retained in activity; not counted in Spending Summary.
15154,2024-10-09 19:17:55,1200.00,USD,PERSON_TO_PERSON,PERSON_TO_PERSON,,,,Chase,3039,NEEDS_REVIEW,true,0.55,Accounting treatment: PERSON_TO_PERSON. Zelle detected; user review recommended. Retained in activity; not counted in Spending Summary. Merchant/payee not confidently extracted.
15155,2024-10-03 00:07:36,214.18,USD,PERSON_TO_PERSON,PERSON_TO_PERSON,,,,Chase,3039,NEEDS_REVIEW,true,0.55,Accounting treatment: PERSON_TO_PERSON. Zelle detected; user review recommended. Retained in activity; not counted in Spending Summary. Merchant/payee not confidently extracted.
15156,2024-10-02 10:20:02,2339.85,USD,TRANSFER,TRANSFER,3:57 AM ET was more than the $1,,,Chase,3039,AUTO_PARSED,true,0.86,Accounting treatment: TRANSFER. Merchant extracted by generic at. Retained in activity; not counted in Spending Summary.
15157,2024-09-28 10:43:25,2876.50,USD,INCOME,INCOME,4:57 AM ET was more than the $1,,,Chase,3039,AUTO_PARSED,true,0.86,Accounting treatment: INCOME. Merchant extracted by generic at. Retained in activity; not counted in Spending Summary.
15158,2024-09-24 19:20:43,56.43,USD,PERSON_TO_PERSON,PERSON_TO_PERSON,,,,Chase,3039,NEEDS_REVIEW,true,0.55,Accounting treatment: PERSON_TO_PERSON. Zelle detected; user review recommended. Retained in activity; not counted in Spending Summary. Merchant/payee not confidently extracted.
15159,2024-09-15 21:33:22,7.00,USD,PERSON_TO_PERSON,PERSON_TO_PERSON,,,,Chase,3039,NEEDS_REVIEW,true,0.55,Accounting treatment: PERSON_TO_PERSON. Zelle detected; user review recommended. Retained in activity; not counted in Spending Summary. Merchant/payee not confidently extracted.
15160,2024-09-13 10:56:42,2876.50,USD,INCOME,INCOME,3:54 AM ET was more than the $1,,,Chase,3039,AUTO_PARSED,true,0.86,Accounting treatment: INCOME. Merchant extracted by generic at. Retained in activity; not counted in Spending Summary.
15161,2024-09-05 10:35:17,3843.00,USD,TRANSFER,TRANSFER,3:52 AM ET was more than the $1,,,Chase,3039,AUTO_PARSED,true,0.86,Accounting treatment: TRANSFER. Merchant extracted by generic at. Retained in activity; not counted in Spending Summary.
15162,2024-09-04 10:29:30,940.28,USD,TRANSFER,TRANSFER,4:31 AM ET was more than the $1,,,Chase,3039,AUTO_PARSED,true,0.86,Accounting treatment: TRANSFER. Merchant extracted by generic at. Retained in activity; not counted in Spending Summary.
15163,2024-09-04 02:45:29,75.00,USD,PERSON_TO_PERSON,PERSON_TO_PERSON,,,,Chase,3039,NEEDS_REVIEW,true,0.55,Accounting treatment: PERSON_TO_PERSON. Zelle detected; user review recommended. Retained in activity; not counted in Spending Summary. Merchant/payee not confidently extracted.
15164,2024-09-02 10:14:27,16.18,USD,EXPENSE,EXPENSE,ZAZZLE INC on Sep 2,,,Chase,3039,AUTO_PARSED,false,0.86,Accounting treatment: EXPENSE. Merchant extracted by action merchant.
15165,2024-08-30 10:08:02,2902.38,USD,INCOME,INCOME,3:55 AM ET was more than the $1,,,Chase,3039,AUTO_PARSED,true,0.86,Accounting treatment: INCOME. Merchant extracted by generic at. Retained in activity; not counted in Spending Summary.
15166,2024-08-22 10:39:17,8.26,USD,EXPENSE,EXPENSE,SILKRUTE on Aug 22,,,Chase,3039,AUTO_PARSED,false,0.86,Accounting treatment: EXPENSE. Merchant extracted by action merchant.
15167,2024-08-21 07:45:59,56.74,USD,PERSON_TO_PERSON,PERSON_TO_PERSON,,,,Chase,3039,NEEDS_REVIEW,true,0.55,Accounting treatment: PERSON_TO_PERSON. Zelle detected; user review recommended. Retained in activity; not counted in Spending Summary. Merchant/payee not confidently extracted.
15168,2024-08-15 10:47:33,2850.64,USD,INCOME,INCOME,3:50 AM ET was more than the $1,,,Chase,3039,AUTO_PARSED,true,0.86,Accounting treatment: INCOME. Merchant extracted by generic at. Retained in activity; not counted in Spending Summary.
15169,2024-08-06 06:41:04,80.00,USD,PERSON_TO_PERSON,PERSON_TO_PERSON,,,,Chase,3039,NEEDS_REVIEW,true,0.55,Accounting treatment: PERSON_TO_PERSON. Zelle detected; user review recommended. Retained in activity; not counted in Spending Summary. Merchant/payee not confidently extracted.
15170,2024-08-01 10:22:37,1065.39,USD,TRANSFER,TRANSFER,3:54 AM ET was more than the $1,,,Chase,3039,AUTO_PARSED,true,0.86,Accounting treatment: TRANSFER. Merchant extracted by generic at. Retained in activity; not counted in Spending Summary.
15171,2024-07-31 12:58:51,1200.00,USD,PERSON_TO_PERSON,PERSON_TO_PERSON,,,,Chase,3039,NEEDS_REVIEW,true,0.55,Accounting treatment: PERSON_TO_PERSON. Zelle detected; user review recommended. Retained in activity; not counted in Spending Summary. Merchant/payee not confidently extracted.
15172,2024-07-31 10:46:13,2850.64,USD,INCOME,INCOME,3:50 AM ET was more than the $1,,,Chase,3039,AUTO_PARSED,true,0.86,Accounting treatment: INCOME. Merchant extracted by generic at. Retained in activity; not counted in Spending Summary.
15173,2024-07-23 17:34:11,56.31,USD,PERSON_TO_PERSON,PERSON_TO_PERSON,,,,Chase,3039,NEEDS_REVIEW,true,0.55,Accounting treatment: PERSON_TO_PERSON. Zelle detected; user review recommended. Retained in activity; not counted in Spending Summary. Merchant/payee not confidently extracted.
15174,2024-07-17 10:45:16,150.00,USD,TRANSFER,TRANSFER,10:50 AM ET is above the limit in your alert settings,,,Chase,3039,AUTO_PARSED,true,0.86,Accounting treatment: TRANSFER. Merchant extracted by generic at. Retained in activity; not counted in Spending Summary.
15175,2024-07-13 10:45:28,2850.64,USD,INCOME,INCOME,4:53 AM ET was more than the $1,,,Chase,3039,AUTO_PARSED,true,0.86,Accounting treatment: INCOME. Merchant extracted by generic at. Retained in activity; not counted in Spending Summary.
15176,2024-07-11 21:11:58,450.00,USD,PERSON_TO_PERSON,PERSON_TO_PERSON,,,,Chase,3039,NEEDS_REVIEW,true,0.55,Accounting treatment: PERSON_TO_PERSON. Zelle detected; user review recommended. Retained in activity; not counted in Spending Summary. Merchant/payee not confidently extracted.
15177,2024-07-11 21:09:46,528.00,USD,PERSON_TO_PERSON,PERSON_TO_PERSON,,,,Chase,3039,NEEDS_REVIEW,true,0.55,Accounting treatment: PERSON_TO_PERSON. Zelle detected; user review recommended. Retained in activity; not counted in Spending Summary. Merchant/payee not confidently extracted.
15178,2024-07-11 21:04:56,1.00,USD,PERSON_TO_PERSON,PERSON_TO_PERSON,,,,Chase,3039,NEEDS_REVIEW,true,0.55,Accounting treatment: PERSON_TO_PERSON. Zelle detected; user review recommended. Retained in activity; not counted in Spending Summary. Merchant/payee not confidently extracted.
15179,2024-07-01 10:21:09,1171.42,USD,TRANSFER,TRANSFER,4:22 AM ET was more than the $1,,,Chase,3039,AUTO_PARSED,true,0.86,Accounting treatment: TRANSFER. Merchant extracted by generic at. Retained in activity; not counted in Spending Summary.
15180,2024-06-28 16:37:51,12.43,USD,PERSON_TO_PERSON,PERSON_TO_PERSON,,,,Chase,3039,NEEDS_REVIEW,true,0.55,Accounting treatment: PERSON_TO_PERSON. Zelle detected; user review recommended. Retained in activity; not counted in Spending Summary. Merchant/payee not confidently extracted.
15181,2024-06-28 10:45:46,2850.64,USD,INCOME,INCOME,3:53 AM ET was more than the $1,,,Chase,3039,AUTO_PARSED,true,0.86,Accounting treatment: INCOME. Merchant extracted by generic at. Retained in activity; not counted in Spending Summary.
15182,2024-06-25 10:25:17,135.00,USD,TRANSFER,TRANSFER,4:39 AM ET was more than the $1,,,Chase,3039,AUTO_PARSED,true,0.86,Accounting treatment: TRANSFER. Merchant extracted by generic at. Retained in activity; not counted in Spending Summary.
15183,2024-06-25 10:10:27,135.00,USD,TRANSFER,TRANSFER,4:39 AM ET was more than the $1,,,Chase,3039,AUTO_PARSED,true,0.86,Accounting treatment: TRANSFER. Merchant extracted by generic at. Retained in activity; not counted in Spending Summary.
15184,2024-06-19 13:23:48,43.00,USD,PERSON_TO_PERSON,PERSON_TO_PERSON,Osama,,,Chase,3039,NEEDS_REVIEW,true,0.55,Accounting treatment: PERSON_TO_PERSON. Merchant extracted by source template outlier. Zelle detected; user review recommended. Retained in activity; not counted in Spending Summary.
15185,2024-06-14 11:08:08,2850.64,USD,INCOME,INCOME,3:50 AM ET was more than the $1,,,Chase,3039,AUTO_PARSED,true,0.86,Accounting treatment: INCOME. Merchant extracted by generic at. Retained in activity; not counted in Spending Summary.
15186,2024-06-13 12:20:29,106.09,USD,EXPENSE,EXPENSE,WALMART+ MEMBERSHIP on Jun 13,Groceries,General,Chase,3039,AUTO_PARSED,false,0.90,Accounting treatment: EXPENSE. Merchant extracted by action merchant. Suggested category: Groceries/General.
15187,2024-06-10 18:20:51,51.56,USD,PERSON_TO_PERSON,PERSON_TO_PERSON,Rshuwaafpbcouwg,,,Chase,3039,NEEDS_REVIEW,true,0.55,Accounting treatment: PERSON_TO_PERSON. Merchant extracted by source template outlier. Zelle detected; user review recommended. Retained in activity; not counted in Spending Summary.
15188,2024-06-10 17:47:21,14.70,USD,PERSON_TO_PERSON,PERSON_TO_PERSON,Ryrtfgaj ilmgqg,,,Chase,3039,NEEDS_REVIEW,true,0.55,Accounting treatment: PERSON_TO_PERSON. Merchant extracted by source template outlier. Zelle detected; user review recommended. Retained in activity; not counted in Spending Summary.
15189,2024-06-10 01:27:08,12.80,USD,PERSON_TO_PERSON,PERSON_TO_PERSON,Qtwkjaadbgxhwqg,,,Chase,3039,NEEDS_REVIEW,true,0.55,Accounting treatment: PERSON_TO_PERSON. Merchant extracted by source template outlier. Zelle detected; user review recommended. Retained in activity; not counted in Spending Summary.
15190,2024-06-07 10:30:01,2000.00,USD,TRANSFER,TRANSFER,2:12 AM ET is above the limit in your alert settings,,,Chase,3039,AUTO_PARSED,true,0.86,Accounting treatment: TRANSFER. Merchant extracted by generic at. Retained in activity; not counted in Spending Summary.
15191,2024-05-31 10:30:24,2850.64,USD,INCOME,INCOME,3:52 AM ET was more than the $1,,,Chase,3039,AUTO_PARSED,true,0.86,Accounting treatment: INCOME. Merchant extracted by generic at. Retained in activity; not counted in Spending Summary.
15192,2024-05-30 10:17:02,525.34,USD,TRANSFER,TRANSFER,3:51 AM ET was more than the $1,,,Chase,3039,AUTO_PARSED,true,0.86,Accounting treatment: TRANSFER. Merchant extracted by generic at. Retained in activity; not counted in Spending Summary.
15193,2024-05-26 13:20:36,23.43,USD,PERSON_TO_PERSON,PERSON_TO_PERSON,Qjf jgcbnakolgg,,,Chase,3039,NEEDS_REVIEW,true,0.55,Accounting treatment: PERSON_TO_PERSON. Merchant extracted by source template outlier. Zelle detected; user review recommended. Retained in activity; not counted in Spending Summary.
15194,2024-05-18 13:44:28,58.93,USD,PERSON_TO_PERSON,PERSON_TO_PERSON,Rgjihgb bliqg,,,Chase,3039,NEEDS_REVIEW,true,0.55,Accounting treatment: PERSON_TO_PERSON. Merchant extracted by source template outlier. Zelle detected; user review recommended. Retained in activity; not counted in Spending Summary.
15195,2024-05-17 10:41:49,145.41,USD,EXPENSE,EXPENSE,GOOGLE *FI JMCGWZ on May 17,Subscriptions,General,Chase,3039,AUTO_PARSED,false,0.90,Accounting treatment: EXPENSE. Merchant extracted by action merchant. Suggested category: Subscriptions/General.
15196,2024-05-15 10:07:33,2850.64,USD,INCOME,INCOME,3:50 AM ET was more than the $1,,,Chase,3039,AUTO_PARSED,true,0.86,Accounting treatment: INCOME. Merchant extracted by generic at. Retained in activity; not counted in Spending Summary.
15197,2024-05-09 10:24:30,1700.00,USD,TRANSFER,TRANSFER,8:12 AM ET is above the limit in your alert settings,,,Chase,3039,AUTO_PARSED,true,0.86,Accounting treatment: TRANSFER. Merchant extracted by generic at. Retained in activity; not counted in Spending Summary.
15198,2024-05-01 10:20:43,3843.00,USD,TRANSFER,TRANSFER,3:57 AM ET was more than the $1,,,Chase,3039,AUTO_PARSED,true,0.86,Accounting treatment: TRANSFER. Merchant extracted by generic at. Retained in activity; not counted in Spending Summary.
15199,2024-05-01 10:18:35,842.66,USD,TRANSFER,TRANSFER,3:57 AM ET was more than the $1,,,Chase,3039,AUTO_PARSED,true,0.86,Accounting treatment: TRANSFER. Merchant extracted by generic at. Retained in activity; not counted in Spending Summary.
15200,2024-04-30 10:36:49,2850.64,USD,INCOME,INCOME,4:50 AM ET was more than the $1,,,Chase,3039,AUTO_PARSED,true,0.86,Accounting treatment: INCOME. Merchant extracted by generic at. Retained in activity; not counted in Spending Summary.
15201,2024-04-26 16:24:01,193.08,USD,PERSON_TO_PERSON,PERSON_TO_PERSON,Ndwbtt tjnag,,,Chase,3039,NEEDS_REVIEW,true,0.55,Accounting treatment: PERSON_TO_PERSON. Merchant extracted by source template outlier. Zelle detected; user review recommended. Retained in activity; not counted in Spending Summary.
15202,2024-04-26 16:23:30,17.32,USD,PERSON_TO_PERSON,PERSON_TO_PERSON,Aah,,,Chase,3039,NEEDS_REVIEW,true,0.55,Accounting treatment: PERSON_TO_PERSON. Merchant extracted by source template outlier. Zelle detected; user review recommended. Retained in activity; not counted in Spending Summary.
15203,2024-04-23 22:51:35,62.27,USD,PERSON_TO_PERSON,PERSON_TO_PERSON,Pfqn qao pcag,,,Chase,3039,NEEDS_REVIEW,true,0.55,Accounting treatment: PERSON_TO_PERSON. Merchant extracted by source template outlier. Zelle detected; user review recommended. Retained in activity; not counted in Spending Summary.
15204,2024-04-17 10:35:25,145.85,USD,EXPENSE,EXPENSE,GOOGLE *FI Z457LX on Apr 17,Subscriptions,General,Chase,3039,AUTO_PARSED,false,0.90,Accounting treatment: EXPENSE. Merchant extracted by action merchant. Suggested category: Subscriptions/General.
15205,2024-04-16 12:04:02,3.00,USD,TRANSFER,TRANSFER,4:58 AM ET was more than the $1,,,Chase,3039,AUTO_PARSED,true,0.86,Accounting treatment: TRANSFER. Merchant extracted by generic at. Retained in activity; not counted in Spending Summary.
15206,2024-04-13 10:28:44,2850.64,USD,INCOME,INCOME,4:58 AM ET was more than the $1,,,Chase,3039,AUTO_PARSED,true,0.86,Accounting treatment: INCOME. Merchant extracted by generic at. Retained in activity; not counted in Spending Summary.
15207,2024-03-30 10:36:10,1928.56,USD,TRANSFER,TRANSFER,4:56 AM ET was more than the $1,,,Chase,3039,AUTO_PARSED,true,0.86,Accounting treatment: TRANSFER. Merchant extracted by generic at. Retained in activity; not counted in Spending Summary.
15208,2024-03-29 10:29:30,2850.64,USD,INCOME,INCOME,3:52 AM ET was more than the $1,,,Chase,3039,AUTO_PARSED,true,0.86,Accounting treatment: INCOME. Merchant extracted by generic at. Retained in activity; not counted in Spending Summary.
15209,2024-03-24 01:59:42,7.04,USD,PERSON_TO_PERSON,PERSON_TO_PERSON,,,,Chase,3039,NEEDS_REVIEW,true,0.55,Accounting treatment: PERSON_TO_PERSON. Zelle detected; user review recommended. Retained in activity; not counted in Spending Summary. Merchant/payee not confidently extracted.
15210,2024-03-19 02:31:22,34.76,USD,PERSON_TO_PERSON,PERSON_TO_PERSON,,,,Chase,3039,NEEDS_REVIEW,true,0.55,Accounting treatment: PERSON_TO_PERSON. Zelle detected; user review recommended. Retained in activity; not counted in Spending Summary. Merchant/payee not confidently extracted.
15211,2024-03-18 16:50:02,14.25,USD,PERSON_TO_PERSON,PERSON_TO_PERSON,,,,Chase,3039,NEEDS_REVIEW,true,0.55,Accounting treatment: PERSON_TO_PERSON. Zelle detected; user review recommended. Retained in activity; not counted in Spending Summary. Merchant/payee not confidently extracted.
15212,2024-03-17 10:15:33,117.44,USD,EXPENSE,EXPENSE,GOOGLE *FI 336PJC on Mar 17,Subscriptions,General,Chase,3039,AUTO_PARSED,false,0.90,Accounting treatment: EXPENSE. Merchant extracted by action merchant. Suggested category: Subscriptions/General.
15213,2024-03-15 10:41:33,2850.64,USD,INCOME,INCOME,3:51 AM ET was more than the $1,,,Chase,3039,AUTO_PARSED,true,0.86,Accounting treatment: INCOME. Merchant extracted by generic at. Retained in activity; not counted in Spending Summary.
15214,2024-03-15 10:22:44,1652.04,USD,INCOME,INCOME,3:51 AM ET was more than the $1,,,Chase,3039,AUTO_PARSED,true,0.86,Accounting treatment: INCOME. Merchant extracted by generic at. Retained in activity; not counted in Spending Summary.
15215,2024-03-12 13:49:55,600.00,USD,EXPENSE,EXPENSE,PCRF on Mar 12,,,Chase,3039,AUTO_PARSED,false,0.86,Accounting treatment: EXPENSE. Merchant extracted by action merchant.
15216,2024-03-12 13:40:38,625.95,USD,EXPENSE,EXPENSE,FI *ICNA RELIEF on Mar 12,,,Chase,3039,AUTO_PARSED,false,0.86,Accounting treatment: EXPENSE. Merchant extracted by action merchant.
15217,2024-03-09 20:36:12,38.61,USD,PERSON_TO_PERSON,PERSON_TO_PERSON,Lbagbord slwg,,,Chase,3039,NEEDS_REVIEW,true,0.55,Accounting treatment: PERSON_TO_PERSON. Merchant extracted by source template outlier. Zelle detected; user review recommended. Retained in activity; not counted in Spending Summary.
15218,2024-03-01 10:22:56,708.55,USD,TRANSFER,TRANSFER,4:00 AM ET was more than the $1,,,Chase,3039,AUTO_PARSED,true,0.86,Accounting treatment: TRANSFER. Merchant extracted by generic at. Retained in activity; not counted in Spending Summary.
15219,2024-02-29 10:26:53,2850.64,USD,INCOME,INCOME,3:53 AM ET was more than the $1,,,Chase,3039,AUTO_PARSED,true,0.86,Accounting treatment: INCOME. Merchant extracted by generic at. Retained in activity; not counted in Spending Summary.
15220,2024-02-17 10:26:11,118.38,USD,EXPENSE,EXPENSE,GOOGLE *FI H437S7 on Feb 17,Subscriptions,General,Chase,3039,AUTO_PARSED,false,0.90,Accounting treatment: EXPENSE. Merchant extracted by action merchant. Suggested category: Subscriptions/General.
15221,2024-02-15 10:17:33,2850.64,USD,INCOME,INCOME,3:54 AM ET was more than the $1,,,Chase,3039,AUTO_PARSED,true,0.86,Accounting treatment: INCOME. Merchant extracted by generic at. Retained in activity; not counted in Spending Summary.
15222,2024-02-11 16:25:36,112.67,USD,PERSON_TO_PERSON,PERSON_TO_PERSON,Uurp gahwwdiwqg,,,Chase,3039,NEEDS_REVIEW,true,0.55,Accounting treatment: PERSON_TO_PERSON. Merchant extracted by source template outlier. Zelle detected; user review recommended. Retained in activity; not counted in Spending Summary.
15223,2024-02-09 08:17:11,24.00,USD,PERSON_TO_PERSON,PERSON_TO_PERSON,Aeyhvwbhz jjwag,,,Chase,3039,NEEDS_REVIEW,true,0.55,Accounting treatment: PERSON_TO_PERSON. Merchant extracted by source template outlier. Zelle detected; user review recommended. Retained in activity; not counted in Spending Summary.
15224,2024-02-06 14:58:53,45.00,USD,PERSON_TO_PERSON,PERSON_TO_PERSON,Mlqjkqadw titag,,,Chase,3039,NEEDS_REVIEW,true,0.55,Accounting treatment: PERSON_TO_PERSON. Merchant extracted by source template outlier. Zelle detected; user review recommended. Retained in activity; not counted in Spending Summary.
15225,2024-02-04 18:00:24,57.98,USD,EXPENSE,EXPENSE,SAM'S CLUB on Feb 4,Groceries,General,Chase,3039,AUTO_PARSED,false,0.90,Accounting treatment: EXPENSE. Merchant extracted by action merchant. Suggested category: Groceries/General.
15226,2024-02-01 13:01:45,74.00,USD,PERSON_TO_PERSON,PERSON_TO_PERSON,Qdaxfqaccflo,,,Chase,3039,NEEDS_REVIEW,true,0.55,Accounting treatment: PERSON_TO_PERSON. Merchant extracted by source template outlier. Zelle detected; user review recommended. Retained in activity; not counted in Spending Summary.
15227,2024-02-01 10:42:06,1036.89,USD,TRANSFER,TRANSFER,3:55 AM ET was more than the $1,,,Chase,3039,AUTO_PARSED,true,0.86,Accounting treatment: TRANSFER. Merchant extracted by generic at. Retained in activity; not counted in Spending Summary.
15228,2024-01-31 10:35:53,2850.64,USD,INCOME,INCOME,3:51 AM ET was more than the $1,,,Chase,3039,AUTO_PARSED,true,0.86,Accounting treatment: INCOME. Merchant extracted by generic at. Retained in activity; not counted in Spending Summary.
15229,2024-01-26 15:30:04,12.90,USD,PERSON_TO_PERSON,PERSON_TO_PERSON,Zjicxwbi legg,,,Chase,3039,NEEDS_REVIEW,true,0.55,Accounting treatment: PERSON_TO_PERSON. Merchant extracted by source template outlier. Zelle detected; user review recommended. Retained in activity; not counted in Spending Summary.
15230,2024-01-25 16:42:43,137.04,USD,EXPENSE,EXPENSE,SAM'S CLUB on Jan 25,Groceries,General,Chase,3039,AUTO_PARSED,false,0.90,Accounting treatment: EXPENSE. Merchant extracted by action merchant. Suggested category: Groceries/General.
15231,2024-01-25 16:12:42,15.00,USD,PERSON_TO_PERSON,PERSON_TO_PERSON,Bca vqargmfd,,,Chase,3039,NEEDS_REVIEW,true,0.55,Accounting treatment: PERSON_TO_PERSON. Merchant extracted by source template outlier. Zelle detected; user review recommended. Retained in activity; not counted in Spending Summary.
15232,2024-01-20 16:09:46,30.00,USD,PERSON_TO_PERSON,PERSON_TO_PERSON,Zdr tqaisqntngg,,,Chase,3039,NEEDS_REVIEW,true,0.55,Accounting treatment: PERSON_TO_PERSON. Merchant extracted by source template outlier. Zelle detected; user review recommended. Retained in activity; not counted in Spending Summary.
15233,2024-01-17 10:29:22,234.24,USD,EXPENSE,EXPENSE,GOOGLE *FI J7QGFB on Jan 17,Subscriptions,General,Chase,3039,AUTO_PARSED,false,0.90,Accounting treatment: EXPENSE. Merchant extracted by action merchant. Suggested category: Subscriptions/General.
15234,2024-01-17 10:08:52,7182.50,USD,TRANSFER,TRANSFER,4:59 AM ET was more than the $1,,,Chase,3039,AUTO_PARSED,true,0.86,Accounting treatment: TRANSFER. Merchant extracted by generic at. Retained in activity; not counted in Spending Summary.
15235,2024-01-12 10:18:46,2889.64,USD,INCOME,INCOME,3:48 AM ET was more than the $1,,,Chase,3039,AUTO_PARSED,true,0.86,Accounting treatment: INCOME. Merchant extracted by generic at. Retained in activity; not counted in Spending Summary.
15236,2024-01-04 10:37:15,3843.00,USD,TRANSFER,TRANSFER,3:51 AM ET was more than the $1,,,Chase,3039,AUTO_PARSED,true,0.86,Accounting treatment: TRANSFER. Merchant extracted by generic at. Retained in activity; not counted in Spending Summary.
15237,2023-12-29 17:07:22,39.63,USD,PERSON_TO_PERSON,PERSON_TO_PERSON,Owcsuacyfgnpjag,,,Chase,3039,NEEDS_REVIEW,true,0.55,Accounting treatment: PERSON_TO_PERSON. Merchant extracted by source template outlier. Zelle detected; user review recommended. Retained in activity; not counted in Spending Summary.
15238,2023-12-29 10:46:13,2888.27,USD,INCOME,INCOME,3:52 AM ET was more than the $1,,,Chase,3039,AUTO_PARSED,true,0.86,Accounting treatment: INCOME. Merchant extracted by generic at. Retained in activity; not counted in Spending Summary.
15239,2023-12-29 10:10:19,2424.54,USD,TRANSFER,TRANSFER,3:52 AM ET was more than the $1,,,Chase,3039,AUTO_PARSED,true,0.86,Accounting treatment: TRANSFER. Merchant extracted by generic at. Retained in activity; not counted in Spending Summary.
15240,2023-12-22 11:33:34,200.00,USD,TRANSFER,TRANSFER,3:52 AM ET was more than the $1,,,Chase,3039,AUTO_PARSED,true,0.86,Accounting treatment: TRANSFER. Merchant extracted by generic at. Retained in activity; not counted in Spending Summary.
15241,2023-12-17 10:29:53,117.37,USD,EXPENSE,EXPENSE,GOOGLE *FI XW5XXM on Dec 17,Subscriptions,General,Chase,3039,AUTO_PARSED,false,0.90,Accounting treatment: EXPENSE. Merchant extracted by action merchant. Suggested category: Subscriptions/General.
15242,2023-12-15 16:58:54,174.72,USD,PERSON_TO_PERSON,PERSON_TO_PERSON,Kffxtqbqcvfqjwg,,,Chase,3039,NEEDS_REVIEW,true,0.55,Accounting treatment: PERSON_TO_PERSON. Merchant extracted by source template outlier. Zelle detected; user review recommended. Retained in activity; not counted in Spending Summary.
15243,2023-12-15 10:19:33,2888.27,USD,INCOME,INCOME,3:51 AM ET was more than the $1,,,Chase,3039,AUTO_PARSED,true,0.86,Accounting treatment: INCOME. Merchant extracted by generic at. Retained in activity; not counted in Spending Summary.
15244,2023-12-03 14:45:45,23.29,USD,PERSON_TO_PERSON,PERSON_TO_PERSON,Pzqagav bywg,,,Chase,3039,NEEDS_REVIEW,true,0.55,Accounting treatment: PERSON_TO_PERSON. Merchant extracted by source template outlier. Zelle detected; user review recommended. Retained in activity; not counted in Spending Summary.
15245,2023-12-02 15:44:48,17.81,USD,PERSON_TO_PERSON,PERSON_TO_PERSON,Gaark tqg,,,Chase,3039,NEEDS_REVIEW,true,0.55,Accounting treatment: PERSON_TO_PERSON. Merchant extracted by source template outlier. Zelle detected; user review recommended. Retained in activity; not counted in Spending Summary.
15246,2023-12-02 10:25:25,246.09,USD,EXPENSE,EXPENSE,BESTBUY,,,Chase,3039,AUTO_PARSED,false,0.86,Accounting treatment: EXPENSE. Merchant extracted by action merchant.
15247,2023-11-30 10:16:01,2888.27,USD,INCOME,INCOME,3:48 AM ET was more than the $1,,,Chase,3039,AUTO_PARSED,true,0.86,Accounting treatment: INCOME. Merchant extracted by generic at. Retained in activity; not counted in Spending Summary.
15248,2023-11-28 10:42:06,1039.07,USD,TRANSFER,TRANSFER,4:39 AM ET was more than the $1,,,Chase,3039,AUTO_PARSED,true,0.86,Accounting treatment: TRANSFER. Merchant extracted by generic at. Retained in activity; not counted in Spending Summary.
15249,2023-11-26 13:38:35,23.00,USD,PERSON_TO_PERSON,PERSON_TO_PERSON,Glidaaaanscbmag,,,Chase,3039,NEEDS_REVIEW,true,0.55,Accounting treatment: PERSON_TO_PERSON. Merchant extracted by source template outlier. Zelle detected; user review recommended. Retained in activity; not counted in Spending Summary.
15250,2023-11-25 10:49:28,110.97,USD,EXPENSE,EXPENSE,HOLIDAY INN EXPRESS on Nov 25,,,Chase,3039,AUTO_PARSED,false,0.86,Accounting treatment: EXPENSE. Merchant extracted by action merchant.
15251,2023-11-21 10:43:35,165.00,USD,EXPENSE,EXPENSE,WL *VUE*TESTING EXAM on Nov 20,,,Chase,3039,AUTO_PARSED,false,0.86,Accounting treatment: EXPENSE. Merchant extracted by action merchant.
15252,2023-11-20 11:35:17,39.99,USD,EXPENSE,EXPENSE,EXAMTOPICS FABULIVE on Nov 20,,,Chase,3039,AUTO_PARSED,false,0.86,Accounting treatment: EXPENSE. Merchant extracted by action merchant.
15253,2023-11-17 17:03:06,19.83,USD,PERSON_TO_PERSON,PERSON_TO_PERSON,Sou tabremjvnag,,,Chase,3039,NEEDS_REVIEW,true,0.55,Accounting treatment: PERSON_TO_PERSON. Merchant extracted by source template outlier. Zelle detected; user review recommended. Retained in activity; not counted in Spending Summary.
15254,2023-11-17 17:00:10,30.00,USD,PERSON_TO_PERSON,PERSON_TO_PERSON,Pkp gwboh zvxwg,,,Chase,3039,NEEDS_REVIEW,true,0.55,Accounting treatment: PERSON_TO_PERSON. Merchant extracted by source template outlier. Zelle detected; user review recommended. Retained in activity; not counted in Spending Summary.
15255,2023-11-17 10:39:34,132.84,USD,EXPENSE,EXPENSE,GOOGLE *FI MF86D3 on Nov 17,Subscriptions,General,Chase,3039,AUTO_PARSED,false,0.90,Accounting treatment: EXPENSE. Merchant extracted by action merchant. Suggested category: Subscriptions/General.
15256,2023-11-15 10:17:02,2888.27,USD,INCOME,INCOME,3:51 AM ET was more than the $1,,,Chase,3039,AUTO_PARSED,true,0.86,Accounting treatment: INCOME. Merchant extracted by generic at. Retained in activity; not counted in Spending Summary.
15257,2023-11-05 15:10:57,17.00,USD,PERSON_TO_PERSON,PERSON_TO_PERSON,Fzmbfgcnd orugg,,,Chase,3039,NEEDS_REVIEW,true,0.55,Accounting treatment: PERSON_TO_PERSON. Merchant extracted by source template outlier. Zelle detected; user review recommended. Retained in activity; not counted in Spending Summary.
15258,2023-10-30 22:32:06,23.00,USD,PERSON_TO_PERSON,PERSON_TO_PERSON,Ghtkhwb ihfwaag,,,Chase,3039,NEEDS_REVIEW,true,0.55,Accounting treatment: PERSON_TO_PERSON. Merchant extracted by source template outlier. Zelle detected; user review recommended. Retained in activity; not counted in Spending Summary.
15259,2023-10-30 22:30:38,156.50,USD,PERSON_TO_PERSON,PERSON_TO_PERSON,Rgaobsj,,,Chase,3039,NEEDS_REVIEW,true,0.55,Accounting treatment: PERSON_TO_PERSON. Merchant extracted by source template outlier. Zelle detected; user review recommended. Retained in activity; not counted in Spending Summary.
15260,2023-10-29 19:23:51,34.00,USD,PERSON_TO_PERSON,PERSON_TO_PERSON,Ghtkhwbwuuma,,,Chase,3039,NEEDS_REVIEW,true,0.55,Accounting treatment: PERSON_TO_PERSON. Merchant extracted by source template outlier. Zelle detected; user review recommended. Retained in activity; not counted in Spending Summary.
15261,2023-10-28 21:59:29,13.99,USD,PERSON_TO_PERSON,PERSON_TO_PERSON,Ifwa gadaed xqg,,,Chase,3039,NEEDS_REVIEW,true,0.55,Accounting treatment: PERSON_TO_PERSON. Merchant extracted by source template outlier. Zelle detected; user review recommended. Retained in activity; not counted in Spending Summary.
15262,2023-10-27 17:42:08,25.00,USD,PERSON_TO_PERSON,PERSON_TO_PERSON,Ghtkhwambsy hag,,,Chase,3039,NEEDS_REVIEW,true,0.55,Accounting treatment: PERSON_TO_PERSON. Merchant extracted by source template outlier. Zelle detected; user review recommended. Retained in activity; not counted in Spending Summary.
15263,2023-10-13 20:41:13,2.82,USD,PERSON_TO_PERSON,PERSON_TO_PERSON,Rqzooaa igg,,,Chase,3039,NEEDS_REVIEW,true,0.55,Accounting treatment: PERSON_TO_PERSON. Merchant extracted by source template outlier. Zelle detected; user review recommended. Retained in activity; not counted in Spending Summary.
15264,2023-10-13 20:14:15,15.02,USD,PERSON_TO_PERSON,PERSON_TO_PERSON,Wfchsaak fqjsag,,,Chase,3039,NEEDS_REVIEW,true,0.55,Accounting treatment: PERSON_TO_PERSON. Merchant extracted by source template outlier. Zelle detected; user review recommended. Retained in activity; not counted in Spending Summary.
15265,2023-10-07 20:22:42,2.66,USD,PERSON_TO_PERSON,PERSON_TO_PERSON,Viwbbtdhfhqg,,,Chase,3039,NEEDS_REVIEW,true,0.55,Accounting treatment: PERSON_TO_PERSON. Merchant extracted by source template outlier. Zelle detected; user review recommended. Retained in activity; not counted in Spending Summary.
15266,2023-10-07 20:21:01,18.80,USD,PERSON_TO_PERSON,PERSON_TO_PERSON,Bzoq qcbt,,,Chase,3039,NEEDS_REVIEW,true,0.55,Accounting treatment: PERSON_TO_PERSON. Merchant extracted by source template outlier. Zelle detected; user review recommended. Retained in activity; not counted in Spending Summary.
15267,2023-10-06 20:20:50,3000.00,USD,PERSON_TO_PERSON,PERSON_TO_PERSON,Xaqbso pgaag,,,Chase,3039,NEEDS_REVIEW,true,0.55,Accounting treatment: PERSON_TO_PERSON. Merchant extracted by source template outlier. Zelle detected; user review recommended. Retained in activity; not counted in Spending Summary.
15268,2023-10-05 15:05:52,3000.00,USD,PERSON_TO_PERSON,PERSON_TO_PERSON,Tghi qbmthcarwg,,,Chase,3039,NEEDS_REVIEW,true,0.55,Accounting treatment: PERSON_TO_PERSON. Merchant extracted by source template outlier. Zelle detected; user review recommended. Retained in activity; not counted in Spending Summary.
15269,2023-10-02 21:09:34,25.00,USD,PERSON_TO_PERSON,PERSON_TO_PERSON,Viwadthngegg,,,Chase,3039,NEEDS_REVIEW,true,0.55,Accounting treatment: PERSON_TO_PERSON. Merchant extracted by source template outlier. Zelle detected; user review recommended. Retained in activity; not counted in Spending Summary.
15270,2023-09-30 20:27:14,17.93,USD,PERSON_TO_PERSON,PERSON_TO_PERSON,Miujrqcaraw cgg,,,Chase,3039,NEEDS_REVIEW,true,0.55,Accounting treatment: PERSON_TO_PERSON. Merchant extracted by source template outlier. Zelle detected; user review recommended. Retained in activity; not counted in Spending Summary.
15271,2023-09-30 20:22:12,30.12,USD,PERSON_TO_PERSON,PERSON_TO_PERSON,Zak vacavfrjjag,,,Chase,3039,NEEDS_REVIEW,true,0.55,Accounting treatment: PERSON_TO_PERSON. Merchant extracted by source template outlier. Zelle detected; user review recommended. Retained in activity; not counted in Spending Summary.
15272,2023-09-30 20:19:58,21.79,USD,PERSON_TO_PERSON,PERSON_TO_PERSON,Qgadk eidgg,,,Chase,3039,NEEDS_REVIEW,true,0.55,Accounting treatment: PERSON_TO_PERSON. Merchant extracted by source template outlier. Zelle detected; user review recommended. Retained in activity; not counted in Spending Summary.
15273,2023-09-30 13:57:35,8.32,USD,PERSON_TO_PERSON,PERSON_TO_PERSON,Wmk rwabvcne,,,Chase,3039,NEEDS_REVIEW,true,0.55,Accounting treatment: PERSON_TO_PERSON. Merchant extracted by source template outlier. Zelle detected; user review recommended. Retained in activity; not counted in Spending Summary.
15274,2023-09-24 20:48:12,17.92,USD,PERSON_TO_PERSON,PERSON_TO_PERSON,Gmdgcto cigg,,,Chase,3039,NEEDS_REVIEW,true,0.55,Accounting treatment: PERSON_TO_PERSON. Merchant extracted by source template outlier. Zelle detected; user review recommended. Retained in activity; not counted in Spending Summary.
15275,2023-09-24 20:46:34,32.92,USD,PERSON_TO_PERSON,PERSON_TO_PERSON,Kwnqaaifjl,,,Chase,3039,NEEDS_REVIEW,true,0.55,Accounting treatment: PERSON_TO_PERSON. Merchant extracted by source template outlier. Zelle detected; user review recommended. Retained in activity; not counted in Spending Summary.
15276,2023-09-16 20:17:49,16.58,USD,PERSON_TO_PERSON,PERSON_TO_PERSON,Imran wswyuwb qyn,,,Chase,3039,NEEDS_REVIEW,true,0.55,Accounting treatment: PERSON_TO_PERSON. Merchant extracted by source template outlier. Zelle detected; user review recommended. Retained in activity; not counted in Spending Summary.
15277,2023-09-07 15:57:00,14.78,USD,PERSON_TO_PERSON,PERSON_TO_PERSON,,,,Chase,3039,NEEDS_REVIEW,true,0.55,Accounting treatment: PERSON_TO_PERSON. Zelle detected; user review recommended. Retained in activity; not counted in Spending Summary. Merchant/payee not confidently extracted.
15278,2023-08-16 08:58:13,1.00,USD,PERSON_TO_PERSON,PERSON_TO_PERSON,,,,Chase,3039,NEEDS_REVIEW,true,0.55,Accounting treatment: PERSON_TO_PERSON. Zelle detected; user review recommended. Retained in activity; not counted in Spending Summary. Merchant/payee not confidently extracted.
15279,2023-08-16 08:58:08,10.99,USD,PERSON_TO_PERSON,PERSON_TO_PERSON,,,,Chase,3039,NEEDS_REVIEW,true,0.55,Accounting treatment: PERSON_TO_PERSON. Zelle detected; user review recommended. Retained in activity; not counted in Spending Summary. Merchant/payee not confidently extracted.
15280,2023-07-22 16:16:13,8.07,USD,PERSON_TO_PERSON,PERSON_TO_PERSON,,,,Chase,3039,NEEDS_REVIEW,true,0.55,Accounting treatment: PERSON_TO_PERSON. Zelle detected; user review recommended. Retained in activity; not counted in Spending Summary. Merchant/payee not confidently extracted.
15281,2023-07-15 20:21:49,5.27,USD,PERSON_TO_PERSON,PERSON_TO_PERSON,,,,Chase,3039,NEEDS_REVIEW,true,0.55,Accounting treatment: PERSON_TO_PERSON. Zelle detected; user review recommended. Retained in activity; not counted in Spending Summary. Merchant/payee not confidently extracted.
15282,2023-02-24 07:06:51,1200.00,USD,PERSON_TO_PERSON,PERSON_TO_PERSON,Malik,,,Chase,3039,NEEDS_REVIEW,true,0.55,Accounting treatment: PERSON_TO_PERSON. Merchant extracted by source template outlier. Zelle detected; user review recommended. Retained in activity; not counted in Spending Summary.
15283,2023-02-19 17:28:06,21.67,USD,PERSON_TO_PERSON,PERSON_TO_PERSON,,,,Chase,3039,NEEDS_REVIEW,true,0.55,Accounting treatment: PERSON_TO_PERSON. Zelle detected; user review recommended. Retained in activity; not counted in Spending Summary. Merchant/payee not confidently extracted.
15284,2023-02-07 18:53:19,8.26,USD,PERSON_TO_PERSON,PERSON_TO_PERSON,,,,Chase,3039,NEEDS_REVIEW,true,0.55,Accounting treatment: PERSON_TO_PERSON. Zelle detected; user review recommended. Retained in activity; not counted in Spending Summary. Merchant/payee not confidently extracted.
15285,2023-01-20 16:56:01,8.57,USD,PERSON_TO_PERSON,PERSON_TO_PERSON,,,,Chase,3039,NEEDS_REVIEW,true,0.55,Accounting treatment: PERSON_TO_PERSON. Zelle detected; user review recommended. Retained in activity; not counted in Spending Summary. Merchant/payee not confidently extracted.
15286,2023-01-20 16:43:01,5.00,USD,PERSON_TO_PERSON,PERSON_TO_PERSON,,,,Chase,3039,NEEDS_REVIEW,true,0.55,Accounting treatment: PERSON_TO_PERSON. Zelle detected; user review recommended. Retained in activity; not counted in Spending Summary. Merchant/payee not confidently extracted.
15287,2023-01-16 21:10:57,8.07,USD,PERSON_TO_PERSON,PERSON_TO_PERSON,Ashwaq,,,Chase,3039,NEEDS_REVIEW,true,0.55,Accounting treatment: PERSON_TO_PERSON. Merchant extracted by source template outlier. Zelle detected; user review recommended. Retained in activity; not counted in Spending Summary.
15288,2023-01-03 12:31:05,6.00,USD,PERSON_TO_PERSON,PERSON_TO_PERSON,,,,Chase,3039,NEEDS_REVIEW,true,0.55,Accounting treatment: PERSON_TO_PERSON. Zelle detected; user review recommended. Retained in activity; not counted in Spending Summary. Merchant/payee not confidently extracted.
15289,2023-01-01 18:30:21,8.84,USD,PERSON_TO_PERSON,PERSON_TO_PERSON,,,,Chase,3039,NEEDS_REVIEW,true,0.55,Accounting treatment: PERSON_TO_PERSON. Zelle detected; user review recommended. Retained in activity; not counted in Spending Summary. Merchant/payee not confidently extracted.
15290,2023-01-01 18:05:58,6.00,USD,PERSON_TO_PERSON,PERSON_TO_PERSON,Parray,,,Chase,3039,NEEDS_REVIEW,true,0.55,Accounting treatment: PERSON_TO_PERSON. Merchant extracted by source template outlier. Zelle detected; user review recommended. Retained in activity; not counted in Spending Summary.
15291,2022-12-30 23:17:23,12.00,USD,PERSON_TO_PERSON,PERSON_TO_PERSON,Adnan sirjis,,,Chase,3039,NEEDS_REVIEW,true,0.55,Accounting treatment: PERSON_TO_PERSON. Merchant extracted by source template outlier. Zelle detected; user review recommended. Retained in activity; not counted in Spending Summary.
15292,2022-12-30 22:19:33,12.00,USD,PERSON_TO_PERSON,PERSON_TO_PERSON,Dasthageer,,,Chase,3039,NEEDS_REVIEW,true,0.55,Accounting treatment: PERSON_TO_PERSON. Merchant extracted by source template outlier. Zelle detected; user review recommended. Retained in activity; not counted in Spending Summary.
15293,2022-12-24 20:11:44,15.71,USD,PERSON_TO_PERSON,PERSON_TO_PERSON,,,,Chase,3039,NEEDS_REVIEW,true,0.55,Accounting treatment: PERSON_TO_PERSON. Zelle detected; user review recommended. Retained in activity; not counted in Spending Summary. Merchant/payee not confidently extracted.
15294,2022-12-11 20:34:21,11.83,USD,PERSON_TO_PERSON,PERSON_TO_PERSON,,,,Chase,3039,NEEDS_REVIEW,true,0.55,Accounting treatment: PERSON_TO_PERSON. Zelle detected; user review recommended. Retained in activity; not counted in Spending Summary. Merchant/payee not confidently extracted.
15295,2022-10-30 22:45:50,18.52,USD,PERSON_TO_PERSON,PERSON_TO_PERSON,,,,Chase,3039,NEEDS_REVIEW,true,0.55,Accounting treatment: PERSON_TO_PERSON. Zelle detected; user review recommended. Retained in activity; not counted in Spending Summary. Merchant/payee not confidently extracted.
15296,2022-10-14 18:47:05,2500.00,USD,PERSON_TO_PERSON,PERSON_TO_PERSON,,,,Chase,3039,NEEDS_REVIEW,true,0.55,Accounting treatment: PERSON_TO_PERSON. Zelle detected; user review recommended. Retained in activity; not counted in Spending Summary. Merchant/payee not confidently extracted.
